series;season;episode;episode_code;data_messa_in_onda;attempt_number;score;explanation;why_not_lower;why_not_higher
MEDICINA GENERALE;01;10;Medicina generaleS01E10;14/05/2008;1;+1;L'episodio si svolge principalmente in ambito ospedaliero, con una narrazione corale che affronta temi di lavoro, salute, famiglia e disagio sociale. La questione razziale emerge in modo secondario, legata alla presenza di due lavoratrici di una cooperativa esterna, una delle quali (Valentina) è rumena. La loro provenienza viene menzionata, ma non è oggetto di discriminazione esplicita. Valentina è presentata come infermiera diplomata, ma si trova costretta a fare pulizie per necessità lavorativa, e la sua condizione di lavoratrice migrante precaria viene esplicitata: lavora fino a 16 ore al giorno, riceve 6 euro l'ora, teme di perdere il permesso di soggiorno se licenziata, e ha paura di denunciare problemi di salute per non perdere il lavoro. I personaggi principali mostrano empatia verso di lei, si indignano per le condizioni di sfruttamento (“bastardi”), e si attivano per aiutarla (chiedono il nome della cooperativa per intervenire). Non ci sono battute razziste, né stereotipi etnici negativi, né distanza ironica o minimizzazione. La narrazione non approfondisce le cause sistemiche dello sfruttamento, né dà voce centrale a Valentina, ma riconosce il problema e lo tratta con rispetto. Il tono generale è di solidarietà e consapevolezza critica, ma non si arriva a una denuncia strutturale.;Non ci sono elementi di normalizzazione o minimizzazione del pregiudizio: la condizione di Valentina è trattata con serietà, i personaggi positivi la difendono e si indignano per lo sfruttamento. Nessuno fa battute razziste o stereotipate, e la sua etnia non è oggetto di scherno o marginalizzazione.;"L'episodio non offre una vera analisi strutturale del razzismo né una critica alle cause sistemiche dello sfruttamento dei migranti; Valentina non diventa voce centrale né agente di cambiamento, e la narrazione si limita a riconoscere il problema e a mostrare solidarietà. Non si arriva a un impegno critico (+2) perché manca una presa di posizione esplicita contro il sistema, né si propongono soluzioni concrete."
MEDICINA GENERALE;01;10;Medicina generaleS01E10;14/05/2008;2;+1;L'episodio è ambientato in un ospedale italiano contemporaneo, dove la diversità etnica è rappresentata in modo realistico ma marginale. Valentina, una giovane rumena, lavora come infermiera diplomata ma è costretta a svolgere mansioni di pulizia, evidenziando la precarietà e lo sfruttamento dei lavoratori migranti. Il suo disagio e la paura di perdere il lavoro per motivi di salute sono esplicitamente discussi, e i personaggi italiani mostrano empatia e indignazione per la sua condizione ('Bastardi', 'Ammalarsi è un diritto'). Tuttavia, la narrazione non approfondisce le cause sistemiche dello sfruttamento né dà voce centrale a Valentina: la sua storia è trattata come un problema individuale e non come questione sociale. Gli altri personaggi migranti sono quasi invisibili e non subiscono né contestano discriminazioni dirette, ma la loro presenza è trattata con rispetto e normalità. Non ci sono stereotipi etnici offensivi, né battute razziste, e quando si parla di cooperativa esterna si sottolinea la necessità di tutelare i diritti dei lavoratori. Il tono generale è di consapevolezza e rispetto, ma manca un vero impegno critico o una riflessione strutturale sul razzismo.;"Non ci sono stereotipi, battute o atteggiamenti discriminatori normalizzati; anzi, quando emergono situazioni di sfruttamento, i personaggi italiani le contestano apertamente e mostrano solidarietà. La presenza di personaggi migranti è dignitosa e rispettata, senza minimizzazione né normalizzazione del pregiudizio.";L'episodio non affronta il razzismo come problema sociale né analizza le cause strutturali della discriminazione. La voce di Valentina resta marginale e non viene data centralità alle esperienze dei migranti. Non c'è dibattito esplicito né crescita dei personaggi rispetto ai temi razziali, né soluzioni concrete proposte.
MEDICINA GENERALE;01;10;Medicina generaleS01E10;14/05/2008;3;+1;L'episodio si svolge in un contesto ospedaliero italiano contemporaneo e presenta alcuni personaggi di origine straniera (Valentina, rumena, e Olga) che lavorano come personale esterno tramite cooperativa. La questione del lavoro precario e delle condizioni difficili delle lavoratrici migranti viene esplicitata: Valentina si ammala ma teme di perdere il lavoro e il permesso di soggiorno, e si sottolinea che lavora 16 ore al giorno per 6 euro l'ora. Questi aspetti sono trattati con una certa consapevolezza critica: i personaggi principali (medici e infermieri italiani) non esprimono pregiudizi razziali, anzi mostrano empatia e indignazione per la condizione delle lavoratrici migranti. Viene anche suggerito che la direzione ospedaliera dovrebbe intervenire contro le cooperative che sfruttano i lavoratori. Tuttavia, la narrazione non va oltre la denuncia delle condizioni individuali e non affronta le cause sistemiche del razzismo o della discriminazione, né dà voce centrale ai personaggi migranti. Gli stereotipi non vengono riprodotti, ma la presenza delle lavoratrici straniere resta funzionale alla trama e non centrale. Nel complesso, l'episodio mostra consapevolezza e rispetto, ma non arriva a un vero impegno critico o trasformativo.;Non ci sono battute o atteggiamenti razzisti normalizzati, né stereotipi etnici riprodotti. I personaggi migranti non sono ridicolizzati o marginalizzati, e le loro difficoltà sono trattate con empatia. La narrazione non minimizza né normalizza il pregiudizio.;L'episodio non centra le voci marginalizzate né analizza le cause strutturali della discriminazione. Non c'è un vero dibattito esplicito sul razzismo come problema sociale, né una crescita dei personaggi rispetto ai pregiudizi. Le lavoratrici migranti restano figure secondarie e non vengono proposte soluzioni concrete per l'equità.
MEDICINA GENERALE;01;10;Medicina generaleS01E10;14/05/2008;4;+1;L'episodio presenta due personaggi femminili, Olga e Valentina, che lavorano in una cooperativa esterna e sono presumibilmente di origine straniera (Valentina viene esplicitamente chiamata 'la rumena'). La loro presenza è trattata con dignità: vengono presentate come professionali, una è anche infermiera diplomata. Tuttavia, emergono problematiche legate allo sfruttamento lavorativo e alla precarietà dei migranti: Valentina teme di perdere il lavoro e il permesso di soggiorno se si ammala, lavora 16 ore al giorno per 6 euro l'ora, e la narrazione esplicita che 'non è legale' ma 'così funziona'. Questi temi vengono affrontati con una certa consapevolezza critica: i personaggi italiani non esprimono mai ostilità razziale verso le due donne, anzi mostrano solidarietà e indignazione per le condizioni di lavoro ('bastardi', 'bisognerebbe minacciare la cooperativa'). Il tono generale è di rispetto e denuncia, anche se non c'è una vera analisi strutturale del razzismo, né le voci delle lavoratrici diventano centrali nella narrazione. Non ci sono stereotipi etnici, né battute razziste, né minimizzazione. Il razzismo viene riconosciuto come problema sociale, ma resta sullo sfondo rispetto ai temi sanitari e sindacali.;Non ci sono personaggi razzisti ritratti positivamente, né battute o stereotipi etnici normalizzati. Le problematiche dei migranti sono trattate con rispetto e indignazione, non con minimizzazione o normalizzazione.;"L'episodio non offre una vera analisi strutturale del razzismo né soluzioni concrete; le voci delle lavoratrici straniere non sono centrali e autorevoli, ma restano marginali. Il razzismo è riconosciuto e criticato, ma non affrontato in modo trasformativo."
MEDICINA GENERALE;01;10;Medicina generaleS01E10;14/05/2008;5;+1;L'episodio introduce due nuove lavoratrici di una cooperativa, Olga e Valentina, presumibilmente straniere (Valentina è rumena). La loro presenza viene trattata con rispetto dalla narrazione principale: sono presentate come professionali, una di loro è infermiera diplomata. Alcuni personaggi esprimono perplessità o fanno domande (es. 'Diplomata? E fai pulizie?'), ma non vi sono battute o commenti apertamente razzisti, né stereotipi etnici. Quando Valentina sviene e si scopre la sua condizione lavorativa precaria (16 ore al giorno, 6 euro l'ora, paura di perdere il permesso di soggiorno), la narrazione mostra empatia e denuncia la situazione di sfruttamento, evidenziando la difficoltà di far valere i propri diritti. I personaggi positivi (medici e infermieri storici) si schierano dalla sua parte e si attivano per aiutarla, mostrando consapevolezza delle ingiustizie subite dai lavoratori migranti. Non c'è una vera analisi strutturale del razzismo, ma c'è una chiara presa di posizione contro lo sfruttamento e una rappresentazione dignitosa e solidale.;Non ci sono stereotipi etnici, battute razziste o normalizzazione del pregiudizio. Le lavoratrici straniere non sono ridotte a cliché, e la narrazione non minimizza né giustifica le difficoltà che affrontano. Anzi, il disagio e lo sfruttamento vengono esplicitamente denunciati.;L'episodio non offre un vero dibattito esplicito sul razzismo, né una critica alle strutture di potere o soluzioni concrete per l'equità. La questione viene trattata più come sfruttamento lavorativo che come discriminazione razziale sistemica. Le voci marginalizzate sono presenti ma non centrali o autorevoli nella narrazione.
MEDICINA GENERALE;01;10;Medicina generaleS01E10;14/05/2008;6;+1;"L'episodio presenta una rappresentazione della diversità etnica attraverso la presenza di Valentina, infermiera rumena, e Olga, entrambe impiegate tramite una cooperativa esterna. Il tema del lavoro precario e delle condizioni difficili delle lavoratrici straniere viene esplicitamente affrontato: Valentina si ammala, teme di perdere il lavoro e il permesso di soggiorno, e si fa riferimento alle pratiche scorrette delle cooperative. I personaggi principali mostrano empatia e solidarietà (""Bastardi"" riferito ai datori di lavoro, aiuto concreto, discussione sulla legalità e sui diritti), e la narrazione non indulge in stereotipi etnici né in battute razziste. Il disagio e la precarietà sono trattati con consapevolezza, ma non si arriva a una critica strutturale del razzismo: il focus resta sulle condizioni lavorative e sulla solidarietà individuale. Non ci sono personaggi positivi che esprimano pregiudizi razziali, né la narrazione normalizza il pregiudizio. Il tono generale è rispettoso e consapevole, ma manca un impegno esplicito verso la denuncia sistemica.";Non ci sono stereotipi etnici, battute razziste o normalizzazione del pregiudizio. La narrazione non tratta la presenza delle lavoratrici straniere come 'normale' senza consapevolezza, né le riduce a cliché. I personaggi positivi mostrano rispetto e solidarietà, e il disagio viene contestualizzato come problema sociale, non come colpa individuale.;L'episodio non offre una critica strutturale alle cause sistemiche del razzismo, né mette al centro le voci marginalizzate in modo trasformativo. Il razzismo è presente come sfondo nella precarietà lavorativa, ma non viene analizzato in profondità né proposte soluzioni concrete per l'equità. L'impegno critico si ferma al riconoscimento e alla solidarietà, senza un vero dibattito o crescita collettiva sui temi razziali.
MEDICINA GENERALE;01;10;Medicina generaleS01E10;14/05/2008;7;+1;"L'episodio presenta una rappresentazione della diversità etnica (es. Valentina, rumena, infermiera diplomata) e delle condizioni lavorative dei migranti, con dialoghi che evidenziano sfruttamento, precarietà e paura di perdere il permesso di soggiorno. I personaggi italiani non mostrano ostilità razziale esplicita, ma alcuni commenti (""Diplomata? E fai pulizie?"") riflettono stereotipi sulla condizione degli stranieri. Tuttavia, questi stereotipi vengono contestati o problematizzati: si denuncia lo sfruttamento (""6 euro all'ora. Bastardi.""), si cerca di tutelare la lavoratrice (""Abbiamo sistemato le cose con la cooperativa""), e la narrazione mostra empatia verso la sua situazione. La presenza di personaggi migranti è dignitosa, non ridotta a caricatura, e le difficoltà sono trattate con una certa consapevolezza sociale. Non c'è un dibattito strutturale sulle cause del razzismo, né le voci marginalizzate sono centrali, ma la narrazione si posiziona criticamente rispetto agli stereotipi e alle ingiustizie.";Non assegno un punteggio più basso perché gli atteggiamenti problematici sono contestati sia dai personaggi che dalla narrazione. Non c'è normalizzazione del pregiudizio: la condizione di Valentina è oggetto di solidarietà e intervento, non di scherno o esclusione. I personaggi positivi mostrano rispetto e si impegnano per risolvere le ingiustizie.;Non assegno +2 o +3 perché il razzismo non viene affrontato come problema sociale centrale: manca un dibattito esplicito, la critica alle strutture di potere è solo accennata, e le voci dei migranti non sono protagoniste né portatrici di soluzioni. La consapevolezza è presente, ma non si arriva a un impegno critico o a una trasformazione narrativa.
MEDICINA GENERALE;01;10;Medicina generaleS01E10;14/05/2008;8;+1;L'episodio presenta due personaggi femminili (Olga e Valentina) provenienti da una cooperativa esterna, con Valentina esplicitamente identificata come rumena. La loro presenza è trattata con rispetto dalla maggior parte del personale, che ne riconosce la professionalità e le integra nel lavoro. Tuttavia, emergono alcune battute e pregiudizi, come la sorpresa che una diplomata faccia le pulizie, e la discussione sulle condizioni di lavoro delle cooperative, che evidenzia lo sfruttamento e la precarietà dei migranti. La narrazione mostra consapevolezza dei problemi sociali (permesso di soggiorno, paura di perdere il lavoro, sfruttamento), ma non li approfondisce in modo strutturale. I personaggi positivi esprimono rispetto e solidarietà (ad esempio, si cerca di aiutare Valentina con l’allergia e di sistemare la situazione con la cooperativa), mentre le battute stereotipate sono contestate o inserite in un contesto critico. Non c’è una vera analisi sistemica del razzismo, ma la rappresentazione è consapevole e rispettosa, con momenti di solidarietà e critica alle condizioni lavorative.;Non assegno un punteggio più basso perché i personaggi migranti non sono ridotti a stereotipi, né subiscono discriminazioni normalizzate o minimizzate. I commenti problematici sono contestati o inseriti in un contesto di critica sociale. La narrazione mostra empatia e rispetto, evitando la normalizzazione del pregiudizio.;Non assegno +2 o +3 perché l’episodio non affronta il razzismo come problema sociale centrale, né propone soluzioni concrete o un’analisi strutturale delle cause. Le voci marginalizzate non sono centrali nella narrazione e la critica alle strutture di potere è solo accennata, non sviluppata.
MEDICINA GENERALE;01;10;Medicina generaleS01E10;14/05/2008;9;+1;L'episodio introduce due nuove lavoratrici di una cooperativa, tra cui Valentina, una donna rumena, e affronta la loro presenza con un tono generalmente neutro o rispettoso. Non ci sono battute o commenti razzisti, né stereotipi etnici marcati. Quando Valentina sviene per problemi di salute legati al lavoro, la narrazione mostra empatia verso la sua condizione di lavoratrice migrante sfruttata (16 ore al giorno, 6 euro l'ora, paura di perdere il permesso di soggiorno). I personaggi principali reagiscono con indignazione verso lo sfruttamento e si attivano per aiutarla, mostrando consapevolezza delle difficoltà dei migranti. Tuttavia, la questione razziale/etnica rimane sullo sfondo, trattata più come tema di diritti del lavoro che come questione di razzismo strutturale. Il tono è consapevole e rispettoso, ma manca una vera analisi sistemica o un approfondimento sulle cause sociali della discriminazione.;Non ci sono elementi di normalizzazione del pregiudizio o minimizzazione: nessun personaggio fa battute o commenti razzisti, e la presenza delle lavoratrici straniere è trattata con rispetto. Quando emergono problemi, la narrazione li condanna e i personaggi reagiscono in modo solidale.;L'episodio non si spinge fino a una critica strutturale del razzismo o a un vero impegno trasformativo. Le voci delle lavoratrici migranti sono presenti ma non centrali o autorevoli, e la questione viene affrontata più come problema di sfruttamento lavorativo che come discriminazione razziale sistemica.
MEDICINA GENERALE;01;10;Medicina generaleS01E10;14/05/2008;10;+1;L'episodio presenta la presenza di due donne rumene (Olga e Valentina) che lavorano in una cooperativa esterna, una delle quali è anche infermiera diplomata. La loro professionalità viene riconosciuta e rispettata da alcuni personaggi, ma emergono anche elementi di disagio e sfruttamento lavorativo (Valentina lavora 16 ore al giorno per 6 euro l'ora, teme di perdere il permesso di soggiorno se si ammala). Il tema dello sfruttamento dei migranti viene affrontato con una certa consapevolezza critica: i personaggi principali non esprimono mai pregiudizi razziali, anzi mostrano empatia e solidarietà. Il dialogo esplicito sulle condizioni di lavoro di Valentina è trattato come ingiusto ('bastardi'), e si cerca una soluzione interna per tutelarla. Tuttavia, la narrazione non approfondisce le cause sistemiche del razzismo né dà voce centrale alle donne migranti, che restano figure secondarie. Non ci sono stereotipi etnici né battute razziste, e la diversità è trattata con rispetto, ma senza un vero impegno trasformativo.;Non ci sono battute, stereotipi o atteggiamenti razzisti. I personaggi non normalizzano il pregiudizio, anzi lo contestano e cercano di aiutare Valentina. La sua condizione di migrante è trattata con empatia e senso critico, non come qualcosa di marginale o ridicolizzato.;L'episodio non offre una critica strutturale al razzismo né mette le voci marginalizzate al centro della narrazione. Le cause sistemiche dello sfruttamento sono solo accennate e non analizzate in profondità. Le protagoniste migranti non sono al centro della trama e non vengono proposte soluzioni concrete per l'equità, quindi manca l'inquadramento trasformativo (+3) o l'impegno critico esplicito (+2).
LA LINEA VERTICALE;01;01;La linea verticaleS01E01;06/01/2018;1;N/A;L'episodio, dai sottotitoli forniti, non presenta alcun riferimento diretto o indiretto a razza, etnia, migranti, rom o italiani di seconda generazione. I dialoghi e le situazioni si concentrano esclusivamente su temi di malattia, ospedale, rapporti familiari e professionali, senza mai toccare questioni di diversità etnica o razziale.;Non sono presenti elementi discriminatori, stereotipi o battute a sfondo razziale che giustificherebbero un punteggio negativo.;Non ci sono nemmeno elementi di riconoscimento, critica o analisi della diversità etnica o del razzismo, quindi non è applicabile alcun punteggio positivo.
LA LINEA VERTICALE;01;01;La linea verticaleS01E01;06/01/2018;2;+1;L'episodio presenta una varietà di personaggi, tra cui Ahmed (presumibilmente di origine straniera) e Felicia, una donna filippina. Entrambi sono inseriti nel contesto ospedaliero senza essere ridotti a semplici stereotipi etnici. Ahmed ironizza sul fatto che tutti lo considerano un migrante, ma afferma la sua identità professionale e sociale ('ho la partita IVA, odio il fisico come voi, amici nella Roma bene'), mostrando consapevolezza e autonomia. Felicia scherza sul fatto che, essendo filippina, viene chiamata 'Filippa', ma lo fa con autoironia e lucidità, evidenziando la superficialità degli italiani nel trattare le differenze senza però subire umiliazione o marginalizzazione. Il tono generale è rispettoso: i personaggi positivi non esprimono pregiudizi, e la narrazione sottolinea che in ospedale 'i pazienti sono tutti uguali', negando la rilevanza di classe, etnia, religione. Non c'è un dibattito esplicito sul razzismo, ma c'è consapevolezza critica e ironia sugli stereotipi, senza normalizzazione o minimizzazione del pregiudizio.;Non ci sono personaggi razzisti ritratti positivamente, né stereotipi dannosi presentati come normali o accettabili. Le battute sugli stereotipi sono gestite con ironia e consapevolezza, non con superficialità o complicità. Nessun personaggio subisce discriminazione o esclusione a causa della propria etnia.;L'episodio non affronta il razzismo come problema sociale né propone una critica strutturale alle cause sistemiche della discriminazione. Le voci marginalizzate sono presenti e dignitose, ma non sono centrali o autorevoli nella narrazione. Non c'è un impegno attivo nel dibattito né una proposta di soluzioni concrete per l'equità.
LA LINEA VERTICALE;01;01;La linea verticaleS01E01;06/01/2018;3;N/A;L'episodio, basato sui sottotitoli forniti, non presenta alcun riferimento diretto o indiretto a razza, etnia, migranti, rom, italiani di seconda generazione, né stereotipi o dinamiche razziali. I personaggi sono descritti principalmente in relazione alla loro condizione di pazienti, personale medico o familiari, senza mai evocare questioni di discriminazione razziale o etnica. L'unico accenno potenzialmente rilevante è la battuta della personaggia filippina ('Filippa'), che però viene gestita con autoironia e non si sviluppa in una dinamica di pregiudizio o discriminazione.;"Non ci sono elementi di discriminazione, stereotipi o normalizzazione del pregiudizio razziale; nessun personaggio esprime idee razziste o subisce discriminazioni etniche.";Non ci sono nemmeno elementi di consapevolezza, impegno critico o analisi strutturale del razzismo, perché il tema semplicemente non è presente nell'episodio.
LA LINEA VERTICALE;01;01;La linea verticaleS01E01;06/01/2018;4;N/A;Nell'episodio, non ci sono riferimenti espliciti o impliciti a razza, etnia, migranti, rom, o italiani di seconda generazione. I personaggi sono presentati principalmente attraverso il loro ruolo sociale (pazienti, medici, infermieri) e le loro condizioni personali, senza alcuna attenzione alla dimensione etnica o razziale. L'unico accenno potenzialmente rilevante è la battuta della personaggio filippina ('Filippa'), che però viene usata per ironizzare sulla semplificazione dei nomi stranieri in Italia, ma non si sviluppa in alcun discorso o dinamica razziale. Non ci sono stereotipi, discriminazioni, né contestazioni o riconoscimenti di questioni razziali.;Il punteggio non è più basso perché non ci sono elementi di discriminazione, stereotipi o normalizzazione del pregiudizio razziale.;"Il punteggio non è più alto perché non viene affrontato il tema del razzismo, né in modo critico né trasformativo; la questione razziale è semplicemente assente."
LA LINEA VERTICALE;01;01;La linea verticaleS01E01;06/01/2018;5;0;L'episodio presenta alcuni personaggi di origine straniera (Ahmed, Felicia/Filippa) che hanno brevi momenti di autoironia sugli stereotipi (ad esempio la battuta sul nome Filippa/Filippina e il commento di Ahmed sulla percezione dei migranti). Tuttavia, questi momenti sono trattati in modo leggero, senza approfondimento né contestazione esplicita dei pregiudizi. I personaggi non sono ridotti a semplici cliché, ma non vengono nemmeno sviluppati a sufficienza per superare la loro funzione di 'diversità di contorno'. Non ci sono battute razziste o atteggiamenti discriminatori da parte dei protagonisti, ma nemmeno un reale impegno critico o una messa in discussione degli stereotipi. Il tono generale è neutro: la diversità è presente, ma non tematizzata né problematizzata.;"Non ci sono stereotipi etnici riprodotti in modo offensivo o normalizzazione del pregiudizio; i personaggi stranieri non sono oggetto di scherno o discriminazione, né la narrazione li riduce a meri cliché. Nessun personaggio esprime commenti razzisti, e non si percepisce una convalida attiva di idee discriminatorie.";Non c'è alcun impegno critico, né un riconoscimento consapevole degli stereotipi: i momenti di autoironia non sono sufficienti per attribuire un punteggio positivo, mancando sia la contestazione attiva dei pregiudizi sia una riflessione strutturale sul razzismo. I personaggi stranieri restano marginali e la questione razziale non viene affrontata come problema sociale.
LA LINEA VERTICALE;01;01;La linea verticaleS01E01;06/01/2018;6;N/A;Nell'episodio, non ci sono riferimenti diretti o indiretti a razza, etnia, migranti, rom, o italiani di seconda generazione. I personaggi che parlano di sé o degli altri lo fanno in termini di ruolo sociale, professionale, o personale, senza mai evocare questioni razziali o etniche. L'unica battuta che potrebbe sembrare un riferimento è quella della personaggio filippina ('Filippa'), ma viene usata per ironizzare sulla facilità con cui si fanno associazioni superficiali in Italia, senza però sviluppare alcun discorso razziale o stereotipato. Il contesto rimane sempre quello ospedaliero, con focus su malattia, rapporti umani e dinamiche di cura.;Non ci sono elementi di discriminazione, stereotipi etnici, né normalizzazione di pregiudizi razziali. Nessun personaggio viene trattato in modo diverso per motivi etnici o razziali.;Non ci sono nemmeno elementi di riconoscimento consapevole, impegno critico o analisi strutturale del razzismo, perché il tema non viene mai affrontato. L'episodio si concentra esclusivamente su altri aspetti della vita e della società.
LA LINEA VERTICALE;01;01;La linea verticaleS01E01;06/01/2018;7;N/A;Nell'episodio, non ci sono riferimenti espliciti o impliciti a razza, etnia o questioni razziali. I personaggi, anche quelli con nomi o accenti che potrebbero suggerire origini straniere (es. Ahmed, Felicia/Filippa), sono trattati come individui senza che la loro etnia venga tematizzata o stereotipata. Non emergono battute, commenti o situazioni che possano essere lette come rappresentazioni del razzismo, né in senso positivo né negativo.;"Non ci sono elementi discriminatori o stereotipi etnici; l'assenza totale di riferimenti rende impossibile assegnare un punteggio negativo.";"Non vengono affrontati temi di razzismo o diversità etnica; quindi non è possibile valutare un impegno positivo o trasformativo su questi temi."
LA LINEA VERTICALE;01;01;La linea verticaleS01E01;06/01/2018;8;N/A;Nell'episodio non sono presenti riferimenti espliciti o impliciti a razza, etnia, migrazione o questioni razziali. I personaggi interagiscono tra loro senza che la provenienza etnica o la diversità siano mai tematizzate, né in senso positivo né negativo. L'unico accenno potenzialmente collegabile è la battuta della paziente filippina sul suo nome ('Filippa'), che però viene trattata come autoironia sulla facilità con cui si fanno errori di pronuncia in Italia, senza alcuna valenza discriminatoria o stereotipata. Non emergono stereotipi, pregiudizi, né discussioni su razzismo o inclusione.;Non ci sono elementi discriminatori, stereotipi o normalizzazione di pregiudizi che giustificherebbero un punteggio negativo.;Non ci sono nemmeno elementi di riconoscimento consapevole, impegno critico o analisi strutturale della questione razziale che giustificherebbero un punteggio positivo.
LA LINEA VERTICALE;01;01;La linea verticaleS01E01;06/01/2018;9;+1;"L'episodio presenta personaggi di diverse origini (Ahmed, Felicia/Filippa) che sono integrati nel contesto ospedaliero e hanno ruoli e battute che vanno oltre la loro etnia. Gli unici riferimenti espliciti all'etnia sono trattati con consapevolezza ironica e autocritica (Felicia che anticipa il soprannome 'Filippa' per la sua origine filippina, Ahmed che ironizza sul pregiudizio di essere migrante pur avendo la partita IVA e amici nella 'Roma bene'). Non ci sono stereotipi dannosi né battute razziste incontestate; anzi, i personaggi minoritari sono rappresentati come parte della comunità ospedaliera e mostrano autoironia e agency. Il tono generale è rispettoso e consapevole, con una sottolineatura dell'uguaglianza dei pazienti ('In ospedale i pazienti sono tutti uguali'). Tuttavia, la narrazione non si spinge verso una critica strutturale del razzismo né affronta il tema come problema sociale centrale.";Non ci sono stereotipi dannosi, battute razziste normalizzate o personaggi minoritari ridotti a cliché. I riferimenti all'etnia sono consapevoli e ironici, non offensivi o minimizzanti.;"L'episodio non affronta il razzismo come problema sociale, né analizza le sue cause sistemiche. Le voci marginalizzate non sono centrali nella narrazione e non si propone una soluzione concreta; la questione razziale rimane sullo sfondo, trattata con rispetto ma senza impegno critico o trasformativo."
LA LINEA VERTICALE;01;01;La linea verticaleS01E01;06/01/2018;10;0;L'episodio presenta alcuni personaggi di origine straniera (es. Ahmed, Felicia la filippina) ma il tema razziale non è centrale né problematizzato. I riferimenti etnici sono pochi e, quando emergono (come la battuta di Felicia sulla facilità con cui viene chiamata 'Filippa'), sono gestiti con una certa autoironia e consapevolezza, senza però sviluppare un discorso critico o approfondito sul razzismo. Non ci sono stereotipi marcati né battute offensive, ma neanche un vero impegno a tematizzare la questione. La narrazione si concentra sull'universalità dell'esperienza ospedaliera, sottolineando che 'in ospedale i pazienti sono tutti uguali', senza però esplorare se e come le differenze etniche possano influire sull'esperienza. Gli elementi progressisti (autoironia, assenza di discriminazione aperta) e quelli più superficiali (assenza di approfondimento, personaggi secondari definiti anche dall'etnia) si bilanciano.;Non ci sono stereotipi dannosi, né normalizzazione del pregiudizio o battute razziste incontestate. I personaggi stranieri non sono ridicolizzati né ridotti a cliché, e la loro presenza non è trattata in modo negativo.;L'episodio non mostra un riconoscimento consapevole degli stereotipi, né un impegno critico o trasformativo sul tema del razzismo. I pochi riferimenti etnici non sono occasione di dibattito o crescita, e la questione razziale rimane marginale e non tematizzata.
MEDICINA GENERALE;02;08;Medicina generaleS02E08;23/12/2009;1;N/A;Nell'episodio, sulla base dei sottotitoli forniti, non ci sono riferimenti espliciti o impliciti a razza, etnia, migranti, rom, italiani di seconda generazione, né vengono trattati temi o situazioni legati al razzismo. I dialoghi ruotano attorno a dinamiche familiari, relazioni personali, questioni mediche e interazioni tra pazienti e personale sanitario, senza alcun accenno a questioni di discriminazione razziale o etnica.;Non ci sono elementi di discriminazione o stereotipi razziali, quindi non è possibile assegnare un punteggio negativo.;L'assenza totale di riferimenti a razza o etnia impedisce di valutare l'episodio secondo i criteri di rappresentazione positiva o trasformativa del razzismo.
MEDICINA GENERALE;02;08;Medicina generaleS02E08;23/12/2009;2;0;"L'episodio presenta una varietà di personaggi e situazioni, tra cui almeno un personaggio di nome Samad che, dal contesto, sembra essere di origine straniera (probabilmente nordafricana). La questione razziale emerge solo marginalmente, in particolare attraverso battute e riferimenti al 'marabutto africano' e alla 'fattura', che vengono trattati in modo ironico e folkloristico, ma senza una vera distanza critica. Tuttavia, Samad non è mai oggetto di discriminazione esplicita né di esclusione; la sua condizione clinica è affrontata con professionalità e rispetto. I personaggi principali non mostrano né sostegno né contestazione attiva verso stereotipi: le battute sul marabutto sono accettate come parte del dialogo, ma non diventano né morale né condanna. Non ci sono stereotipi etnici forti né una narrazione che normalizzi il pregiudizio, ma nemmeno un impegno critico o una consapevolezza strutturale. La rappresentazione della diversità è neutra e la questione razziale non è centrale né trattata con particolare profondità.";Non ci sono elementi di sostegno attivo alla discriminazione (-3), né una normalizzazione del pregiudizio (-2): i riferimenti etnici sono superficiali e non dannosi, e non c'è alcuna ostilità o esclusione. Non si riproducono stereotipi etnici in modo tale da ridurre i personaggi a cliché (-1).;Non c'è consapevolezza critica (+1), né impegno esplicito nel contestare il razzismo (+2), né una riflessione sulle cause sistemiche (+3): la narrazione non mostra né ironia consapevole né dibattito sui temi razziali, e la voce del personaggio straniero non è centrale né autorevole. Gli stereotipi vengono citati ma non problematizzati.
MEDICINA GENERALE;02;08;Medicina generaleS02E08;23/12/2009;3;N/A;Nell'episodio, sulla base dei sottotitoli forniti, non emergono riferimenti espliciti o impliciti a questioni razziali, etniche, o a personaggi identificabili come migranti, rom, o italiani di seconda generazione. Non ci sono battute, stereotipi, né situazioni che coinvolgano il razzismo o la diversità etnica come tema narrativo o di sfondo. I dialoghi e le dinamiche ruotano esclusivamente attorno a questioni familiari, mediche e relazionali.;Non si può assegnare un punteggio negativo perché non ci sono elementi discriminatori, stereotipi o normalizzazione di pregiudizi razziali: il tema semplicemente non è presente.;Non si può assegnare un punteggio positivo perché non viene affrontato il razzismo, né in modo critico né trasformativo, né tantomeno si riconosce la diversità etnica: l'argomento è del tutto assente.
MEDICINA GENERALE;02;08;Medicina generaleS02E08;23/12/2009;4;N/A;Nell'episodio, basandosi sui sottotitoli forniti, non sono presenti riferimenti espliciti o impliciti a razza, etnia, migranti, rom, italiani di seconda generazione, né battute, stereotipi o situazioni che coinvolgano dinamiche razziali. I personaggi e le loro interazioni ruotano attorno a temi familiari, sanitari, relazionali e personali, senza alcuna menzione o rappresentazione di questioni razziali.;Non ci sono elementi discriminatori, stereotipi o normalizzazione del pregiudizio razziale, quindi non è possibile assegnare un punteggio negativo.;Non ci sono nemmeno elementi di riconoscimento, impegno critico o analisi strutturale del razzismo, quindi non è possibile assegnare un punteggio positivo.
MEDICINA GENERALE;02;08;Medicina generaleS02E08;23/12/2009;5;N/A;Nell'episodio, sulla base dei sottotitoli forniti, non emergono riferimenti espliciti o impliciti a questioni di razza, etnia, migranti, rom o italiani di seconda generazione. Non ci sono battute, stereotipi, personaggi o situazioni che affrontino, anche solo di sfuggita, il tema del razzismo o della diversità etnica. Tutti i conflitti e le dinamiche tra i personaggi ruotano attorno a questioni familiari, mediche e relazionali, senza alcun richiamo al contesto razziale.;Non è possibile assegnare un punteggio negativo perché il tema razziale non è presente in alcuna forma: non ci sono né stereotipi né battute né normalizzazione di pregiudizi.;Non è possibile assegnare un punteggio positivo perché non c'è alcun elemento che riconosca, problematizzi o affronti il razzismo o la diversità etnica. L'argomento semplicemente non compare.
MEDICINA GENERALE;02;08;Medicina generaleS02E08;23/12/2009;6;N/A;Nell'episodio, sulla base dei sottotitoli forniti, non ci sono riferimenti espliciti o impliciti a razza, etnia, migranti, rom o italiani di seconda generazione. I dialoghi e le situazioni ruotano attorno a dinamiche familiari, problemi di salute, relazioni sentimentali e questioni lavorative, senza mai toccare temi o rappresentazioni legate al razzismo o alla diversità etnica. Non emergono stereotipi, battute, discriminazioni o discussioni che coinvolgano la questione razziale nel contesto italiano.;Il punteggio non può essere più basso perché non sono presenti elementi di discriminazione, stereotipi o normalizzazione del pregiudizio razziale.;"Il punteggio non può essere più alto perché non si affronta in alcun modo il tema del razzismo o della diversità etnica; il tema è semplicemente assente."
MEDICINA GENERALE;02;08;Medicina generaleS02E08;23/12/2009;7;N/A;L'episodio, sulla base dei sottotitoli forniti, non presenta alcun riferimento esplicito o implicito a razza, etnia, migranti, rom, o italiani di seconda generazione. I dialoghi si concentrano su dinamiche familiari, relazioni sentimentali, problemi medici e interazioni tra personale sanitario e pazienti, senza mai toccare temi di discriminazione razziale o stereotipi etnici.;Non è possibile assegnare un punteggio negativo (da -1 a -3) perché non sono presenti né stereotipi né battute né personaggi di minoranze etniche o migranti che possano essere oggetto di discriminazione o normalizzazione del pregiudizio.;Non è possibile assegnare un punteggio positivo (da +1 a +3) perché l'episodio non affronta il tema del razzismo, non lo riconosce né lo critica, né tantomeno propone analisi o soluzioni. Semplicemente il tema non è presente.
MEDICINA GENERALE;02;08;Medicina generaleS02E08;23/12/2009;8;N/A;Nell'episodio, non ci sono riferimenti espliciti o impliciti a razza, etnia, migranti, rom o italiani di seconda generazione. Tutti i dialoghi e le situazioni ruotano attorno a dinamiche familiari, relazioni sentimentali, problemi medici e questioni personali dei personaggi, senza alcun accenno a temi razziali o etnici.;Non sono presenti elementi discriminatori, stereotipi o battute a sfondo razziale che giustificherebbero un punteggio negativo.;Non ci sono nemmeno elementi di riconoscimento, critica o approfondimento del razzismo, quindi non è possibile assegnare un punteggio positivo.
MEDICINA GENERALE;02;08;Medicina generaleS02E08;23/12/2009;9;N/A;Nell'episodio, sulla base dei sottotitoli forniti, non ci sono riferimenti espliciti o impliciti a razza, etnia, migranti, rom, italiani di seconda generazione, né situazioni che coinvolgano stereotipi, discriminazioni o discussioni su questi temi. I dialoghi ruotano attorno a dinamiche familiari, relazioni interpersonali, problemi di salute e questioni lavorative, ma non emergono elementi che riguardino la rappresentazione del razzismo o della diversità etnica.;Non ci sono contenuti discriminatori o stereotipati che giustificherebbero un punteggio negativo.;Non ci sono elementi di riconoscimento, impegno critico o analisi trasformativa della questione razziale, né voci marginalizzate o discussioni sulle strutture di potere legate al razzismo.
MEDICINA GENERALE;02;08;Medicina generaleS02E08;23/12/2009;10;N/A;L'episodio, sulla base dei sottotitoli forniti, non presenta alcun riferimento diretto o indiretto a razza, etnia, migranti, rom, italiani di seconda generazione, né a dinamiche o stereotipi razziali. Le interazioni tra i personaggi ruotano attorno a questioni familiari, relazionali, mediche e personali, senza che emergano elementi riconducibili al tema del razzismo o della diversità etnica/culturale.;Non è possibile assegnare un punteggio negativo (-1, -2, -3) perché non ci sono contenuti o atteggiamenti discriminatori, né normalizzazione o minimizzazione di stereotipi etnici.;Non è possibile assegnare un punteggio positivo (+1, +2, +3) perché non viene affrontato il tema del razzismo, né ci sono elementi di riconoscimento, impegno critico o analisi trasformativa sulla questione razziale.
LEA UN NUOVO GIORNO;01;02;Lea Un Nuovo giornoS01E02;08/02/2022;1;+1;L'episodio presenta personaggi di diversa origine etnica (ad es. Michela Idiong, figlia di immigrati nigeriani) in ruoli professionali e complessi, non ridotti a stereotipi. Quando un'infermiera fa un commento problematico ('non parla manco l'italiana, appena sbarcata dall'Africa, scusa. Mandaci Michela'), Michela risponde prontamente e con fermezza ('Guarda che io sono nata a Ferrara e sono italiana come te'), affermando la sua identità italiana. La narrazione non premia né giustifica il pregiudizio, e i personaggi positivi mostrano rispetto e solidarietà. Tuttavia, il razzismo viene affrontato solo a livello di consapevolezza individuale e non come problema strutturale o sociale più ampio.;"Il pregiudizio espresso è immediatamente contestato da un personaggio direttamente coinvolto, e la narrazione non lo normalizza né lo tratta come innocuo; anzi, la risposta di Michela è valorizzata. Non ci sono stereotipi etnici ripetuti né battute razziste lasciate senza risposta.";L'episodio non sviluppa un discorso critico sul razzismo come problema sociale o sistemico, né esplora le cause strutturali della discriminazione. La questione razziale emerge solo in brevi scambi e non è centrale nella trama. Non si arriva a un impegno critico (+2) o a una trasformazione strutturale (+3).
LEA UN NUOVO GIORNO;01;02;Lea Un Nuovo giornoS01E02;08/02/2022;2;+1;L'episodio presenta una rappresentazione consapevole della diversità etnica, soprattutto nel contesto ospedaliero. Michela Idiong, figlia di immigrati nigeriani, è una professionista stimata e viene trattata come italiana, contestando apertamente chi la considera 'appena sbarcata dall'Africa'. I commenti problematici (come quello di Favilla) sono immediatamente contestati e non normalizzati. La narrazione attribuisce le battute razziste a personaggi secondari o poco empatici, mentre i protagonisti mostrano rispetto e inclusione. Non c'è una vera analisi strutturale del razzismo, né un impegno esplicito nel dibattito sociale, ma la posizione dominante è chiaramente di rispetto e consapevolezza.;Non è -1 o più basso perché i commenti problematici vengono contestati direttamente e la narrazione non normalizza né minimizza il pregiudizio. La presenza di personaggi di diverse etnie è dignitosa e non ridotta a cliché.;Non è +2 o +3 perché l'episodio non affronta il razzismo come problema sociale né propone soluzioni concrete o una critica alle strutture di potere. La questione razziale è presente ma non centrale, e non viene esplorata in modo trasformativo.
LEA UN NUOVO GIORNO;01;02;Lea Un Nuovo giornoS01E02;08/02/2022;3;+1;L'episodio presenta una rappresentazione della diversità etnica attraverso il personaggio di Michela Idiong, infermiera figlia di immigrati nigeriani, che viene trattata come italiana a tutti gli effetti e parte integrante del gruppo di lavoro. Quando una collega la discrimina implicitamente ('non parla manco l'italiana, appena sbarcata dall'Africa, scusa. Mandaci Michela'), Michela risponde con fermezza ('Guarda che io sono nata a Ferrara e sono italiana come te'), evidenziando consapevolezza e rivendicazione della propria identità. La narrazione non indulge in stereotipi negativi: Michela è competente e rispettata. I commenti problematici sono attribuiti a personaggi secondari e vengono immediatamente contestati. Non c'è un approfondimento strutturale del razzismo, ma la presenza di personaggi di seconda generazione trattati con rispetto e la contestazione esplicita dei pregiudizi segnano un riconoscimento consapevole del tema.;Non assegno un punteggio più basso perché i pochi commenti discriminatori sono isolati, subito contestati e non rappresentano la posizione dominante della narrazione. La rappresentazione di Michela è positiva e non ridotta a uno stereotipo.;Non assegno +2 o +3 perché il razzismo non è affrontato come problema sociale centrale, né c'è una critica strutturale o un'analisi delle cause sistemiche. Il tema è presente solo come spunto di dialogo e non come asse narrativo principale.
LEA UN NUOVO GIORNO;01;02;Lea Un Nuovo giornoS01E02;08/02/2022;4;+1;L'episodio presenta diversi personaggi di origine straniera (ad esempio Michela Idiong, figlia di immigrati nigeriani, e la madre appena sbarcata dall'Africa) che vengono trattati con rispetto e dignità. I commenti problematici (come 'non parla manco l'italiana appena sbarcata dall'Africa, scusa') sono subito contestati: Michela risponde con fermezza ('Guarda che io sono nata a Ferrara e sono italiana come te') e la situazione viene gestita con sensibilità. Non ci sono stereotipi etnici marcati né battute razziste normalizzate. La narrazione mostra consapevolezza dei pregiudizi, attribuendoli a personaggi secondari e non positivi, mentre i protagonisti si impegnano per l'inclusione e la comprensione. Tuttavia, il tema del razzismo non è centrale né affrontato in modo strutturale o trasformativo.;"Non ci sono elementi di normalizzazione o sostegno attivo alla discriminazione; i pochi commenti problematici sono contestati e non rappresentano la posizione dominante dell'episodio. I personaggi di origine straniera hanno ruoli dignitosi e non sono ridotti a cliché.";"L'episodio non approfondisce le cause sistemiche del razzismo né offre una critica strutturale; le voci marginalizzate non sono centrali nella narrazione e il tema del razzismo rimane secondario, affrontato solo in modo consapevole ma non trasformativo."
LEA UN NUOVO GIORNO;01;02;Lea Un Nuovo giornoS01E02;08/02/2022;5;+1;L'episodio presenta una rappresentazione della diversità etnica attraverso il personaggio di Michela Idiong, infermiera figlia di immigrati dalla Nigeria, che viene trattata come italiana a tutti gli effetti e parte integrante del team. Quando un collega la delega a una paziente 'appena sbarcata dall'Africa', Michela ribadisce con fermezza la sua italianità, contestando lo stereotipo. I commenti problematici sono attribuiti a personaggi secondari e vengono corretti o ridicolizzati, mentre i personaggi positivi (come Lea) mostrano rispetto e solidarietà. La narrazione non si sofferma su stereotipi etnici e non riduce i personaggi non italiani a cliché, ma non affronta in modo strutturale o approfondito il tema del razzismo. Il tono generale è di normalità e rispetto verso la diversità, con consapevolezza critica degli stereotipi.;Non assegno un punteggio più basso perché gli unici accenni a stereotipi (es. 'appena sbarcata dall'Africa') vengono immediatamente contestati e non sono mai normalizzati o presentati come accettabili. Michela è un personaggio positivo, competente e rispettato, e la narrazione non indulge in pregiudizi.;Non assegno un punteggio più alto perché l'episodio non affronta il razzismo come problema sociale né propone una critica strutturale o soluzioni concrete. La presenza della diversità è trattata con rispetto e consapevolezza, ma il tema non è centrale né sviluppato in profondità.
LEA UN NUOVO GIORNO;01;02;Lea Un Nuovo giornoS01E02;08/02/2022;6;+1;"L'episodio presenta alcuni personaggi di origine straniera (ad esempio Michela Idiong, figlia di immigrati nigeriani) e una madre appena arrivata dall'Africa. I riferimenti alla sua difficoltà con la lingua e il suo essere 'appena sbarcata' sono trattati con una certa neutralità, ma vengono anche contestati: Michela risponde chiaramente a chi la considera 'non italiana', rivendicando la sua identità. La narrazione non indulge in stereotipi negativi né li normalizza; anzi, i personaggi principali mostrano rispetto e attenzione verso la diversità, e i commenti problematici sono attribuiti a personaggi secondari e vengono corretti o contestati. Non si arriva però a una vera analisi strutturale del razzismo, né a una centralità delle voci marginalizzate.";"Non ci sono stereotipi etnici ripetuti o battute razziste normalizzate; i pochi commenti problematici vengono contestati e non sono la posizione dominante. La diversità non è minimizzata né trattata solo come cliché.";"L'episodio non affronta il razzismo come problema sociale né propone soluzioni concrete; manca un dibattito esplicito o una critica alle strutture di potere. Le voci marginalizzate non sono centrali nella narrazione, e il tema razziale rimane secondario rispetto alle vicende personali."
LEA UN NUOVO GIORNO;01;02;Lea Un Nuovo giornoS01E02;08/02/2022;7;+1;L'episodio presenta alcuni personaggi di origine straniera (ad esempio Michela Idiong, figlia di immigrati nigeriani, e la madre appena sbarcata dall'Africa) e affronta situazioni che coinvolgono la diversità etnica. Gli atteggiamenti problematici sono attribuiti a personaggi secondari (Favilla dice 'non parla manco l'italiana, appena sbarcata dall'Africa'), ma vengono immediatamente contestati ('Guarda che io sono nata a Ferrara e sono italiana come te'). Michela è rappresentata come una professionista competente e rispettata, e la narrazione mostra empatia verso la madre migrante, evitando stereotipi negativi. Non c'è una critica strutturale al razzismo, né una vera analisi delle cause, ma la consapevolezza e il rispetto sono evidenti nei personaggi principali.;Non assegno un punteggio inferiore perché i commenti problematici sono contestati e la narrazione non normalizza né minimizza il pregiudizio. I personaggi positivi mostrano rispetto e consapevolezza, e la diversità non è trattata come un cliché.;"Non assegno un punteggio superiore perché l'episodio non affronta il razzismo come problema sociale né offre una critica strutturale alle discriminazioni. Le questioni etniche rimangono sullo sfondo e non sono centrali o analizzate in profondità; manca un vero impegno critico o trasformativo."
LEA UN NUOVO GIORNO;01;02;Lea Un Nuovo giornoS01E02;08/02/2022;8;+1;L'episodio presenta alcuni personaggi di origine straniera (ad esempio Michela Idiong, figlia di immigrati nigeriani, e una madre appena arrivata dall'Africa) che sono integrati nel contesto lavorativo e sociale, con ruoli professionali e relazionali non ridotti esclusivamente alla loro etnia. Quando emergono pregiudizi o commenti problematici (come 'non parla manco l'italiana, appena sbarcata dall'Africa, scusa. Mandaci Michela.'), questi vengono contestati direttamente e con fermezza dalla stessa Michela ('Guarda che io sono nata a Ferrara e sono italiana come te.') e da altri personaggi, mostrando consapevolezza e rispetto. Gli stereotipi vengono quindi riconosciuti e smontati, ma non si va oltre un livello di consapevolezza: il razzismo non è oggetto di una riflessione strutturale o di un vero dibattito, né viene affrontato come problema sociale centrale.;Non assegno un punteggio più basso perché i pochi episodi di pregiudizio o stereotipo sono chiaramente contestati e non normalizzati. I personaggi di origine straniera non sono ridotti a cliché, ma hanno agency, professionalità e dignità. La narrazione non sostiene né normalizza atteggiamenti razzisti.;Non assegno +2 perché il razzismo non è affrontato come problema sociale esplicito: non ci sono dibattiti, crescita personale legata al superamento dei pregiudizi, né conseguenze narrative per chi esprime discriminazione. Non si arriva a un impegno critico o a una vera analisi delle cause sistemiche.
LEA UN NUOVO GIORNO;01;02;Lea Un Nuovo giornoS01E02;08/02/2022;9;+1;L'episodio mostra la presenza di personaggi di origine straniera (es. Michela Idiong, figlia di immigrati nigeriani) che vengono trattati come parte integrante del team ospedaliero, con ruoli professionali e dignitosi. Quando un'infermiera fa un commento problematico sulla madre africana ('non parla manco l'italiano, appena sbarcata dall'Africa'), Michela risponde prontamente e con fermezza ('Guarda che io sono nata a Ferrara e sono italiana come te'), sottolineando la propria italianità e contestando lo stereotipo. I personaggi positivi (Lea e altri colleghi) sostengono Michela e non tollerano atteggiamenti discriminatori. Gli unici accenni a pregiudizio sono attribuiti a personaggi minori e vengono subito messi in discussione o ridicolizzati. Il tono generale è di rispetto e inclusione, con consapevolezza delle dinamiche di pregiudizio, ma senza una vera analisi strutturale o approfondimento delle cause sociali del razzismo.;Non assegno un punteggio più basso perché i commenti problematici vengono immediatamente contestati e non sono mai normalizzati o lasciati passare senza risposta. La narrazione mostra chiaramente che il razzismo è sbagliato e che la diversità è un valore.;"Non assegno +2 perché l'episodio non affronta il razzismo come problema sociale in modo esplicito né mostra un impegno attivo nel decostruire i pregiudizi o nel promuovere un dibattito approfondito. Non c'è analisi delle cause sistemiche né centralità delle voci marginalizzate; la questione viene toccata ma resta sullo sfondo rispetto alla trama principale."
LEA UN NUOVO GIORNO;01;02;Lea Un Nuovo giornoS01E02;08/02/2022;10;+1;"L'episodio presenta alcuni personaggi di origine straniera (Michela Idiong, figlia di immigrati nigeriani; la madre appena sbarcata dall'Africa) e li integra nel contesto ospedaliero senza insistere su stereotipi negativi. Quando Favilla dice 'non parla manco l'italiana appena sbarcata dall'Africa, scusa. Mandaci Michela', Michela risponde prontamente: 'Guarda che io sono nata a Ferrara e sono italiana come te.' Questo scambio mostra consapevolezza critica e contestazione diretta di un pregiudizio, attribuendo il commento problematico a un personaggio secondario e la risposta consapevole a una protagonista positiva. Michela è trattata come professionista competente e rispettata, non ridotta a cliché etnici. Non ci sono battute razziste normalizzate né stereotipi ripetuti senza distanza critica. L'episodio non approfondisce le cause strutturali del razzismo, ma mostra una sensibilità attuale e una posizione di rispetto verso la diversità.";"Non assegno un punteggio più basso perché il pregiudizio espresso da Favilla viene immediatamente contestato da Michela, che afferma la sua italianità e professionalità. Nessun personaggio positivo sostiene o normalizza il razzismo; anzi, l'episodio mostra disagio e rispetto nei confronti della diversità. I personaggi di origine straniera non sono ridotti a stereotipi e hanno ruoli professionali e complessi.";Non assegno +2 o +3 perché l'episodio non affronta il razzismo come problema sociale né propone soluzioni concrete o analizza le cause sistemiche. La questione razziale è presente ma non centrale, e non c'è un dibattito esplicito o una crescita significativa dei personaggi rispetto al tema. Le voci marginalizzate non sono centrali nella narrazione, e la critica alle strutture di potere è assente.
TERAPIA D URGENZA;01;12;Terapia d urgenzaS01E12;17/07/2009;1;-1;L'episodio presenta una situazione di emergenza sanitaria in pronto soccorso, con una paziente appena rientrata dall'Africa (Uganda) che sviluppa sintomi di peste bubbonica. La narrazione include alcuni riferimenti all'Africa e al Messico, ma la rappresentazione delle persone straniere o racializzate è marginale: la paziente africana è italiana, tornata da un viaggio, e il bambino messicano è figlio di un personaggio italiano. L'unico riferimento diretto problematico è la battuta 'Cercare l'acqua per i negretti', pronunciata dalla madre di Carlo, che viene trattata come una battuta leggera e non viene contestata da nessuno. Non ci sono altri commenti esplicitamente razzisti, ma la rappresentazione della diversità è quasi assente e, quando presente, si riduce a cliché o battute superficiali. Il contesto medico non mostra pregiudizi attivi, ma nemmeno consapevolezza critica o impegno sociale. Nel complesso, la diversità etnica è trattata in modo superficiale e stereotipato, senza contestazione né consapevolezza.;Non assegno -2 o -3 perché l'episodio non normalizza né sostiene attivamente la discriminazione: la battuta razzista è isolata e non rappresenta il tono dominante, e non ci sono personaggi positivi che promuovono idee razziste. Non si vedono stereotipi ripetuti o personaggi razzisti ritratti positivamente.;Non assegno 0 perché il segnale dominante è la minimizzazione: la battuta razzista non viene contestata, la diversità è trattata solo come sfondo o con cliché, e non ci sono elementi di consapevolezza critica, dibattito o crescita sui temi razziali. Non ci sono segnali progressisti che bilancino quelli problematici.
TERAPIA D URGENZA;01;12;Terapia d urgenzaS01E12;17/07/2009;2;-1;L'episodio presenta una situazione di emergenza sanitaria in cui una coppia italiana torna dall'Uganda e viene identificata come possibile portatrice di peste bubbonica. I dialoghi si soffermano sul viaggio in Africa e sulla presenza di 'zanzare in Uganda', ma la narrazione non mostra atteggiamenti apertamente razzisti né stereotipi etnici marcati. L'unico riferimento problematico è la battuta 'cercare l'acqua per i negretti', pronunciata in tono scherzoso e subito minimizzata, senza alcuna reazione critica da parte degli altri personaggi. La presenza di personaggi stranieri (la madre messicana, il bambino Pedro) è trattata in modo neutro, senza approfondimento né stereotipizzazione, ma anche senza particolare dignità o agency. Nel complesso, la diversità è presente solo come elemento di contesto o di trama (viaggi, ONG, madre messicana), ma non viene mai tematizzata o problematizzata. Gli stereotipi sono riprodotti in modo superficiale, senza consapevolezza o ironia, e i commenti problematici non sono contestati.;Non ci sono personaggi positivi che sostengano attivamente idee razziste, né la narrazione convalida esplicitamente pregiudizi. La battuta sui 'negretti' è isolata e non rappresenta un endorsement esplicito della discriminazione. Non si raggiunge la normalizzazione del pregiudizio (-2), perché il tono generale è più di distrazione che di accettazione.;Non c'è alcuna consapevolezza critica (+1), né impegno esplicito a problematizzare il razzismo. La diversità è presente solo come sfondo, senza agency o dignità particolare, e gli stereotipi non vengono mai contestati o usati in modo ironico. Non si va oltre la minimizzazione.
TERAPIA D URGENZA;01;12;Terapia d urgenzaS01E12;17/07/2009;3;-1;L'episodio ruota attorno a una crisi sanitaria (sospetta peste bubbonica) causata da una paziente appena rientrata dall'Uganda. I personaggi coinvolti (la paziente e il marito) sono italiani, non migranti, e la narrazione si concentra su dinamiche familiari, mediche e di gestione dell'emergenza. L'unico riferimento esplicito all'Africa è neutro o positivo (figlio che lavora per una ONG, costruisce scuole), e non ci sono battute o commenti razzisti verso africani, migranti o rom. Tuttavia, si rileva una battuta stereotipata (“Cercare l'acqua per i negretti”) che, pur detta in tono affettuoso tra madre e figlio, riproduce un cliché etnico senza alcuna distanza critica o consapevolezza. Non viene contestata da nessuno, né problematizzata. Nel resto dell’episodio, la diversità etnica è trattata in modo superficiale: la madre del bambino è “una ragazza messicana”, ma la sua storia non viene approfondita, né la sua voce è presente. L’episodio non mostra consapevolezza critica, né impegno nel problematizzare stereotipi o discriminazioni.;Non si raggiunge il -2 o -3 perché non c’è sostegno attivo né normalizzazione esplicita del pregiudizio: la battuta sui 'negretti' è isolata, non reiterata da più personaggi, e non viene presentata come valore positivo o morale dominante. Non ci sono personaggi razzisti ritratti positivamente, né la narrazione sostiene stereotipi dannosi in modo sistematico.;"Non si può assegnare 0 perché la battuta stereotipata non è bilanciata da elementi di consapevolezza o contestazione; non si può assegnare +1 perché manca qualsiasi riconoscimento critico, ironia consapevole o rispetto esplicito per la diversità. L’episodio non problematizza né affronta il tema del razzismo come questione sociale."
TERAPIA D URGENZA;01;12;Terapia d urgenzaS01E12;17/07/2009;4;-1;L'episodio ruota attorno a un'emergenza sanitaria (peste bubbonica) che coinvolge una coppia italiana appena tornata dall'Uganda, ma la narrazione non sviluppa alcun discorso critico o consapevole sulle questioni razziali o sui pregiudizi. L'unico riferimento esplicito è la battuta 'Cercare l'acqua per i negretti', pronunciata con tono leggero e senza alcuna contestazione o distanza critica da parte degli altri personaggi. Il contesto africano è trattato in modo superficiale: l'Africa è evocata solo come luogo esotico e problematico (malattie, zanzare, freddo, mancanza di coperte), senza alcuna voce africana o riflessione sulle dinamiche di potere, e i personaggi africani sono del tutto assenti. L'episodio non indulge in stereotipi pesanti o in discriminazione attiva, ma la rappresentazione della diversità è ridotta a cliché e battute, senza consapevolezza o ironia. Non ci sono segnali di contestazione, né di impegno critico, né di analisi strutturale.;Non assegno -2 o -3 perché non c'è una normalizzazione esplicita del pregiudizio né sostegno attivo alla discriminazione: la battuta razzista è isolata e non diventa un leitmotiv, e i personaggi positivi non si schierano apertamente a favore di idee razziste. Non c'è una narrazione che convalida attivamente stereotipi o personaggi razzisti.;Non assegno 0 perché la direzione dominante è chiaramente superficiale e stereotipata: la battuta razzista non viene contestata e la diversità è trattata solo come elemento di sfondo, senza segnali progressisti. Non assegno punteggi positivi perché manca qualsiasi consapevolezza, contestazione, o impegno critico rispetto ai temi razziali.
TERAPIA D URGENZA;01;12;Terapia d urgenzaS01E12;17/07/2009;5;-1;L'episodio presenta un solo riferimento esplicito a questioni razziali: la battuta 'Cercare l'acqua per i negretti.' Il contesto è quello di una madre che parla del figlio impegnato in Africa con una ONG, e la frase viene pronunciata con tono affettuoso e familiare, ma senza alcuna distanza critica o consapevolezza. Non ci sono altri personaggi non italiani (a parte la madre messicana, menzionata solo di sfuggita e senza alcuna caratterizzazione) e nessuna discussione o problematizzazione del razzismo. L'unico riferimento alla diversità è dunque stereotipato ('negretti'), usato come diminutivo paternalistico tipico di una certa cultura italiana, ma non contestato né ironizzato. Il resto dell'episodio ignora completamente le questioni razziali, anche quando si parla di malattie 'esotiche' (la peste bubbonica dall'Africa), senza però scivolare in allarmismi xenofobi o discorsi discriminatori.;Non assegno -2 o -3 perché la frase, seppur stereotipata, non è usata con intento dispregiativo o per rafforzare una narrazione discriminatoria. Non ci sono personaggi razzisti positivi né una normalizzazione del pregiudizio diffuso: il riferimento è isolato, non reiterato, e non ha alcuna conseguenza narrativa.;Non assegno 0 perché la presenza del termine 'negretti' è chiaramente stereotipata e non viene mai problematizzata o contestata. Non ci sono segnali di consapevolezza, ironia o critica sugli stereotipi, né personaggi di etnie diverse con ruoli dignitosi o centrali. L'orientamento dominante è quello della minimizzazione e della riproduzione acritica di cliché.
TERAPIA D URGENZA;01;12;Terapia d urgenzaS01E12;17/07/2009;6;-1;L'episodio presenta una rappresentazione della diversità etnica quasi esclusivamente attraverso personaggi secondari (ad esempio la coppia tornata dall'Uganda e la menzione di una ragazza messicana), ma questi personaggi sono definiti quasi solo dal loro ruolo 'esotico' o dalla funzione narrativa (veicolo della malattia, madre straniera). L'unico riferimento esplicito a una questione razziale è la battuta 'cercare l'acqua per i negretti', che viene trattata come una battuta familiare e non viene contestata o problematizzata da nessuno. Non ci sono personaggi di minoranze etniche con agency o ruolo centrale, né si affrontano realmente le dinamiche di discriminazione, ma si riproducono cliché (l'Africa come luogo di malattie, la madre messicana come presenza remota). Il tono generale è superficiale e acritico rispetto agli stereotipi, senza consapevolezza o distanza ironica.;"Non assegno -2 perché la narrazione non normalizza attivamente il pregiudizio né presenta ripetutamente stereotipi come normali o accettabili; la battuta problematica è isolata e non c'è un'atmosfera di aperta accettazione del razzismo. Non ci sono personaggi razzisti ritratti positivamente, né sostegno esplicito alla discriminazione.";Non assegno 0 perché non c'è un reale equilibrio tra elementi problematici e progressisti: la rappresentazione della diversità è solo superficiale e stereotipata, senza segnali di consapevolezza o contestazione. Non assegno +1 o più perché manca qualsiasi forma di riconoscimento critico, ironia consapevole o impegno nel trattare il razzismo come problema sociale.
TERAPIA D URGENZA;01;12;Terapia d urgenzaS01E12;17/07/2009;7;-1;L'episodio presenta la presenza di una coppia di anziani italiani appena tornati dall'Uganda, il cui figlio lavora in Africa per una ONG. La trama ruota intorno a un caso di peste bubbonica che scoppia in ospedale dopo il loro arrivo. Sebbene la narrazione non sia apertamente razzista, la rappresentazione dell'Africa è fortemente stereotipata: l'Africa viene associata a malattie rare e pericolose ('questa roba arriva dall'Africa'), e la presenza dei protagonisti africani è solo funzionale alla trama medica, mai come soggetti con una propria voce o agency. L'unico riferimento diretto a persone africane è 'cercare l'acqua per i negretti', usato in tono scherzoso e non contestato, che riproduce un cliché paternalista. Non ci sono contestazioni o consapevolezza critica rispetto a questi stereotipi, né personaggi che li problematizzano. L'episodio non indulge in battute apertamente razziste, ma la diversità è trattata in modo superficiale e funzionale, con stereotipi riprodotti senza ironia o distanza critica.;Non assegno -2 perché, pur normalizzando alcuni stereotipi (Africa = malattie, ONG = 'aiutare i negretti'), l'episodio non presenta un'atmosfera di pregiudizio diffuso né battute razziste reiterate da più personaggi. Il tono generale non è di complicità verso il pregiudizio, e non ci sono personaggi positivi che esprimano idee apertamente discriminatorie.;Non assegno 0 perché la rappresentazione della diversità è chiaramente superficiale e stereotipata, senza segnali equivalenti di consapevolezza o contestazione. Non ci sono elementi progressisti o di reale ambiguità: la narrazione si limita a riprodurre cliché senza alcuna distanza critica.
TERAPIA D URGENZA;01;12;Terapia d urgenzaS01E12;17/07/2009;8;-1;L'episodio presenta una sola battuta esplicitamente razzista ('Cercare l'acqua per i negretti'), pronunciata in tono scherzoso e non contestata da nessuno. La presenza di personaggi legati a contesti migratori (es. la donna tornata dall'Uganda, il figlio che lavora in Africa, il bambino figlio di una messicana) è trattata in modo neutro o funzionale alla trama medica, senza approfondimenti né stereotipi marcati. Tuttavia, la battuta sugli 'negretti' è l'unico riferimento diretto a questioni etniche e viene lasciata passare senza alcuna reazione critica, ironia consapevole o distanza. Non ci sono altri segnali di pregiudizio, ma neppure elementi di consapevolezza o critica. Nel complesso, la rappresentazione della diversità è superficiale e la battuta razzista viene normalizzata dal contesto.;Non assegno -2 perché la battuta razzista è isolata e non si riscontrano altri atteggiamenti o stereotipi etnici ripetuti o normalizzati da più personaggi. Non c'è un'atmosfera generale di normalizzazione del pregiudizio, né i personaggi positivi esprimono idee discriminatorie.;Non assegno 0 perché la battuta sugli 'negretti' viene lasciata completamente incontestata e non c'è alcun elemento di consapevolezza, ironia o critica sugli stereotipi. Non ci sono segnali contrastanti equivalenti: la direzione dominante è la minimizzazione e la superficialità, non l'ambiguità genuina.
TERAPIA D URGENZA;01;12;Terapia d urgenzaS01E12;17/07/2009;9;-1;L'episodio ruota attorno a una crisi sanitaria (peste bubbonica) in un pronto soccorso italiano, con pazienti appena rientrati dall'Uganda. La questione razziale/etnica emerge solo marginalmente: i coniugi tornati dall'Africa sono italiani, e la narrazione non problematizza mai la loro esperienza né la presenza africana. L'unico riferimento diretto è la battuta 'Cercare l'acqua per i negretti', pronunciata con tono affettuoso e familiare, ma senza alcuna distanza critica o contestazione da parte degli altri personaggi. La frase, pur non aggressiva, riproduce uno stereotipo paternalista e riduttivo, e nessuno mostra disagio o riflessione. Non ci sono altri momenti di consapevolezza, ironia o contestazione sugli stereotipi, né personaggi di origine non italiana con ruoli centrali. L'episodio non sostiene attivamente la discriminazione, ma la diversità viene trattata in modo superficiale e stereotipato, senza consapevolezza.;Il punteggio non è -2 o -3 perché non c'è una normalizzazione esplicita del pregiudizio (nessuna atmosfera di accettazione o ripetizione di stereotipi da più personaggi) e i personaggi razzisti non sono ritratti positivamente. Non c'è sostegno attivo alla discriminazione né narrazione che legittimi stereotipi in modo sistematico.;Non è 0 perché il segnale dominante è la riproduzione di uno stereotipo senza alcuna distanza critica, e non ci sono elementi progressisti o consapevoli in equilibrio. Non è +1 perché manca qualsiasi consapevolezza, contestazione o ironia sugli stereotipi, e la diversità non è valorizzata né problematizzata.
TERAPIA D URGENZA;01;12;Terapia d urgenzaS01E12;17/07/2009;10;-1;L'episodio presenta una situazione di emergenza sanitaria in un pronto soccorso italiano, con la quarantena dovuta a un caso di peste bubonica portata da una coppia appena rientrata dall'Uganda. La questione razziale emerge solo in modo marginale: la famiglia italiana che torna dall'Africa è trattata senza ostilità, ma anche senza particolare empatia o approfondimento. L'unico riferimento esplicito è la battuta 'cercare l'acqua per i negretti', pronunciata con tono leggero e non contestata da nessuno, che riproduce uno stereotipo paternalista e colonialista. Non ci sono personaggi di origine straniera con ruoli significativi, né viene affrontato il tema del razzismo come problema sociale. L'episodio non mostra consapevolezza critica sugli stereotipi né li decostruisce, ma si limita a riprodurli in modo superficiale e acritico.;Non assegno -2 o -3 perché la narrazione non sostiene attivamente la discriminazione né normalizza il pregiudizio come parte integrante dell'atmosfera generale. La battuta razzista è isolata e non attribuita a personaggi positivi, e non ci sono personaggi razzisti presentati positivamente. L'episodio non mostra una posizione apertamente ostile verso la diversità.;"Non assegno 0 perché la presenza di stereotipi non viene mai problematizzata o bilanciata da elementi progressisti; non c'è ambiguità genuina, ma una riproduzione acritica di cliché. Non assegno +1 o più perché manca qualsiasi consapevolezza, critica o impegno verso la questione razziale: la diversità è solo uno sfondo per la trama medica e non viene mai valorizzata o discussa."
LA DOTTORESSA GIO;01;02;La dottoressa GioS01E02;01/11/1997;1;-1;L'episodio presenta alcuni riferimenti espliciti a razza/etnia, ma la rappresentazione è superficiale e stereotipata. I personaggi neri sono oggetto di battute sul 'figlio nero che è anche peggio', sul 'ritmo nel sangue', e vengono chiamati 'pantera bianca' con tono scherzoso, senza alcuna contestazione o distanza critica. Questi stereotipi vengono riprodotti come battute di spirito, ma non c'è alcuna riflessione o consapevolezza sul razzismo. I personaggi non reagiscono in modo problematico, né mostrano disagio, e la narrazione non offre alcun momento di critica o discussione sul tema. Inoltre, la presenza di personaggi di etnia diversa non viene mai valorizzata oltre il cliché.;Non assegno -2 o -3 perché i personaggi razzisti non sono ritratti positivamente né le idee discriminatorie sono sostenute attivamente dalla narrazione. Le battute sono superficiali e normalizzate, ma non c'è un sostegno esplicito o una celebrazione del pregiudizio. Non si arriva a una vera e propria normalizzazione del razzismo come valore dominante.;Non assegno 0 o punteggi positivi perché non c'è alcuna consapevolezza, ironia critica, contestazione o crescita dei personaggi rispetto ai temi razziali. Gli stereotipi sono riprodotti senza alcuna distanza, e la narrazione non mostra alcun riconoscimento o impegno critico.
LA DOTTORESSA GIO;01;02;La dottoressa GioS01E02;01/11/1997;2;-1;"L'episodio presenta alcuni riferimenti espliciti a razza ed etnia, ma il trattamento è superficiale e stereotipato. I personaggi neri sono oggetto di battute e cliché (""voi neri avete il ritmo nel sangue"", ""ti viene un figlio nero come me, che è anche peggio""), che vengono inseriti come battute leggere e non vengono mai realmente contestati o problematizzati. Non c'è distanza critica né consapevolezza: i personaggi di diverse etnie sono definiti principalmente da stereotipi, e le battute razziste vengono accettate come parte del tono generale, senza alcuna riflessione. Il razzismo non è un tema centrale, ma la sua presenza è normalizzata e non problematizzata.";Non assegno -2 o -3 perché non c'è un sostegno attivo alla discriminazione: i personaggi razzisti non sono ritratti come positivi né le loro idee sono celebrate. Le battute e i cliché sono presentati come normali, ma non c'è una narrazione che le espliciti come valori da seguire. Inoltre, il razzismo non è il fulcro dell'episodio, né viene usato per giustificare o promuovere discriminazione attiva.;Non assegno 0 perché i segnali problematici sono dominanti e non bilanciati da elementi di consapevolezza o contestazione. Non assegno punteggi positivi perché manca completamente una riflessione critica, contestazione dei pregiudizi o rappresentazione dignitosa e consapevole della diversità. Le battute e i cliché etnici sono riprodotti senza ironia né distanza, e i personaggi non superano mai i pregiudizi.
LA DOTTORESSA GIO;01;02;La dottoressa GioS01E02;01/11/1997;3;-1;L'episodio presenta diversi riferimenti a razza ed etnia, ma la rappresentazione è superficiale e spesso stereotipata. I personaggi neri sono oggetto di battute e cliché ('voi neri avete il ritmo nel sangue', 'ti viene un figlio nero come me, che è anche peggio'), che vengono trattati come normali o divertenti, senza alcuna distanza critica o contestazione da parte degli altri personaggi. Non c'è una vera riflessione sul razzismo o sulle sue conseguenze, né una consapevolezza sociale. La narrazione non sostiene apertamente la discriminazione, ma la diversità viene ridotta a cliché e battute, senza ironia o consapevolezza.;Non assegno -2 perché, pur essendo presenti stereotipi e battute razziste, questi non sono la norma dominante dell'episodio e non vengono sostenuti attivamente dalla narrazione o dai personaggi principali. Non c'è una normalizzazione esplicita del pregiudizio come valore sociale, né personaggi razzisti ritratti positivamente.;Non assegno 0 perché i segnali problematici sono prevalenti e non bilanciati da elementi di consapevolezza o contestazione. Non ci sono segnali contrastanti equivalenti: la rappresentazione della diversità è quasi sempre superficiale e stereotipata, senza alcuna critica o riflessione. Non assegno punteggi positivi perché manca qualsiasi riconoscimento consapevole, impegno critico o analisi strutturale del razzismo.
LA DOTTORESSA GIO;01;02;La dottoressa GioS01E02;01/11/1997;4;-1;L'episodio presenta alcuni riferimenti razziali e stereotipi: battute su figli 'cinesi' o 'neri', commenti sul ritmo 'nel sangue' dei neri, e la presenza di una donna nera che viene ridotta a cliché (la pantera bianca, il ritmo, ecc.). Questi elementi sono inseriti senza alcuna distanza critica o contestazione da parte dei personaggi positivi, e vengono trattati come battute innocue o parte del dialogo quotidiano. Non c'è alcuna riflessione sul razzismo, né una contestazione esplicita degli stereotipi, né conseguenze negative per chi li pronuncia. Tuttavia, la rappresentazione non arriva a sostenere attivamente la discriminazione: i personaggi razzisti non sono ritratti come modelli positivi, né le idee discriminatorie sono presentate come 'giuste'. L'orientamento dominante è quello della minimizzazione: la diversità è presente, ma trattata in modo superficiale e stereotipato, senza consapevolezza o ironia.;Non assegno -2 o -3 perché l'episodio non normalizza il pregiudizio in modo sistematico (non è il tono generale, né i personaggi positivi sono apertamente razzisti), né sostiene attivamente la discriminazione: le battute sono sporadiche e non costituiscono il fulcro della narrazione, e non c'è una celebrazione o legittimazione esplicita delle idee razziste.;Non assegno 0 perché la direzione dominante è chiara: gli stereotipi etnici vengono riprodotti senza consapevolezza o contestazione, e la diversità non viene valorizzata. Non assegno +1 o più perché manca qualsiasi consapevolezza critica, contestazione dei pregiudizi, o riflessione sul razzismo come problema sociale.
LA DOTTORESSA GIO;01;02;La dottoressa GioS01E02;01/11/1997;5;-1;L'episodio presenta alcuni riferimenti espliciti a razza ed etnia, ma la rappresentazione è superficiale e stereotipata. I personaggi di colore sono definiti principalmente da cliché (es. 'voi neri avete il ritmo nel sangue', 'ti viene un figlio nero che è anche peggio'), e questi commenti vengono lasciati passare senza alcuna contestazione o distanza critica. Non c'è un approfondimento sulle condizioni sociali delle minoranze, né una consapevolezza reale del problema razzista: le battute e gli stereotipi sono usati come parte del dialogo quotidiano, senza ironia o riflessione. Tuttavia, non si arriva mai a una celebrazione attiva o a una normalizzazione totale della discriminazione: i personaggi razzisti non sono ritratti come positivi, e il razzismo non è il tema centrale dell'episodio.;Non assegno -2 o -3 perché, pur essendo presenti stereotipi e battute razziste, non c'è una narrazione che li supporta attivamente o li presenta come normali e accettabili. I personaggi che fanno commenti razzisti non sono eroi né modelli, e il razzismo non viene mai esplicitamente convalidato o celebrato. Inoltre, la questione razziale resta marginale rispetto alla trama principale.;Non assegno 0 o punteggi positivi perché non c'è alcuna consapevolezza critica, né contestazione dei pregiudizi. Gli stereotipi etnici sono riprodotti senza alcuna distanza, ironia o riflessione, e i personaggi di colore sono ridotti a cliché. Nessun personaggio positivo prende posizione contro le battute razziste, e la narrazione non offre alcun messaggio di rispetto o inclusione.
LA DOTTORESSA GIO;01;02;La dottoressa GioS01E02;01/11/1997;6;-1;"L'episodio presenta alcuni riferimenti espliciti a razza ed etnia, ma la rappresentazione è superficiale e stereotipata. I personaggi neri sono oggetto di battute e cliché (""voi neri avete il ritmo nel sangue"", ""ti viene un figlio cinese o nero come me, che è anche peggio""), trattati come gag senza alcuna distanza critica o contestazione da parte degli altri personaggi. Non c'è alcuna riflessione sul razzismo, né viene problematizzato il linguaggio o l'atteggiamento discriminatorio. La narrazione non sostiene attivamente la discriminazione, ma la diversità è ridotta a elemento di colore o battuta, senza consapevolezza o ironia. Non si rileva una normalizzazione sistemica del pregiudizio (-2), né un sostegno attivo (-3), ma la presenza di stereotipi etnici incontestati e la mancanza di personaggi che li sfidino portano a una minimizzazione.";Non assegno -2 perché, pur essendo presenti battute e stereotipi, questi non costituiscono il tono dominante dell'episodio, né vengono ripetuti da più personaggi come parte di una normalità condivisa. Non c'è una vera e propria atmosfera di normalizzazione del pregiudizio, né i personaggi razzisti sono ritratti positivamente.;"Non assegno 0 perché la rappresentazione non è ambigua: gli stereotipi sono riprodotti senza alcun segnale di consapevolezza o contestazione. Non ci sono elementi progressisti o di riconoscimento critico che bilancino i segnali problematici; la direzione dominante è quella della superficialità e della riproduzione di cliché etnici."
LA DOTTORESSA GIO;01;02;La dottoressa GioS01E02;01/11/1997;7;-1;L'episodio presenta alcuni riferimenti espliciti alla diversità etnica, ma la rappresentazione è prevalentemente superficiale e stereotipata. Gli unici personaggi neri vengono citati in modo scherzoso ('voi neri avete il ritmo nel sangue', 'ti viene un figlio cinese o nero come me, che è anche peggio') e mai contestati seriamente. I commenti razzisti sono trattati come battute tra colleghi e non generano disagio o reazione critica da parte dei personaggi positivi. Non c'è alcuna riflessione sulle questioni razziali, né consapevolezza o contestazione dei pregiudizi. Il tono generale è quello della normalizzazione dello stereotipo, senza ironia o consapevolezza, e i personaggi di etnia diversa sono ridotti a cliché (la collega nera è citata solo per il ritmo, la possibilità di 'figlio nero' è vista come peggio).;Non assegno -2 perché, pur essendo presenti stereotipi e battute razziste, questi non sono ripetuti da più personaggi in modo sistematico e non permeano l'intera narrazione. Non c'è una vera atmosfera di normalizzazione del pregiudizio, né i personaggi razzisti sono ritratti positivamente o come modelli. Il razzismo non è un tema dominante, ma rimane confinato a battute e allusioni.;Non assegno 0 perché non ci sono segnali contrastanti equivalenti: la rappresentazione della diversità è quasi esclusivamente superficiale e stereotipata, senza alcuna consapevolezza critica o contestazione. Non assegno +1 perché manca qualsiasi forma di riconoscimento consapevole o critica agli stereotipi, e i personaggi positivi non mostrano rispetto o disagio verso i commenti razzisti.
LA DOTTORESSA GIO;01;02;La dottoressa GioS01E02;01/11/1997;8;-1;L'episodio presenta alcuni riferimenti espliciti a razza ed etnia, ma la rappresentazione è superficiale e stereotipata. I personaggi di colore (ad esempio Mara) sono definiti da cliché ('voi neri avete il ritmo nel sangue', 'ti chiameranno la Pantera Bianca'), usati come battute senza alcuna distanza critica o consapevolezza. Queste frasi non vengono contestate né problematizzate da altri personaggi, e la narrazione non mostra alcuna riflessione sul razzismo. Inoltre, la presenza di personaggi non italiani è marginale e trattata con ironia (la donna tedesca che vuole il 'figlio italiano doc'), senza approfondimento o critica. Non si rileva un sostegno attivo alla discriminazione, né una normalizzazione sistemica, ma la diversità è ridotta a cliché e battute.;Non assegno -2 perché, pur essendo presenti stereotipi e battute razziali incontestate, non c'è una normalizzazione sistemica del pregiudizio: i personaggi razzisti non sono ritratti positivamente, né la narrazione suggerisce che tali atteggiamenti siano la norma sociale accettata. Non si arriva al livello di sostegno attivo (-3), dove il razzismo sarebbe promosso dai protagonisti o presentato come valore.;Non assegno 0 perché i segnali problematici sono dominanti e non bilanciati da elementi progressisti o di consapevolezza. Non assegno punteggi positivi perché manca qualsiasi critica, ironia consapevole o impegno nel riconoscere e affrontare il razzismo. La diversità non viene valorizzata né discussa in modo costruttivo.
LA DOTTORESSA GIO;01;02;La dottoressa GioS01E02;01/11/1997;9;-1;L'episodio presenta alcuni riferimenti espliciti a razza ed etnia, ma la rappresentazione è superficiale e stereotipata. I personaggi neri sono oggetto di battute e cliché ('voi neri avete il ritmo nel sangue', 'ti viene un figlio nero come me, che è anche peggio'), usati come battute tra colleghi e senza alcuna distanza critica o contestazione. Non c'è approfondimento sulle condizioni dei personaggi di diversa etnia, né consapevolezza o ironia che suggerisca una lettura critica. La narrazione si concentra su altri temi (fecondazione, violenza di genere, rapporti familiari), mentre le questioni razziali rimangono marginali e trattate con leggerezza, come se fossero normali battute di spirito. Nessun personaggio positivo contesta queste uscite, che restano incontestate e integrate nel tono generale.;Non assegno -2 o -3 perché, pur essendo presenti stereotipi e battute razziste, non sono centrali né sostenute attivamente dalla narrazione: i personaggi razzisti non sono ritratti come modelli positivi, né le idee discriminatorie sono presentate come 'giuste'. La narrazione non promuove esplicitamente la discriminazione, né la normalizza in modo strutturale e dominante. I riferimenti razziali sono più superficiali che ideologici.;Non assegno 0 perché non c'è un vero equilibrio tra elementi problematici e progressisti: la rappresentazione è chiaramente superficiale e stereotipata, senza segnali di consapevolezza o contestazione. Non assegno +1 perché manca qualsiasi forma di riconoscimento critico, ironia consapevole, o attribuzione dei commenti problematici a personaggi negativi. La diversità è presente solo come cliché, non come valore.
LA DOTTORESSA GIO;01;02;La dottoressa GioS01E02;01/11/1997;10;-1;L'episodio presenta alcuni riferimenti espliciti a razza ed etnia, ma la rappresentazione è superficiale e stereotipata. La battuta 'Metti che a quella poi gli viene un figlio cinese. O nero come me, che è anche peggio. Chi la sente?' è un esempio di ironia razzista non contestata, e il commento 'lo sanno tutti che voi neri avete il ritmo nel sangue!' riproduce uno stereotipo etnico senza alcuna distanza critica. Non ci sono personaggi di minoranza che abbiano ruoli centrali o dignitosi, e le battute a sfondo razziale sono trattate come normali, senza alcuna reazione negativa da parte degli altri personaggi. Tuttavia, il razzismo non è il tema centrale dell'episodio e non viene sostenuto attivamente dalla narrazione: le battute sono sporadiche e non costituiscono una posizione ideologica dominante.;Non assegno -2 perché il razzismo non è normalizzato come parte integrante dell'atmosfera generale: le battute sono poche e non ripetute da più personaggi, né sono presentate come valore condiviso o morale implicita. Non assegno -3 perché non ci sono personaggi positivi che sostengono attivamente idee razziste, né il testo promuove esplicitamente discriminazione.;Non assegno 0 perché gli stereotipi etnici sono riprodotti senza ironia consapevole o contestazione, e non ci sono segnali progressisti che bilancino gli elementi problematici. Non assegno punteggi positivi perché manca qualsiasi consapevolezza critica o impegno verso la questione razziale.
MEDICINA GENERALE;02;03;Medicina generaleS02E03;02/12/2009;1;+1;L’episodio presenta due casi in cui sono coinvolti personaggi stranieri: Oksana, una donna ucraina, e il suo fidanzato italiano. La narrazione mostra consapevolezza delle difficoltà burocratiche e sociali dei migranti (permesso di soggiorno, necessità di sposarsi per restare in Italia), ma lo fa in modo empatico e senza ricorrere a stereotipi negativi. I personaggi italiani trattano Oksana con rispetto e comprensione, aiutandola a trovare una soluzione legale e umana. Non ci sono battute o commenti razzisti, e la presenza di Oksana è pienamente dignitosa e integrata nel racconto. Tuttavia, il razzismo non viene affrontato come problema sociale strutturale, né c’è una riflessione esplicita sulle cause sistemiche della discriminazione.;"Non ci sono stereotipi, battute o atteggiamenti discriminatori nei confronti dei personaggi stranieri; anzi, la narrazione mostra empatia e rispetto. I personaggi positivi aiutano attivamente la protagonista straniera.";L’episodio non affronta il razzismo come problema sociale né propone una critica alle strutture di potere o soluzioni concrete per l’equità. La questione migratoria è trattata in modo personale e non sistemico, senza approfondire le cause della discriminazione.
MEDICINA GENERALE;02;03;Medicina generaleS02E03;02/12/2009;2;+1;L'episodio presenta due situazioni potenzialmente rilevanti per la rappresentazione del razzismo: la presenza di Oksana, una donna ucraina, e il suo fidanzato italiano, e la gestione del suo permesso di soggiorno legato al matrimonio. Oksana viene trattata con rispetto dai medici e dagli altri personaggi, che si preoccupano sinceramente per la sua salute e cercano soluzioni concrete per aiutarla. Il tema del permesso di soggiorno viene affrontato in modo pragmatico, senza battute o stereotipi negativi, e il matrimonio tra i due viene presentato come un atto d'amore e solidarietà, non come una farsa o un espediente. Non emergono commenti razzisti o pregiudizi verso Oksana o altri personaggi di origine straniera. L'unico accenno al tema migratorio è la preoccupazione di Oksana per il permesso, ma nessuno la stigmatizza o la tratta come 'diversa'. Il tono generale è di accoglienza e rispetto, con una consapevolezza delle difficoltà burocratiche che i migranti affrontano in Italia. Tuttavia, non si arriva a una critica strutturale del sistema né a una centralità delle voci marginalizzate.;Non ci sono stereotipi, battute o atteggiamenti discriminatori verso Oksana o altri personaggi stranieri. Nessuno normalizza il pregiudizio, né minimizza la sua condizione. La narrazione mostra empatia e rispetto.;L'episodio non approfondisce le cause sistemiche del razzismo né pone le voci migranti al centro della narrazione. Il tema viene trattato in modo personale e pragmatico, senza un vero impegno critico o analisi trasformativa.
MEDICINA GENERALE;02;03;Medicina generaleS02E03;02/12/2009;3;+1;"L'episodio presenta la questione migratoria e la presenza di personaggi stranieri (Oksana, ucraina) in modo dignitoso e umano, senza stereotipi negativi. Le difficoltà burocratiche (permesso di soggiorno) sono trattate con empatia e come ostacolo da superare, non come colpa o difetto. I personaggi italiani mostrano rispetto e supporto verso Oksana e il suo compagno, aiutandoli concretamente (matrimonio accelerato per evitare l'espulsione). Non ci sono battute razziste o stereotipi etnici; l'unico commento ironico (“mamma mia, manco una battuta si può fare”) viene subito contestato e non riguarda la questione razziale. Il tono generale è di solidarietà e inclusione, ma manca una vera analisi critica delle cause sistemiche o una centralità delle voci marginalizzate.";Non ci sono stereotipi, battute razziste, né normalizzazione del pregiudizio. L'episodio non minimizza né tratta superficialmente la diversità, anzi mostra consapevolezza e rispetto.;Non c'è un dibattito esplicito sul razzismo come problema sociale, né una critica alle strutture di potere o una centralità delle voci migranti. La questione viene affrontata in modo empatico ma non trasformativo o strutturale.
MEDICINA GENERALE;02;03;Medicina generaleS02E03;02/12/2009;4;+1;"L'episodio presenta diversi personaggi di origine straniera (Oksana, ucraina) e italiani che interagiscono con lei e il suo compagno senza ostilità o pregiudizi. La questione del permesso di soggiorno viene affrontata con empatia: i medici cercano soluzioni per permettere il matrimonio e il ricovero, mostrando attenzione alle difficoltà burocratiche dei migranti. Non emergono stereotipi etnici né battute razziste; Oksana è trattata come una persona, non come 'straniera'. Il tono generale è rispettoso e consapevole, con personaggi positivi che mostrano apertura e solidarietà. Tuttavia, il razzismo non viene affrontato come problema sociale né analizzato in profondità: la narrazione si limita a riconoscere le difficoltà dei migranti senza proporre una critica strutturale.";Non ci sono battute, stereotipi o atteggiamenti discriminatori normalizzati. Nessun personaggio mostra pregiudizi verso Oksana o altri migranti, e la sua condizione viene trattata con rispetto e attenzione. Il contesto ospedaliero favorisce l'inclusione e la solidarietà.;L'episodio non sviluppa un discorso critico sul razzismo come problema sociale, né esplora le cause sistemiche della discriminazione. Le voci marginalizzate non sono centrali nella narrazione, e non ci sono soluzioni concrete per l'equità: la questione migratoria resta sullo sfondo, affrontata solo come ostacolo burocratico personale.
MEDICINA GENERALE;02;03;Medicina generaleS02E03;02/12/2009;5;+1;"L'episodio presenta due casi in cui la questione migratoria/etnica emerge: Oksana, ucraina, e il suo permesso di soggiorno, e la sua relazione con Arturo. La narrazione mostra empatia verso Oksana e il suo compagno, che affrontano ostacoli burocratici e sanitari; i medici cercano soluzioni e non mostrano pregiudizi, anzi, si impegnano per aiutarli. Non ci sono battute o stereotipi negativi sull'origine di Oksana, né viene trattata come 'diversa' in modo problematico. Il suo problema di permesso di soggiorno è affrontato come un ostacolo pratico, non come motivo di esclusione. Il tono generale è rispettoso e consapevole, con personaggi positivi che si impegnano per il benessere della coppia. Tuttavia, la questione razziale non è centrale né viene affrontata in modo strutturale o critico, ma solo come elemento di contesto.";Non ci sono stereotipi, battute razziste, né normalizzazione del pregiudizio. I personaggi di origine straniera sono trattati con rispetto e umanità, e la narrazione non minimizza né ridicolizza la loro condizione.;L'episodio non affronta il razzismo come problema sociale, né propone una critica alle strutture di potere o soluzioni concrete. La questione migratoria è presente ma non centrale, e non si sviluppa un dibattito esplicito sui temi razziali. Le voci marginalizzate non sono centrali né autorevoli nella narrazione.
MEDICINA GENERALE;02;03;Medicina generaleS02E03;02/12/2009;6;+1;L'episodio presenta due sottotrame che coinvolgono personaggi stranieri: Oksana, una donna ucraina, e la sua relazione con Arturo, un italiano. Oksana è trattata con rispetto dal personale medico e la sua condizione di migrante viene affrontata in modo empatico: il problema del permesso di soggiorno viene esplicitato e i medici cercano soluzioni pratiche per aiutarla, senza mai ricorrere a stereotipi o battute razziste. Il personale sanitario mostra apertura e comprensione, e la narrazione attribuisce valore alla relazione interculturale senza ridicolizzarla. Non ci sono battute o atteggiamenti razzisti, e i personaggi italiani positivi mostrano rispetto e supporto verso Oksana. La presenza di personaggi stranieri è trattata con normalità e dignità, ma non si va oltre un riconoscimento consapevole: il razzismo non è un tema centrale, né viene affrontato in modo strutturale.;Non ci sono stereotipi, battute o atteggiamenti discriminatori verso Oksana o altri personaggi stranieri. Nessun personaggio mette in discussione la sua presenza o la sua relazione con un italiano. Il personale medico si mostra collaborativo e rispettoso, e la narrazione non normalizza né minimizza il pregiudizio.;L'episodio non affronta il razzismo come problema sociale, né ci sono momenti di dibattito esplicito o crescita rispetto ai pregiudizi. La questione migratoria è trattata solo come ostacolo burocratico, non come discriminazione sistemica. Le voci marginalizzate non sono centrali e non c'è una critica alle strutture di potere. Si resta a un livello di consapevolezza e rispetto, senza impegno critico o trasformativo.
MEDICINA GENERALE;02;03;Medicina generaleS02E03;02/12/2009;7;+1;L'episodio presenta due personaggi di origine straniera: Oksana, una donna ucraina, e il suo fidanzato italiano. Oksana è trattata con rispetto e umanità, sia dai medici che dal personale ospedaliero. La sua condizione di migrante emerge solo in relazione a questioni burocratiche (permesso di soggiorno e matrimonio), senza mai essere oggetto di scherno, sospetto o stereotipi negativi. I personaggi italiani mostrano empatia e cercano soluzioni per aiutarla, anche di fronte alle difficoltà amministrative. Non ci sono battute razziste, né stereotipi etnici, e la narrazione attribuisce a Oksana e al suo compagno una piena dignità narrativa. Tuttavia, il tema del razzismo non viene affrontato in modo esplicito o critico: la presenza della diversità è riconosciuta e trattata con rispetto, ma non si va oltre una rappresentazione consapevole e positiva.;Non ci sono stereotipi, battute o atteggiamenti discriminatori nei confronti dei personaggi stranieri. La loro presenza è trattata con rispetto e umanità, e la narrazione non normalizza né minimizza il pregiudizio.;L'episodio non affronta il razzismo come problema sociale, né propone una critica esplicita alle strutture di potere o alle cause sistemiche della discriminazione. La questione etnica è presente solo come sfondo burocratico e umano, senza un impegno critico o trasformativo.
MEDICINA GENERALE;02;03;Medicina generaleS02E03;02/12/2009;8;0;L'episodio presenta alcuni personaggi stranieri (Oksana, ucraina) e una relazione mista, ma la questione razziale/etnica non è centrale né tematizzata. Oksana è trattata con rispetto e la sua situazione (permesso di soggiorno) viene affrontata con empatia e senza stereotipi. Tuttavia, la sua identità etnica è funzionale solo alla trama burocratica (matrimonio per permesso), senza approfondimento delle sue esperienze come migrante. Non emergono battute o atteggiamenti razzisti, né in positivo né in negativo. La presenza della diversità è neutra, senza né valorizzazione né pregiudizio marcato. Non ci sono segnali dominanti che spingano verso una posizione critica o discriminatoria: la rappresentazione è ambigua e superficiale, ma non problematica.;Non ci sono stereotipi, battute o atteggiamenti discriminatori verso Oksana o altri personaggi stranieri. Nessun personaggio esprime pregiudizi, né la narrazione li normalizza o li minimizza.;L'episodio non tematizza il razzismo come problema sociale, né mostra consapevolezza critica o impegno trasformativo. La presenza della diversità è accessoria e non si traduce in messaggi di inclusione o critica agli stereotipi.
MEDICINA GENERALE;02;03;Medicina generaleS02E03;02/12/2009;9;+1;"L'episodio presenta due casi in cui la questione etnica/migratoria è esplicitamente nominata: Oksana, donna ucraina, e il suo fidanzato italiano. Il tema del permesso di soggiorno viene affrontato con empatia dai personaggi medici, che cercano soluzioni pratiche e mostrano rispetto per la sua situazione. Oksana non è ridotta a uno stereotipo etnico, ma ha una storia personale, è innamorata, e viene trattata con dignità. Non ci sono battute razziste né stereotipi negativi; i personaggi positivi (medici) si mostrano disponibili e rispettosi. Il tono generale è di accoglienza e comprensione, anche se la questione migratoria resta sullo sfondo e non viene problematizzata in modo strutturale.";Non ci sono commenti razzisti, né normalizzazione di pregiudizi. Oksana non viene mai ridicolizzata o trattata come 'diversa' in senso negativo. La sua condizione di migrante è trattata con rispetto e comprensione, senza minimizzazione né stereotipi.;"L'episodio non offre una critica strutturale al razzismo o alle politiche migratorie, né centra la voce della persona migrante come protagonista assoluta. Il razzismo non è affrontato come problema sociale né vengono proposte soluzioni concrete; la narrazione si limita a mostrare consapevolezza e rispetto individuale."
MEDICINA GENERALE;02;03;Medicina generaleS02E03;02/12/2009;10;+1;L'episodio presenta due casi in cui la questione migratoria e la diversità etnica sono esplicitamente menzionate: Oksana, ucraina, e la sua situazione legata al permesso di soggiorno, e il suo fidanzato italiano. Il racconto non indulge in stereotipi negativi, né mostra atteggiamenti razzisti o discriminatori da parte dei personaggi principali. Anzi, i medici si dimostrano comprensivi e cercano soluzioni pratiche per aiutare Oksana e il suo compagno, anche se il tema del permesso di soggiorno viene trattato come ostacolo burocratico e non come pregiudizio. Il tono generale è rispettoso e pragmatico, con una leggera ironia ma senza malizia. I personaggi di origine straniera sono rappresentati come individui complessi, con problemi reali e non ridotti a cliché. Non ci sono battute o commenti razzisti, né normalizzazione del pregiudizio. Tuttavia, manca una vera analisi strutturale del razzismo o una critica esplicita alle strutture di potere, e la questione migratoria resta sullo sfondo come dato di realtà.;Non ci sono stereotipi etnici, battute razziste, né normalizzazione del pregiudizio. I personaggi stranieri non sono ridotti a cliché e vengono trattati con rispetto e umanità. Il tema migratorio è affrontato con empatia e senza ironia offensiva.;L'episodio non sviluppa un vero impegno critico (+2) né una riflessione strutturale (+3) sul razzismo. Non viene affrontato il tema come problema sociale, né ci sono dibattiti o crescita dei personaggi rispetto ai pregiudizi. La questione resta circoscritta alla burocrazia e all'assistenza, senza una critica più ampia.
BRACCIALETTI ROSSI;02;02;Braccialetti RossiS02E02;21/01/2014;1;0;L'episodio non presenta riferimenti diretti o centrali a tematiche razziali o etniche. L'unico momento in cui emergono elementi legati all'etnia riguarda il personaggio di Chicco/Makpantai, che viene preso in giro per le sue origini asiatiche (scambiato per cinese quando è filippino) e subisce alcune battute stereotipate dai coetanei. Tuttavia, queste battute sono trattate con leggerezza e non sono né apertamente criticate né sostenute dalla narrazione. Il focus principale dell'episodio resta sulle malattie, le relazioni e le dinamiche familiari tra adolescenti. Non ci sono altri personaggi non italiani o scene che affrontino il razzismo come tema, né in senso problematico né in senso progressista. Nel complesso, i pochi elementi problematici sono bilanciati da un tono generalmente neutro e non ostile.;Le battute su Makpantai sono superficiali e stereotipate, ma non raggiungono il livello di normalizzazione o sostegno attivo al pregiudizio: non c'è un'atmosfera di accettazione del razzismo, né i personaggi positivi esprimono idee discriminatorie senza conseguenze. Le prese in giro sono più ignoranza adolescenziale che vera ostilità, e non sono il focus dell'episodio.;Non ci sono segnali di consapevolezza critica, impegno contro il razzismo o centralità di voci marginalizzate. Gli stereotipi non vengono contestati né discussi, e la narrazione non mostra alcuna intenzione di affrontare il tema in modo costruttivo. L'episodio non offre spunti di riflessione o crescita sui temi razziali.
BRACCIALETTI ROSSI;02;02;Braccialetti RossiS02E02;21/01/2014;2;0;L'episodio non presenta alcuna trama o situazione incentrata sul razzismo o sulle questioni etniche. L'unico passaggio che richiama vagamente la diversità etnica è la scena tra Chicco (filippino) e altri ragazzi, dove viene fatto un commento stereotipato ('Filippino-cinese sempre asiatico sei') e una battuta sui nomi asiatici. Tuttavia, la scena è trattata in modo leggero, senza vera ostilità, e subito dopo il personaggio si presenta con il suo vero nome, che viene accettato e anche apprezzato dagli altri. Non ci sono né contestazioni esplicite né una vera normalizzazione del pregiudizio: la battuta è isolata, non sostenuta dalla narrazione, né contestata. Nel complesso, la rappresentazione della diversità etnica è minima e ambigua: il personaggio asiatico ha un ruolo secondario, non definito solo dalla sua etnia, e la breve scena non permette di attribuire un orientamento dominante né negativo né positivo. Gli altri temi dell'episodio (malattia, amicizia, famiglia) sono centrali e non collegati a questioni razziali.;Non assegno un punteggio inferiore perché la battuta stereotipata è isolata, non reiterata e non sostenuta dalla narrazione o dagli altri personaggi. Non c'è normalizzazione del pregiudizio né personaggi che subiscono discriminazione sistematica.;Non assegno un punteggio superiore perché manca qualsiasi consapevolezza critica, riconoscimento o impegno sui temi del razzismo. La diversità etnica è trattata in modo superficiale e la scena resta ambigua, senza segnali chiari di direzione positiva.
BRACCIALETTI ROSSI;02;02;Braccialetti RossiS02E02;21/01/2014;3;0;L'episodio non presenta tematiche razziali come trama principale né secondaria. L'unico momento rilevante è una breve scena tra due ragazzi (uno filippino, Makpantai, soprannominato 'Chicco', e altri personaggi) in cui viene fatto un commento stereotipato ('filippino-cinese sempre asiatico sei', nomi storpiati tipo 'Chin-Chan-Pai'), ma la battuta viene subito ridimensionata dal diretto interessato che corregge e rivendica la propria identità ('non so il cinese, so filippino!'). Il tono resta leggero, da presa in giro adolescenziale, senza che il personaggio venga ridicolizzato o marginalizzato. Non ci sono altri riferimenti a razza o etnia, né positivi né negativi. Gli altri temi dell'episodio (malattia, amicizia, famiglia, disabilità) sono centrali e trattati con sensibilità.;"Il commento stereotipato non viene mai sostenuto come verità o normalizzato dal gruppo; anzi, il personaggio asiatico risponde con ironia e afferma la sua identità. Non ci sono ripetizioni di pregiudizi, né esclusione o ridicolizzazione sistematica. Il tono non è di scherno pesante né di normalizzazione del pregiudizio.";"Non c'è nessun elemento di consapevolezza critica, né una riflessione esplicita o implicita sugli stereotipi razziali. Il tema razziale è solo sfiorato e non tematizzato; la narrazione non prende posizione né in senso negativo né positivo, e la rappresentazione della diversità etnica resta marginale e priva di profondità."
BRACCIALETTI ROSSI;02;02;Braccialetti RossiS02E02;21/01/2014;4;N/A;Nell'episodio, sulla base dei sottotitoli forniti, non sono presenti riferimenti espliciti o impliciti a razza, etnia, migrazione, o questioni legate al razzismo. I temi centrali riguardano malattia, disabilità, relazioni familiari e sentimentali, e dinamiche tra adolescenti in ospedale. L'unico accenno a diversità riguarda la disabilità fisica (gamba artificiale, cecità), ma non vi sono personaggi o situazioni riconducibili a minoranze etniche o a dinamiche di discriminazione razziale.;Non è applicabile un punteggio negativo perché non ci sono elementi di discriminazione razziale o etnica da valutare.;Non è applicabile un punteggio positivo perché l'episodio non affronta né direttamente né indirettamente il tema del razzismo o della rappresentazione etnica.
BRACCIALETTI ROSSI;02;02;Braccialetti RossiS02E02;21/01/2014;5;0;L'episodio non presenta riferimenti espliciti o trame centrali legate al razzismo o alle questioni etniche. L'unico momento che sfiora il tema è uno scambio tra due ragazzi in cui uno, di origine filippina, viene preso in giro con battute superficiali sul suo nome e sulla sua provenienza asiatica, ma la scena è breve, non particolarmente carica di ostilità, e viene trattata come una battuta tra adolescenti. Non ci sono altri elementi che tematizzano la diversità etnica, né in senso positivo né negativo. Il focus dell'episodio è sulle malattie, le relazioni tra i ragazzi e le loro famiglie, e il vissuto ospedaliero.;Le battute sull'origine asiatica di Makpantai sono superficiali e stereotipate, ma non vengono mai presentate come normali o accettabili dal gruppo nel suo insieme: sono scambi tra due personaggi, senza che la narrazione le valorizzi o le lasci passare come innocue. Non c'è una reiterazione o una normalizzazione del pregiudizio, né personaggi positivi che sostengano idee discriminatorie.;Non ci sono elementi di consapevolezza critica, impegno attivo o analisi strutturale del razzismo. L'unica scena che sfiora il tema della diversità etnica si limita a uno scambio di battute stereotipate, senza alcuna riflessione o contestazione esplicita, ma anche senza particolare malizia o centralità narrativa. Non ci sono personaggi di minoranze etniche con ruoli centrali o dignitosi che vadano oltre il cliché.
BRACCIALETTI ROSSI;02;02;Braccialetti RossiS02E02;21/01/2014;6;0;"L'episodio non presenta riferimenti espliciti a razzismo o etnia nella trama principale. L'unico segmento che sfiora il tema riguarda il personaggio di Chico/Makpantai, di origine filippina, che viene preso in giro da altri ragazzi con battute sugli asiatici ('filippino-cinese sempre asiatico sei', nomi inventati tipo 'Chin-Chan-Pai'). Tuttavia, queste battute sono presentate in modo ambiguo: da un lato sono stereotipate e non vengono apertamente contestate; dall'altro, il tono è più da presa in giro adolescenziale che da vera ostilità, e il personaggio risponde con ironia. Non ci sono però segnali forti di critica o consapevolezza, né di approvazione esplicita. Nel resto dell'episodio, la diversità etnica non è tematizzata e i personaggi di minoranza non sono centrali. La rappresentazione resta quindi in equilibrio tra elementi problematici (stereotipi non criticati) e una generale mancanza di ostilità o sostegno.";Le battute su Chico/Makpantai sono superficiali e stereotipate, ma non c'è un'atmosfera di vera normalizzazione del pregiudizio (-2) né sostegno attivo alla discriminazione (-3): nessun personaggio positivo sostiene idee razziste, e il tono resta leggero, senza conseguenze negative per il personaggio etnico.;Non ci sono segnali di consapevolezza critica (+1) o di impegno esplicito contro il razzismo: le battute stereotipate non vengono contestate, e la diversità resta trattata in modo superficiale. Il personaggio di Chico/Makpantai non viene valorizzato per la sua identità, né la narrazione offre spunti di riflessione sugli stereotipi.
BRACCIALETTI ROSSI;02;02;Braccialetti RossiS02E02;21/01/2014;7;0;Nell'episodio non ci sono riferimenti espliciti a razza o etnia come tema centrale. L'unico momento che tocca la questione è una breve scena di scambio tra i ragazzi, in cui un personaggio (Chicco) viene preso in giro per la sua presunta origine asiatica ('filippino-cinese sempre asiatico sei', 'Chin-Chan-Pai, Cheung-Ful...'), ma la battuta è subito ridimensionata dalla risposta del personaggio ('io non so il cinese, so filippino!'), che rivendica la propria identità. Non ci sono però né una vera contestazione né una valorizzazione della diversità: la scena rimane sul piano della battuta superficiale, senza conseguenze o riflessioni. Nel resto dell'episodio, la narrazione si concentra su malattia, amicizia, relazioni familiari e sentimentali, senza ulteriori riferimenti etnici o razziali.;Non assegno un punteggio inferiore perché la battuta sugli 'asiatici' non viene presentata come norma accettata o come stereotipo ripetuto da più personaggi, né c'è una rappresentazione attiva di discriminazione o normalizzazione del pregiudizio. Il tono è superficiale e non ostile, e il personaggio oggetto della battuta risponde senza subire umiliazione o marginalizzazione.;Non assegno un punteggio superiore perché manca qualsiasi forma di consapevolezza critica, contestazione esplicita o valorizzazione della diversità. La battuta rimane acritica e non viene usata per stimolare una riflessione o per mettere in discussione gli stereotipi. Non ci sono elementi di impegno critico o trasformativo.
BRACCIALETTI ROSSI;02;02;Braccialetti RossiS02E02;21/01/2014;8;0;L'episodio non presenta riferimenti espliciti o centrali a tematiche razziali o etniche. L'unico passaggio rilevante è una breve scena di scambio tra due ragazzi in cui uno viene chiamato 'cinese' e risponde di essere filippino, con una battuta che gioca su stereotipi ('filippino-cinese sempre asiatico sei', 'Chin-Chan-Pai, Cheung-Ful...'). Tuttavia, la scena è breve, non è centrale, non viene né enfatizzata né problematizzata, e i personaggi coinvolti non sono caratterizzati principalmente dalla loro etnia. Il tono è quello di una presa in giro superficiale tra adolescenti, ma non c'è una vera normalizzazione del pregiudizio su larga scala, né un riconoscimento consapevole o una critica. Il resto dell'episodio si concentra su malattia, amicizia, famiglia e crescita personale, senza altri riferimenti a razza o etnia.;Il riferimento agli stereotipi asiatici è presente ma circoscritto a una battuta, non reiterato né sostenuto dalla narrazione. Non c'è un'atmosfera generale di normalizzazione del pregiudizio (-2) né una rappresentazione attiva e positiva di idee discriminatorie (-3). Il personaggio filippino non viene ridotto esclusivamente al suo essere 'diverso', né subisce conseguenze negative o isolamento.;Non ci sono segnali di consapevolezza critica, né di impegno attivo contro il razzismo. La battuta sugli stereotipi asiatici non viene contestata né usata per stimolare una riflessione, e non c'è alcuna analisi delle cause o delle dinamiche della discriminazione. L'episodio non offre spunti progressisti o trasformativi sulla questione razziale.
BRACCIALETTI ROSSI;02;02;Braccialetti RossiS02E02;21/01/2014;9;N/A;Nell'episodio, sulla base dei sottotitoli forniti, non ci sono riferimenti espliciti o impliciti a razza, etnia, migrazione o questioni razziali. I temi trattati riguardano principalmente malattia, amicizia, relazioni familiari e crescita personale. I personaggi, le loro interazioni e i conflitti ruotano attorno all'esperienza ospedaliera, alla disabilità e alle dinamiche adolescenziali, senza alcun accenno a stereotipi etnici o a situazioni di discriminazione razziale.;Non è applicabile un punteggio negativo perché non sono presenti elementi di discriminazione, stereotipi o pregiudizi razziali.;"Non è applicabile un punteggio positivo perché non vengono affrontati temi legati al razzismo o alla diversità etnica; la questione non viene proprio toccata."
BRACCIALETTI ROSSI;02;02;Braccialetti RossiS02E02;21/01/2014;10;0;L'episodio non presenta quasi nessun riferimento diretto a razza o etnia, se non in una breve scena tra ragazzi in cui viene fatto un commento stereotipato su un personaggio asiatico (Chicco/Makpantai), scambiato per cinese mentre è filippino. La battuta è superficiale, ma viene subito corretta dal personaggio stesso, che afferma la propria identità. Il tono generale rimane leggero e non c'è insistenza né complicità collettiva nel pregiudizio. Nel resto dell'episodio, la questione razziale non è tematizzata né problematizzata, e i personaggi di background non italiano sono marginali e non approfonditi, ma non ridotti a caricature. L'orientamento dominante è l'assenza di una posizione chiara sul tema: né critica né normalizzazione evidente.;Il commento stereotipato è isolato, non sostenuto né rafforzato dalla narrazione, e viene subito corretto dal diretto interessato. Non c'è una normalizzazione diffusa né una ripetizione di pregiudizi, e i personaggi positivi non avallano atteggiamenti discriminatori.;Non c'è alcuna consapevolezza critica, né impegno a tematizzare la questione razziale o a sfidare pregiudizi. La presenza di personaggi non italiani è solo funzionale e non problematizzata, e l'unico riferimento etnico è trattato in modo superficiale, senza spunti di riflessione o crescita.
BRACCIALETTI ROSSI;02;05;Braccialetti RossiS02E05;04/02/2014;1;+1;L'episodio presenta un gruppo di ragazzi con background diversi, tra cui un personaggio filippino (Chicco) che ha un ruolo centrale, positivo e sfaccettato. Chicco viene descritto con affetto e rispetto, e la sua diversità è riconosciuta ma mai ridicolizzata o ridotta a puro stereotipo. C'è una breve battuta sul suo aspetto ('sembra Kung Fu Panda'), ma il tono è affettuoso e non denigratorio, e il personaggio è valorizzato per le sue qualità umane e il suo contributo al gruppo. Non emergono stereotipi etnici negativi né battute razziste normalizzate. La presenza di Chicco è trattata con naturalezza e rispetto, e in una scena importante mostra consapevolezza della propria cultura (il perdono 'nel paese da dove vengo'). Tuttavia, non c'è un vero approfondimento critico sul razzismo come problema sociale, né una discussione esplicita sulle discriminazioni, quindi non si va oltre il riconoscimento consapevole.;Non ci sono elementi di normalizzazione del pregiudizio, né stereotipi dannosi o battute razziste lasciate incontestate. La rappresentazione di Chicco è positiva e rispettosa, e il gruppo mostra accettazione e affetto. L'unica battuta potenzialmente problematica è inserita in un contesto di amicizia e non ha peso discriminatorio.;L'episodio non affronta il razzismo come problema sociale né mette in scena un dibattito esplicito o una crescita dei personaggi su questi temi. Non c'è una critica alle strutture di potere né un'analisi delle cause sistemiche della discriminazione. La narrazione si limita a una rappresentazione rispettosa e consapevole, senza però impegnarsi in modo critico o trasformativo.
BRACCIALETTI ROSSI;02;05;Braccialetti RossiS02E05;04/02/2014;2;+1;L'episodio presenta una rappresentazione della diversità etnica principalmente attraverso il personaggio di Chicco, ragazzo filippino, che viene descritto con affetto e centralità nel gruppo. Chicco è apprezzato per le sue qualità umane e il suo ruolo positivo, e viene definito 'un angelo travestito' dal padre di Flam, sottolineando il suo valore. Tuttavia, ci sono alcuni accenni a stereotipi (ad esempio il paragone con Kung Fu Panda e l'accento sul suo aspetto fisico), ma questi non sono mai usati in modo denigratorio e sono inseriti in un contesto di affetto e amicizia. Non ci sono battute razziste o situazioni di discriminazione, e la presenza di Chicco è trattata con rispetto e normalità, senza che la sua etnia sia ridotta a un cliché. Il gruppo accoglie Chicco come uno di loro, e la narrazione mostra consapevolezza e rispetto verso la diversità, anche se non c'è un impegno esplicito a livello sociale o una critica strutturale al razzismo.;Non assegno un punteggio più basso perché la rappresentazione di Chicco non è mai denigratoria né ridotta a puro stereotipo: il personaggio ha spessore, è centrale e viene valorizzato per le sue qualità personali. Eventuali riferimenti al suo aspetto sono affettuosi e non offensivi, e non c'è alcuna normalizzazione o minimizzazione di pregiudizi.;Non assegno un punteggio più alto perché l'episodio non affronta il razzismo come problema sociale, né propone una critica esplicita alle strutture di potere o soluzioni per l'equità. La consapevolezza della diversità è presente, ma non si arriva a un impegno critico (+2) o a un inquadramento trasformativo (+3): la narrazione si limita a mostrare rispetto e inclusione senza approfondire il tema.
BRACCIALETTI ROSSI;02;05;Braccialetti RossiS02E05;04/02/2014;3;+1;"L'episodio presenta la presenza di un personaggio filippino (Chicco) che ha un ruolo significativo e positivo all'interno del gruppo, viene descritto con affetto e rispetto dagli altri, e partecipa attivamente alle dinamiche emotive e narrative. Alcuni riferimenti alla sua etnia (""il ragazzo filippino, tutto cicciottello. Con quel faccione sembra Kung Fu Panda"") sono stereotipati ma inseriti in un contesto di affetto familiare e non di derisione, e non vengono usati per ridicolizzarlo o marginalizzarlo. Chicco ha agency, mostra emozioni complesse, chiede perdono secondo le sue tradizioni culturali e viene riconosciuto e apprezzato dagli altri personaggi. Non si rilevano battute razziste o situazioni di discriminazione normalizzata. La narrazione mostra consapevolezza e rispetto per la diversità, anche se non si arriva a un livello di impegno critico o di analisi strutturale del razzismo.";"Non assegno un punteggio più basso perché la presenza di stereotipi è minima, non offensiva e contestualizzata in modo affettuoso; Chicco non è ridicolizzato né ridotto a un cliché, ma partecipa pienamente alla storia e viene valorizzato.";Non assegno un punteggio più alto perché, pur essendoci una rappresentazione positiva e consapevole, l'episodio non affronta il razzismo come problema sociale, non ci sono discussioni esplicite sui pregiudizi né una critica alle strutture di potere. La diversità è riconosciuta e rispettata, ma non tematizzata in modo approfondito.
BRACCIALETTI ROSSI;02;05;Braccialetti RossiS02E05;04/02/2014;4;+1;L’episodio presenta un gruppo di ragazzi con background diversi, tra cui un personaggio filippino (Chicco), integrato nel gruppo e descritto con affetto e rispetto. I riferimenti alla sua etnia sono presenti (ad esempio viene chiamato 'il ragazzo filippino, tutto cicciottello. Con quel faccione sembra Kung Fu Panda'), ma sono inseriti in un contesto di familiarità e non di scherno, e non sono accompagnati da atteggiamenti discriminatori o esclusivi. Chicco è centrale in alcune scene emotive e viene riconosciuto per il suo valore umano, non ridotto solo alla sua etnia. Non ci sono battute razziste o stereotipi pesanti non contestualizzati, e la narrazione mostra una certa consapevolezza: la diversità è normalizzata e trattata con rispetto, anche se non c’è un approfondimento critico o una riflessione strutturale sul razzismo.;Non assegno un punteggio più basso perché non ci sono scene o battute che normalizzano il pregiudizio o presentano stereotipi etnici in modo negativo o acritico. Il personaggio di Chicco è benvoluto, parte del gruppo, e la sua etnia non è mai usata per marginalizzarlo o ridicolizzarlo.;Non assegno un punteggio più alto perché l’episodio non affronta il razzismo come problema sociale, né propone una critica esplicita alle strutture di potere o una riflessione profonda sulle cause sistemiche della discriminazione. La presenza della diversità è trattata con rispetto, ma non si va oltre un riconoscimento consapevole.
BRACCIALETTI ROSSI;02;05;Braccialetti RossiS02E05;04/02/2014;5;+1;L'episodio presenta un gruppo di ragazzi con background diversi, incluso un personaggio filippino (Chicco) che ha un ruolo centrale e positivo. Chicco viene descritto con affetto e rispetto, è parte integrante del gruppo e la sua etnia è menzionata solo per identificarlo, non per ridicolizzarlo o stereotiparlo pesantemente. Alcuni riferimenti al suo aspetto (ad es. 'faccione sembra Kung Fu Panda') sono battute che potrebbero essere considerate stereotipate, ma sono dette in un contesto affettuoso e non denigratorio, e non vengono mai usate per marginalizzarlo. Chicco ha agency, mostra emozioni, prende iniziative (chiede perdono secondo la sua cultura), e viene riconosciuto per il suo valore umano. Non ci sono battute o situazioni razziste normalizzate o presentate come innocue. Il tono generale è di inclusione e rispetto, anche se non si affronta mai il razzismo come problema sociale.;Non ci sono stereotipi etnici pesanti, né battute razziste normalizzate o presentate come divertenti. Chicco non è ridotto a un cliché, ma ha profondità emotiva e viene trattato come pari dagli altri personaggi.;L'episodio non affronta mai il razzismo come problema sociale né mette al centro una critica strutturale o sistemica. La presenza di Chicco è positiva e consapevole, ma non si va oltre il riconoscimento rispettoso della diversità: manca un impegno critico o trasformativo.
BRACCIALETTI ROSSI;02;05;Braccialetti RossiS02E05;04/02/2014;6;+1;L'episodio presenta una rappresentazione della diversità etnica attraverso il personaggio di Chicco, ragazzo filippino, che viene descritto con affetto e centralità nel gruppo. Chicco è parte integrante della narrazione, ha un ruolo attivo e positivo, e viene apprezzato per il suo carattere e le sue azioni. Alcuni riferimenti alla sua etnia sono presenti (ad esempio il padre che lo descrive come 'il ragazzo filippino, tutto cicciottello, con quel faccione sembra Kung Fu Panda'), ma sono inseriti in un contesto familiare e non vengono mai caricati di disprezzo o esclusione. Non ci sono battute razziste o stereotipi offensivi attribuiti a personaggi positivi, e i pochi accenni all'origine di Chicco sono trattati con leggerezza o ironia benevola. La narrazione mostra consapevolezza e rispetto verso la diversità, anche se non affronta mai il razzismo come problema sociale.;Non ci sono stereotipi etnici ripetuti senza distanza critica, né battute razziste normalizzate. Chicco è un personaggio positivo, benvoluto e centrale, e la sua etnia non è mai motivo di discriminazione o ridicolizzazione. Il tono generale è inclusivo e rispettoso.;L'episodio non affronta mai il razzismo come problema sociale, né mette in scena un dibattito esplicito sui pregiudizi o sulle strutture di potere. Non ci sono momenti di impegno critico o analisi trasformativa: la diversità è riconosciuta e rispettata, ma non tematizzata o problematizzata.
BRACCIALETTI ROSSI;02;05;Braccialetti RossiS02E05;04/02/2014;7;+1;L'episodio presenta un gruppo di ragazzi con background diversi, tra cui un personaggio filippino (Chicco) che ha un ruolo centrale, positivo e sfaccettato. Chicco è descritto con affetto e rispetto, viene riconosciuto per il suo valore umano e il suo contributo al gruppo, e non è mai ridicolizzato o ridotto a uno stereotipo etnico. L'unico riferimento alla sua origine è in un contesto familiare e affettuoso, senza connotazioni negative. I pochi accenni a differenze culturali (es. il modo di chiedere perdono 'nel mio paese') sono trattati con rispetto e curiosità, non con ironia o distanza. Non ci sono battute razziste o stereotipi etnici, e la diversità di Chicco è integrata nel racconto senza essere problematizzata. Il tono generale è di accoglienza e valorizzazione della diversità, anche se non c'è una riflessione esplicita sulle dinamiche del razzismo.;Non ci sono elementi di normalizzazione, minimizzazione o riproduzione di stereotipi etnici. Nessun personaggio fa battute o commenti problematici, e la presenza di Chicco è positiva e rispettata. L'episodio non si limita a una rappresentazione superficiale, ma mostra il personaggio come parte integrante del gruppo.;L'episodio non affronta il razzismo come problema sociale né propone una critica strutturale alle discriminazioni. Non ci sono discussioni esplicite sul tema, né vengono mostrate conseguenze di pregiudizi o dinamiche di potere. La diversità è riconosciuta e rispettata, ma non è oggetto di approfondimento critico o trasformativo.
BRACCIALETTI ROSSI;02;05;Braccialetti RossiS02E05;04/02/2014;8;+1;"L'episodio presenta un gruppo di ragazzi di diversa provenienza (in particolare Chicco, descritto come filippino) in ruoli centrali, con interazioni amicali e affettive prive di conflitti etnici. I riferimenti all'origine di Chicco sono affettuosi e inseriti in un contesto di accettazione e inclusione (""il ragazzo filippino, tutto cicciottello. Con quel faccione sembra Kung Fu Panda""), senza che questi stereotipi siano usati per umiliarlo o marginalizzarlo. Chicco è un personaggio positivo, amato dal gruppo, e il suo contributo viene riconosciuto come fondamentale. Inoltre, quando si fa riferimento alle sue origini (""Nel paese da dove vengo, quando si fa una cosa brutta il perdono si chiede sempre alla famiglia""), la cultura di Chicco è trattata con rispetto e curiosità, non come oggetto di scherno. Non ci sono battute razziste né normalizzazione del pregiudizio, e i personaggi positivi mostrano rispetto per la diversità. Tuttavia, la narrazione non affronta in modo esplicito il razzismo come problema sociale né propone una critica strutturale.";Non ci sono elementi di discriminazione, normalizzazione del pregiudizio o stereotipi dannosi non contestati. I riferimenti alle origini di Chicco sono inseriti in un contesto di affetto e accettazione, senza che nessuno li usi per escluderlo o ridicolizzarlo. Nessun personaggio positivo esprime idee razziste o minimizza la diversità.;L'episodio non affronta il razzismo come problema sociale (+2) né propone una critica strutturale o soluzioni concrete per l'equità (+3). La presenza della diversità è gestita con consapevolezza e rispetto, ma non si va oltre il riconoscimento consapevole: manca un impegno attivo o una riflessione esplicita sulle dinamiche di potere o sulle cause sistemiche della discriminazione.
BRACCIALETTI ROSSI;02;05;Braccialetti RossiS02E05;04/02/2014;9;+1;"L'episodio presenta un gruppo di giovani di diversa provenienza, tra cui un ragazzo filippino (Chicco), integrato nel gruppo e rappresentato in modo affettuoso e positivo. I riferimenti alla sua etnia sono pochi e, quando emergono (ad esempio il padre che lo descrive come 'il ragazzo filippino, tutto cicciottello. Con quel faccione sembra Kung Fu Panda'), sono inseriti in un contesto familiare e non ostile, e non vengono mai caricati di malizia o disprezzo. Chicco ha un ruolo attivo, è centrale nell'aiutare gli altri e viene riconosciuto per le sue qualità umane. Non ci sono battute razziste o stereotipi pesanti; i pochi riferimenti etnici sono trattati con leggerezza e senza intento offensivo. L'episodio mostra quindi una consapevolezza della diversità e la valorizza, anche se non affronta mai in modo esplicito il tema del razzismo.";Non ci sono stereotipi etnici dannosi, né battute razziste normalizzate o minimizzate. La presenza di Chicco è positiva e il gruppo lo accoglie senza riserve, evitando la riproduzione di cliché o la riduzione del personaggio alla sua etnia.;L'episodio non affronta mai direttamente il razzismo come problema sociale (+2) né offre una critica strutturale alle discriminazioni (+3). La diversità è riconosciuta e rispettata, ma non viene tematizzata in modo esplicito o problematizzata: manca un impegno attivo o una riflessione critica sulle dinamiche di potere o sulle cause sistemiche del razzismo.
BRACCIALETTI ROSSI;02;05;Braccialetti RossiS02E05;04/02/2014;10;+1;"L'episodio presenta un gruppo di ragazzi con background diversi, tra cui Chicco, descritto come 'il ragazzo filippino, tutto cicciottello', che ha un ruolo centrale, positivo e di supporto emotivo per gli altri. I riferimenti alla sua etnia sono presenti ma non sono mai oggetto di scherno o discriminazione da parte dei personaggi principali; anzi, Chicco viene lodato per il suo carattere e la sua capacità di aiutare gli amici. Alcuni stereotipi lievi emergono (ad esempio il paragone con Kung Fu Panda), ma sono inseriti in un contesto affettuoso e non offensivo, e non vengono mai usati per ridicolizzare o marginalizzare. Non ci sono battute razziste, né situazioni di discriminazione normalizzata. La narrazione mostra consapevolezza della diversità e valorizza la presenza di personaggi non italiani come parte integrante del gruppo, senza ridurli a cliché. Il tono generale è rispettoso e inclusivo, con personaggi positivi che mostrano rispetto reciproco.";Non ci sono elementi di normalizzazione o minimizzazione del pregiudizio: Chicco non è mai ridicolizzato per la sua etnia, né i riferimenti etnici sono usati per escluderlo o sminuirlo. I pochi accenni a stereotipi sono contestualizzati in modo affettuoso e non hanno peso discriminatorio. Nessun personaggio fa commenti razzisti o li lascia passare inosservati.;L'episodio non affronta mai il razzismo come problema sociale né propone una critica esplicita alle strutture di potere o alle cause sistemiche della discriminazione. La diversità è riconosciuta e rispettata, ma non c'è un impegno critico o trasformativo: il tema razziale rimane sullo sfondo e non viene tematizzato né discusso apertamente.
CRIMINI BIANCHI;01;07;Crimini bianchiS01E07;14/06/2009;1;+1;L'episodio presenta una famiglia migrante (madre e figlia ecuadoriane) come parte integrante della trama, con attenzione empatica alle difficoltà sociali e materiali che affrontano. I personaggi principali (medici e avvocati) si rapportano a loro con rispetto e volontà di aiuto, e la narrazione mostra consapevolezza delle condizioni precarie e delle discriminazioni indirette (es. affitti in nero, difficoltà di accesso alle cure). Tuttavia, sono presenti dialoghi tra operatori sanitari che esprimono stereotipi e pregiudizi razzisti (es. sulle nigeriane e gli albanesi), ma questi sono attribuiti a personaggi secondari e vengono implicitamente criticati dal contesto e dal disagio di altri personaggi. Non c'è una vera analisi strutturale del razzismo, ma la narrazione segnala la difficoltà e la marginalizzazione senza mai normalizzarla o ridicolizzarla.;Non assegno un punteggio inferiore perché i commenti razzisti sono circoscritti a personaggi secondari e vengono implicitamente messi in discussione dal tono generale e dalla reazione degli altri. La famiglia migrante è rappresentata con dignità e complessità, e la trama non si basa su stereotipi ma su problematiche reali.;"Non assegno un punteggio superiore perché l'episodio non affronta il razzismo come problema sociale in modo esplicito, né mette al centro una critica strutturale o soluzioni concrete. La questione razziale resta sullo sfondo e non viene tematizzata in modo approfondito; la consapevolezza è presente ma non si traduce in un impegno critico o trasformativo."
CRIMINI BIANCHI;01;07;Crimini bianchiS01E07;14/06/2009;2;+1;L'episodio presenta una famiglia migrante (madre e figlia ecuadoriane) come personaggi centrali, trattando con empatia le loro difficoltà sociali e sanitarie. Alcuni personaggi secondari (infermieri, personale sanitario) esprimono commenti razzisti e stereotipi (sulle nigeriane, gli albanesi, la burocrazia per i migranti), ma questi sono attribuiti a personaggi negativi o comunque non vengono mai avallati dalla narrazione o dai protagonisti. I protagonisti (medici e avvocati) mostrano rispetto, attenzione e impegno per aiutare la bambina e la madre, senza mai ridurle a semplici stereotipi. Il razzismo e la discriminazione sono riconosciuti come parte del contesto, ma non normalizzati né giustificati. Il focus resta sulla dignità e sulle difficoltà oggettive dei migranti, non sulle loro 'colpe'.;I commenti razzisti sono chiaramente attribuiti a personaggi secondari, spesso con tono esasperato o negativo, e non rappresentano la posizione dominante dell'episodio. I protagonisti non condividono questi pregiudizi e agiscono per aiutare la famiglia migrante, mostrando empatia e rispetto.;L'episodio non affronta il razzismo come problema sociale strutturale (+2), né lo analizza in termini sistemici (+3): manca un dibattito esplicito sulle cause del razzismo o sulle sue conseguenze sociali più ampie. La narrazione si limita a riconoscere e gestire con consapevolezza i pregiudizi, senza però proporre soluzioni o una critica profonda alle strutture di potere.
CRIMINI BIANCHI;01;07;Crimini bianchiS01E07;14/06/2009;3;+1;L'episodio affronta la storia di una bambina migrante ecuadoriana e di sua madre, lavoratrice domestica, mostrando le difficoltà sociali e sanitarie che affrontano. Emergono commenti razzisti e stereotipi da parte di un personaggio secondario (l'infermiere), che esprime pregiudizi contro migranti africani e albanesi. Tuttavia, questi atteggiamenti sono presentati come problematici: il protagonista e altri personaggi non li condividono, anzi reagiscono con disagio o li ignorano, e la narrazione si concentra sull'aiuto concreto e umano dato alla famiglia migrante. La madre e la figlia non sono ridotte a stereotipi, ma hanno una rappresentazione dignitosa e complessa. Il razzismo non viene tematizzato come problema sociale centrale, ma la narrazione mostra consapevolezza critica, attribuendo i pregiudizi a personaggi negativi e valorizzando l'inclusione e la solidarietà.;Il razzismo non viene normalizzato né minimizzato: i commenti razzisti sono isolati, attribuiti a un personaggio secondario e non condivisi dai protagonisti. La famiglia migrante è trattata con rispetto e umanità, e la narrazione non indulge in stereotipi.;L'episodio non sviluppa un vero e proprio dibattito sul razzismo né lo affronta come problema sociale strutturale. Non ci sono conseguenze esplicite per i comportamenti discriminatori, né una critica sistemica o soluzioni concrete per l'equità. La questione razziale rimane sullo sfondo rispetto alla trama medica e sociale.
CRIMINI BIANCHI;01;07;Crimini bianchiS01E07;14/06/2009;4;+1;L'episodio affronta la storia di una bambina migrante (Alicia) e di sua madre, entrambe ecuadoriane, mostrando le difficoltà sociali e sanitarie che incontrano in Italia. Vengono esplicitati pregiudizi e stereotipi razzisti (es. il medico che si lamenta delle nigeriane che vogliono il cortisone per sbiancarsi la pelle, o degli albanesi), ma questi sono attribuiti a personaggi secondari e vengono presentati come problematici: altri personaggi reagiscono con disagio o li contestano, e la narrazione nel complesso non li legittima. La protagonista medica si prende cura della bambina e della madre con empatia e rispetto, e la storia sottolinea le difficoltà oggettive (povertà, solitudine, lavoro precario) senza ridurre i personaggi migranti a semplici stereotipi. Il razzismo è presente come dato sociale, ma la posizione dominante del testo è di consapevolezza e rispetto verso la diversità.;Non assegno un punteggio più basso perché i commenti razzisti sono chiaramente attribuiti a personaggi negativi o secondari e non sono mai normalizzati o lasciati incontestati. La narrazione non li presenta come accettabili, anzi mostra disagio e distanza critica, e i protagonisti agiscono con rispetto e solidarietà.;Non assegno un punteggio più alto perché l'episodio si limita a una consapevolezza critica e a un riconoscimento delle difficoltà dei migranti, ma non sviluppa un vero e proprio impegno critico o una riflessione strutturale sulle cause sistemiche del razzismo. Non c'è un dibattito esplicito sul tema, né una centralità delle voci marginalizzate come agenti di cambiamento.
CRIMINI BIANCHI;01;07;Crimini bianchiS01E07;14/06/2009;5;+1;L'episodio rappresenta una famiglia migrante (madre e figlia ecuadoriane) come parte integrante della trama, mostrando le difficoltà pratiche e sociali che affrontano (lavoro precario, solitudine, condizioni abitative difficili). Sono presenti commenti razzisti e stereotipati (soprattutto da parte del personale sanitario: battute sulle nigeriane che vogliono il cortisone per sbiancarsi, sugli albanesi e la tossicodipendenza, e sulla presunta 'sostituibilità' dei figli delle migranti), ma questi sono attribuiti a personaggi secondari e vengono presentati con un certo disagio dagli altri (Francesco li contesta, altri mostrano fastidio o li ignorano). La narrazione complessiva è empatica verso la madre e la bambina, e i personaggi principali si impegnano per aiutarle senza paternalismo, mostrando rispetto e umanità. Non c'è una vera analisi strutturale del razzismo, ma c'è consapevolezza critica e una chiara distanza morale dai pregiudizi più gravi.;Non assegno un punteggio più basso perché i commenti razzisti non sono mai avallati dalla narrazione o dai protagonisti, anzi vengono contestati o lasciati senza approvazione. La storia umanizza i personaggi migranti e mette in discussione le difficoltà che affrontano, senza ridurli a semplici stereotipi.;"Non assegno +2 o +3 perché l'episodio non affronta il razzismo come problema sociale in modo esplicito, né analizza le sue cause strutturali. La questione razziale rimane sullo sfondo, senza dibattito diretto o soluzioni proposte; la consapevolezza c'è, ma non si traduce in un impegno critico o trasformativo."
CRIMINI BIANCHI;01;07;Crimini bianchiS01E07;14/06/2009;6;+1;L'episodio rappresenta una famiglia migrante (madre e figlia ecuadoregne) come protagoniste di una trama medica complessa, mostrando empatia e attenzione ai loro problemi. Alcuni personaggi secondari (in particolare un infermiere) esprimono commenti fortemente razzisti e stereotipati (contro nigeriane, albanesi, migranti senza permesso di soggiorno), ma questi sono attribuiti a figure negative o comunque non vengono mai avallati dalla narrazione o dai protagonisti. I personaggi principali (medici e avvocati) trattano la madre e la bambina con rispetto, si impegnano per risolvere il caso e denunciano le condizioni di vita precarie senza colpevolizzare la famiglia. La narrazione mostra consapevolezza delle difficoltà dei migranti in Italia (lavoro precario, solitudine, difficoltà burocratiche) e non riduce i personaggi stranieri a semplici stereotipi, pur non approfondendo in modo strutturale le cause del razzismo.;Nonostante la presenza di commenti razzisti e stereotipi, questi sono chiaramente attribuiti a personaggi negativi e non rappresentano la posizione dominante dell'episodio. I protagonisti contestano implicitamente tali atteggiamenti attraverso il loro comportamento rispettoso e solidale. La narrazione non normalizza né minimizza il pregiudizio, ma lo mostra come parte di un contesto problematico.;L'episodio non si impegna in una critica esplicita o sistemica del razzismo: manca un dibattito diretto sul tema, non vengono mostrate conseguenze per i personaggi che esprimono pregiudizi, né si esplorano le cause strutturali della discriminazione. La voce della madre migrante è presente ma non centrale o autorevole rispetto ai medici italiani. Il razzismo viene riconosciuto e rappresentato, ma non affrontato come problema sociale da risolvere.
CRIMINI BIANCHI;01;07;Crimini bianchiS01E07;14/06/2009;7;+1;L'episodio presenta una madre migrante (Manuela, dall'Ecuador) e sua figlia Alicia come personaggi centrali, trattati con rispetto e umanità. La narrazione mostra consapevolezza delle difficoltà degli immigrati: si affrontano temi come il lavoro precario, la solitudine, la difficoltà di accesso alle cure e la precarietà abitativa. Sono presenti dialoghi in cui emergono pregiudizi e stereotipi (es. il medico che si lamenta delle 'nigeriane' e degli 'albanesi'), ma questi vengono attribuiti a personaggi secondari o negativi e non sono mai avallati dalla narrazione o dai protagonisti. I personaggi principali (medici e avvocati) si impegnano per aiutare la famiglia migrante, mostrando empatia e rispetto. La narrazione non si limita a una rappresentazione superficiale, ma non arriva a un'analisi strutturale delle discriminazioni, né a una critica esplicita delle strutture di potere. Tuttavia, c'è una chiara consapevolezza dei problemi e un posizionamento rispettoso verso la diversità.;Non assegno un punteggio inferiore perché i pregiudizi e gli stereotipi presenti sono esplicitamente attribuiti a personaggi secondari e non vengono mai normalizzati o lasciati incontestati. I protagonisti mostrano disagio o disapprovazione verso i commenti problematici e si impegnano attivamente per aiutare la famiglia migrante.;Non assegno un punteggio superiore perché l'episodio non affronta il razzismo come problema sociale in modo esplicito né propone una critica strutturale o soluzioni concrete per l'equità. Le voci marginalizzate sono presenti e rispettate, ma non centrali o autorevoli nella narrazione. L'analisi rimane a livello di consapevolezza e rispetto, senza un vero impegno critico o trasformativo.
CRIMINI BIANCHI;01;07;Crimini bianchiS01E07;14/06/2009;8;+1;L'episodio presenta una madre e una bambina ecuadoriane come protagoniste di una delle trame principali, affrontando le difficoltà di accesso alle cure e la precarietà abitativa dei migranti. Vengono mostrati esplicitamente pregiudizi e discorsi razzisti (es. il medico che si lamenta delle 'nigeriane' e degli 'albanesi'), ma questi sono attribuiti a personaggi secondari o negativi e non sono mai approvati dalla narrazione o dai protagonisti. I personaggi principali (medici e avvocati) si impegnano per aiutare la famiglia migrante, mostrando empatia e rispetto. La narrazione non approfondisce le cause strutturali del razzismo né offre una critica sistemica, ma mostra consapevolezza dei problemi e una chiara presa di distanza dai pregiudizi.;Non assegno un punteggio più basso perché i commenti razzisti sono chiaramente presentati come problematici e non condivisi dai protagonisti, che invece aiutano attivamente la famiglia migrante. Non c'è normalizzazione o minimizzazione del pregiudizio: la narrazione suggerisce che questi atteggiamenti sono sbagliati.;"Non assegno un punteggio più alto perché l'episodio non sviluppa una critica strutturale al razzismo né mette al centro le voci marginalizzate; la trama si concentra sulle difficoltà individuali e sulla solidarietà dei protagonisti, senza affrontare le cause sistemiche o proporre soluzioni concrete per l'equità."
CRIMINI BIANCHI;01;07;Crimini bianchiS01E07;14/06/2009;9;+1;L'episodio presenta una famiglia migrante (madre e figlia ecuadoriane) come protagoniste di una vicenda medica complessa, trattandole con dignità e umanità. I personaggi principali (medici) si impegnano attivamente per aiutare la bambina, mostrando empatia e rispetto. Le difficoltà legate all'immigrazione (permesso di soggiorno, precarietà abitativa, isolamento sociale) sono rappresentate con realismo, senza ridicolizzare o colpevolizzare le vittime. Sono presenti dialoghi in cui emergono pregiudizi e stereotipi (es. 'nigeriane che rompono i coglioni per il cortisone', 'albanesi e sciroppo per la tosse'), ma questi sono attribuiti a personaggi secondari e vengono implicitamente criticati: i protagonisti reagiscono con disagio o ignorano i commenti, e la narrazione non li legittima. L'episodio non approfondisce le cause strutturali del razzismo, ma mostra consapevolezza critica degli stereotipi e offre una rappresentazione positiva dei migranti.;Non assegno un punteggio più basso perché i commenti razzisti sono chiaramente attribuiti a personaggi negativi o marginali e non sono mai presentati come normali o condivisi dalla narrazione. La storia si concentra sull'aiuto concreto e sulla solidarietà verso la famiglia migrante, evitando la riproduzione acritica di stereotipi.;"Non assegno un punteggio più alto perché l'episodio non affronta il razzismo come problema sociale strutturale, né mette al centro voci marginalizzate in modo trasformativo. La critica agli stereotipi è presente ma non esplicitamente tematizzata; manca un dibattito aperto o una riflessione sulle cause sistemiche della discriminazione."
CRIMINI BIANCHI;01;07;Crimini bianchiS01E07;14/06/2009;10;+1;L'episodio presenta una famiglia migrante (madre e figlia ecuadoriane) come parte integrante della narrazione, con attenzione ai loro problemi sanitari e sociali. Vengono mostrati episodi di pregiudizio e razzismo (es. il dialogo in ospedale sulle nigeriane che vogliono il cortisone per sbiancarsi e sugli albanesi), ma questi commenti sono attribuiti a personaggi secondari e vengono trattati come problematici: la protagonista (medico) mostra disagio e non li condivide. Il focus resta sulla dignità dei migranti e sulle difficoltà oggettive che affrontano, senza ridurli a stereotipi. Tuttavia, la narrazione non approfondisce le cause strutturali del razzismo né mette al centro le voci marginalizzate, limitandosi a una rappresentazione consapevole e rispettosa.;I commenti razzisti sono presenti ma non sono mai normalizzati o sostenuti dalla narrazione: sono attribuiti a personaggi che vengono implicitamente criticati o messi in secondo piano. I protagonisti non approvano né ridono delle battute discriminatorie, e la storia mostra empatia verso la famiglia migrante.;L’episodio non affronta il razzismo come problema sociale da risolvere né mostra un impegno attivo dei personaggi nel contrastare i pregiudizi. Non c’è una critica esplicita alle strutture di potere o un’analisi delle cause sistemiche della discriminazione. I migranti sono rappresentati con rispetto, ma non sono centrali come voci autorevoli nella narrazione.
CRIMINI BIANCHI;01;09;Crimini bianchiS01E09;21/06/2009;1;+1;L'episodio presenta la presenza di personaggi cinesi (Tuia e la sua famiglia) con una certa dignità e complessità: Tuia ha una sua storia, un lavoro, relazioni con i protagonisti italiani e una voce propria. Viene mostrata la difficoltà di accesso alle cure e la chiusura della comunità cinese, ma senza toni apertamente razzisti o stereotipati in senso caricaturale. I protagonisti italiani sono generalmente rispettosi e desiderosi di aiutare, e c'è una consapevolezza delle barriere culturali e della diffidenza reciproca. Alcuni personaggi fanno battute o osservazioni sulla comunità cinese che riflettono stereotipi diffusi ('la comunità cinese non piace mischiarsi con noi'), ma queste non sono mai presentate come verità assolute, né sono accompagnate da disprezzo o superiorità. L'episodio mostra anche la difficoltà di integrazione e il peso delle regole interne alla comunità straniera, ma senza colpevolizzare o ridicolizzare. Nel complesso, la narrazione è consapevole delle problematiche e non le minimizza né le esalta, ma le tratta con una certa empatia e rispetto.;Non assegno un punteggio più basso perché non ci sono né normalizzazione né sostegno attivo di pregiudizi: i personaggi italiani non esprimono mai disprezzo, non ci sono battute razziste gratuite, e la storia di Tuia è trattata con rispetto. Gli stereotipi presenti sono contestualizzati e non usati per ridicolizzare o marginalizzare.;Non assegno +2 perché l'episodio non affronta il razzismo come problema sociale in modo esplicito: non c'è un dibattito aperto sulle discriminazioni, né una critica alle strutture di potere o un percorso di crescita dei personaggi rispetto ai pregiudizi. La questione razziale rimane sullo sfondo, come dato di realtà, senza essere tematizzata o problematizzata in profondità.
CRIMINI BIANCHI;01;09;Crimini bianchiS01E09;21/06/2009;2;+1;L'episodio include una sottotrama significativa su una giovane donna di origine cinese (Tuia) e la sua famiglia, che evidenzia la difficoltà di integrazione e la diffidenza tra la comunità cinese e quella italiana. I protagonisti italiani si sforzano di aiutare Tuia e sua sorella, mostrando rispetto e preoccupazione genuina. Gli unici commenti potenzialmente problematici (es. 'La comunità cinese non piace mischiarsi con noi') sono presentati come constatazioni di fatto e non come giudizi negativi. Il disagio e la distanza culturale sono trattati con empatia e il personaggio di Tuia ha una certa profondità, anche se la narrazione rimane centrata sugli italiani. Non ci sono stereotipi pesanti, né battute razziste, e la difficoltà di integrazione viene riconosciuta senza colpevolizzare i personaggi stranieri. La rappresentazione è consapevole e rispettosa, ma non si arriva a un vero impegno critico o a una centralità delle voci marginalizzate.;Non ci sono stereotipi etnici offensivi, né battute razziste normalizzate o minimizzate. I personaggi italiani mostrano rispetto e desiderio di aiutare, e la narrazione non riduce i personaggi stranieri a cliché. L'episodio non normalizza né minimizza il pregiudizio.;L'episodio non affronta il razzismo come problema sociale strutturale (+2), né offre una critica sistemica o dà centralità alle voci marginalizzate (+3). La prospettiva rimane prevalentemente italiana e la questione razziale è trattata come difficoltà di integrazione più che come discriminazione sistemica.
CRIMINI BIANCHI;01;09;Crimini bianchiS01E09;21/06/2009;3;+1;"L'episodio presenta una giovane donna di origine cinese (Tuia) e la sua famiglia, mostrando alcune dinamiche di diffidenza e chiusura della comunità cinese verso l'esterno. Tuttavia, i personaggi italiani principali trattano Tuia con rispetto, si preoccupano sinceramente per la sua salute e cercano di aiutarla senza paternalismo. Gli unici commenti che toccano la diversità etnica ('la comunità cinese non piace mischiarsi con noi') sono presentati come constatazioni di fatto e non con tono dispregiativo. Non emergono stereotipi negativi o battute razziste; anzi, c'è attenzione a non ridurre Tuia a un cliché e si riconosce la complessità della sua situazione. Il dialogo finale sottolinea la difficoltà di integrazione ('continueranno a vivere nel nostro paese come hanno sempre fatto, da stranieri'), ma senza colpevolizzare o ridicolizzare. L'episodio mostra consapevolezza delle barriere culturali e delle difficoltà di chi vive tra due mondi, ma non si spinge fino a una critica strutturale del razzismo.";Non ci sono stereotipi etnici offensivi, né battute o atteggiamenti razzisti normalizzati. I personaggi italiani non minimizzano né ridicolizzano la diversità di Tuia, anzi cercano di comprenderla e aiutarla. La narrazione non normalizza il pregiudizio e non presenta la diversità in modo superficiale o stereotipato.;L'episodio non affronta il razzismo come problema sociale strutturale (+2), né offre una critica alle strutture di potere o dà voce centrale e autorevole ai personaggi marginalizzati (+3). La prospettiva rimane quella dei personaggi italiani, e la questione dell'integrazione è trattata più come difficoltà personale/comunitaria che come questione di giustizia sociale o discriminazione sistemica.
CRIMINI BIANCHI;01;09;Crimini bianchiS01E09;21/06/2009;4;+1;L'episodio introduce una giovane donna cinese (Tuia) e la sua famiglia, mostrando alcune difficoltà di integrazione e diffidenza verso le istituzioni italiane, ma evita stereotipi grossolani e offre uno sguardo empatico sulle dinamiche della comunità migrante. I personaggi principali italiani trattano Tuia con rispetto e cercano di aiutarla, mostrando consapevolezza delle sue difficoltà e delle barriere culturali. Alcuni personaggi fanno battute leggere (es. 'i tuoi ormoni non fanno discriminazioni razziali'), ma il tono rimane generalmente rispettoso e non offensivo. L'episodio espone la difficoltà di accesso alle cure e la tendenza della comunità cinese a isolarsi, ma lo fa con intento realistico e senza giudizio. Il dialogo finale tra Tuia e il medico evidenzia la complessità delle relazioni tra italiani e migranti, senza ridurre i personaggi a semplici cliché.;Non ci sono elementi di normalizzazione o sostegno attivo al pregiudizio: i personaggi principali non esprimono mai idee razziste, né vengono presentati stereotipi etnici in modo acritico o come 'normali'. Le difficoltà di Tuia sono trattate con empatia e il razzismo non viene mai banalizzato o minimizzato.;L'episodio non affronta il razzismo come problema sociale strutturale né propone soluzioni concrete o una critica esplicita alle strutture di potere. La narrazione si limita a mostrare consapevolezza e rispetto, ma non va oltre il riconoscimento delle difficoltà, senza un vero impegno critico o trasformativo.
CRIMINI BIANCHI;01;09;Crimini bianchiS01E09;21/06/2009;5;+1;L'episodio introduce personaggi cinesi (Tuia e la sua famiglia) e mostra alcune dinamiche di diffidenza tra la comunità cinese e quella italiana, ma evita sia la caricatura che la demonizzazione. I protagonisti italiani si preoccupano sinceramente per Tuia e la sorella, cercano di aiutarle e mostrano rispetto, anche se faticano a comprendere pienamente le dinamiche culturali e la chiusura della comunità. Alcuni personaggi fanno battute leggere (es. 'i tuoi ormoni non fanno discriminazioni razziali'), ma sempre in tono ironico e senza intenti offensivi. Quando emerge la violenza subita da Tuia per aver chiesto aiuto agli italiani, la narrazione non la giustifica né la minimizza, ma la presenta come un problema reale e doloroso. Non c'è una vera analisi strutturale del razzismo, ma la presenza di personaggi non italiani è trattata con una certa consapevolezza e umanità, senza che i protagonisti positivi mostrino pregiudizi.;Non ci sono stereotipi etnici forti, né battute razziste normalizzate o presentate come innocue. I personaggi italiani non mostrano atteggiamenti discriminatori e anzi cercano di aiutare e capire, anche se con qualche ingenuità. La narrazione non minimizza né normalizza il pregiudizio.;L'episodio non affronta il razzismo come problema sociale in modo esplicito (+2), né propone una critica strutturale o dà voce centrale ai personaggi marginalizzati (+3). La questione della chiusura della comunità cinese viene mostrata, ma non viene problematizzata a fondo né collegata a dinamiche di discriminazione sistemica. La consapevolezza c'è, ma non si traduce in un vero impegno critico.
CRIMINI BIANCHI;01;09;Crimini bianchiS01E09;21/06/2009;6;+1;L'episodio include la presenza di personaggi cinesi (Tuia e la sua famiglia) che hanno un ruolo secondario ma non ridotto a puro stereotipo. Vengono mostrati elementi di distanza culturale (la comunità cinese che non vuole 'mischiarsi', la reticenza a rivolgersi all'ospedale), ma la narrazione non li presenta come inferiori o ridicoli. I protagonisti italiani si pongono in modo rispettoso e cercano di aiutare, mostrando consapevolezza delle difficoltà di integrazione. Gli unici commenti che toccano la questione razziale (es. 'i tuoi ormoni non fanno discriminazioni razziali') sono ironici e non offensivi, e non c'è alcuna approvazione di atteggiamenti razzisti. Il disagio e la distanza tra le comunità sono trattati con una certa consapevolezza, anche se non si arriva a una critica strutturale. L'episodio mostra empatia e rispetto, ma non approfondisce le cause sistemiche del razzismo.;Non ci sono stereotipi etnici offensivi, né battute razziste normalizzate o personaggi di minoranza ridotti a caricature. I personaggi cinesi hanno una dignità narrativa e le difficoltà di integrazione sono trattate con rispetto, non con pregiudizio.;L'episodio non affronta il razzismo come problema sociale né propone una critica strutturale alle discriminazioni. Le voci marginalizzate non sono centrali e non si esplorano le cause sistemiche della distanza tra italiani e comunità cinesi. La narrazione si limita a mostrare rispetto e consapevolezza, senza un vero impegno critico o trasformativo.
CRIMINI BIANCHI;01;09;Crimini bianchiS01E09;21/06/2009;7;+1;L'episodio presenta alcuni personaggi cinesi (Tuia e la sua famiglia) e affronta la difficoltà di accesso alle cure e la chiusura della comunità. I protagonisti italiani mostrano empatia e cercano di aiutare, e la narrazione evidenzia consapevolezza delle barriere culturali e delle difficoltà vissute dai migranti. Alcuni stereotipi (la comunità chiusa, la famiglia che punisce la ragazza per essersi rivolta agli italiani) sono presenti, ma vengono trattati con un tono di preoccupazione e rispetto, non di scherno o normalizzazione. I personaggi principali non fanno battute razziste e anzi cercano di comprendere e aiutare. Il razzismo non è il tema centrale, ma la rappresentazione della diversità è consapevole e rispettosa.;"Non ci sono battute o atteggiamenti razzisti normalizzati o presentati come divertenti; i protagonisti non minimizzano né ridicolizzano la situazione di Tuia. Gli stereotipi presenti sono contestualizzati e non usati per sminuire i personaggi cinesi.";L'episodio non affronta il razzismo come problema sociale in modo esplicito (+2), né offre un'analisi strutturale delle discriminazioni (+3). La voce della protagonista cinese è presente ma marginale rispetto al punto di vista italiano, e non si propone una soluzione sistemica o una critica alle strutture di potere.
CRIMINI BIANCHI;01;09;Crimini bianchiS01E09;21/06/2009;8;+1;L'episodio include la presenza di personaggi di origine cinese (Tuia e la sua famiglia), che vengono rappresentati con una certa dignità e complessità. Vengono mostrati sia momenti di difficoltà di integrazione (diffidenza verso le istituzioni italiane, reticenza a chiamare l'ambulanza, dinamiche familiari e comunitarie chiuse), sia gesti di solidarietà e tentativi di aiuto da parte dei protagonisti italiani. Alcuni personaggi italiani fanno commenti che sfiorano lo stereotipo ('la comunità cinese non piace mischiarsi con noi'), ma questi non sono né centrali né approvati dalla narrazione, e vengono bilanciati da un atteggiamento empatico e rispettoso dei protagonisti principali. L'episodio mostra consapevolezza delle difficoltà di integrazione e delle barriere culturali, ma evita sia la caricatura che la retorica salvifica. Il personaggio di Tuia ha agency, esprime il proprio punto di vista e pone limiti all'aiuto, mostrando consapevolezza della propria condizione. Non si arriva però a una critica strutturale o a una centralità delle voci marginalizzate.;"Non ci sono stereotipi etnici pesanti o battute razziste normalizzate; la narrazione non minimizza né ridicolizza la diversità, e i personaggi di origine straniera non sono ridotti a semplici cliché. La presenza di empatia e rispetto, e la rappresentazione dei problemi di integrazione come reali e complessi, esclude punteggi negativi.";"L'episodio non offre una vera analisi strutturale del razzismo né mette al centro le voci marginalizzate; la questione razziale rimane secondaria rispetto alla trama principale (la vicenda medica e giudiziaria). Non c'è un impegno esplicito a livello di denuncia sociale o di proposta di soluzioni concrete, e la prospettiva dominante resta quella dei personaggi italiani."
CRIMINI BIANCHI;01;09;Crimini bianchiS01E09;21/06/2009;9;+1;"L'episodio presenta una giovane donna di origine cinese (Tuia) e la sua famiglia in modo generalmente rispettoso e umano. Vengono mostrati sia i problemi di integrazione (diffidenza verso le istituzioni, reticenza a farsi curare, dinamiche familiari rigide) sia la solidarietà e la professionalità dei medici italiani. Gli stereotipi sulla comunità cinese (chiusura, paura delle autorità, logiche di 'faccia') sono presenti ma trattati con una certa consapevolezza e senza derisione. I personaggi principali si sforzano di capire e aiutare Tuia, e il suo punto di vista viene ascoltato. Non ci sono battute razziste o pregiudizi normalizzati; anzi, la difficoltà di integrazione viene riconosciuta come un problema reale, e i protagonisti mostrano empatia e rispetto. Tuttavia, la narrazione non si spinge fino a una critica strutturale del razzismo o a una centralità delle voci marginalizzate.";Non ci sono elementi di normalizzazione o minimizzazione del pregiudizio: gli stereotipi sono presenti ma non sono mai oggetto di scherno, né vengono presentati come normali o accettabili. I personaggi italiani non esprimono mai giudizi negativi sulla base dell'etnia, e la sofferenza di Tuia è trattata con serietà.;L'episodio non affronta il razzismo come problema sociale in modo esplicito (+2), né offre una vera analisi delle cause sistemiche (+3). La voce di Tuia è ascoltata ma non centrale, e la narrazione rimane focalizzata sui medici italiani. La rappresentazione è consapevole ma non trasformativa.
CRIMINI BIANCHI;01;09;Crimini bianchiS01E09;21/06/2009;10;+1;L'episodio presenta la presenza di una giovane donna di origine cinese (Tuia) e della sua famiglia, affrontando alcune difficoltà di integrazione e diffidenza tra la comunità cinese e quella italiana. La narrazione mostra consapevolezza delle barriere culturali e delle difficoltà vissute dai migranti: i personaggi italiani principali si sforzano di aiutare Tuia e la sorella, mostrando empatia e rispetto, e l'episodio esplicita che la comunità cinese preferisce non 'mischiarsi' con gli italiani, ma non giudica negativamente questa scelta. I pochi commenti potenzialmente problematici (es. 'i tuoi ormoni non fanno discriminazioni razziali') sono trattati in tono leggero e non sono centrali, e nessun personaggio positivo mostra atteggiamenti razzisti. La narrazione non approfondisce le cause sistemiche della discriminazione né dà centralità totale alle voci marginalizzate, ma la presenza di Tuia è dignitosa e le sue difficoltà sono trattate con rispetto e una certa consapevolezza.;Non ci sono stereotipi etnici pesanti, né battute razziste normalizzate o commenti discriminatori lasciati incontestati. I personaggi italiani si pongono in modo rispettoso e cercano di aiutare, mostrando empatia e apertura. L'episodio non normalizza né minimizza il pregiudizio.;L'episodio non offre una critica strutturale o sistemica al razzismo, né mette le voci marginalizzate al centro della narrazione. La questione razziale resta sullo sfondo, come parte della caratterizzazione di Tuia e della sua famiglia, senza diventare tema centrale di dibattito o crescita collettiva. Non vengono proposte soluzioni concrete per l'equità né si analizzano le cause profonde della discriminazione.
DOC NELLE TUE MANI;01;08;Doc Nelle tue maniS01E08;16/04/2020;1;+2;"L'episodio affronta il razzismo come problema sociale in modo esplicito e articolato. Il personaggio di Nureddin, immigrato libico, viene trattato con rispetto professionale e umano dai medici, senza ridurlo a uno stereotipo. Il tema della discriminazione emerge potentemente nel racconto del medico etiope, che rivela di essere stato vittima di un trafficante di esseri umani (altro paziente in ospedale), descrivendo torture e abusi subiti nei campi libici. Il conflitto morale tra desiderio di vendetta e deontologia medica viene messo al centro, con una discussione aperta sulle conseguenze delle proprie azioni e sul valore della giustizia. I personaggi positivi contestano e problematizzano i pregiudizi, e la narrazione mostra empatia verso le vittime, sottolineando la complessità delle loro esperienze. Non ci sono battute o rappresentazioni stereotipate; anzi, c'è un impegno a dare voce e dignità ai personaggi migranti e a riflettere sulle cause e sulle conseguenze della discriminazione.";"Non ci sono elementi che normalizzano o minimizzano il razzismo; anzi, le uniche espressioni di odio sono contestualizzate come reazioni a traumi reali e vengono discusse criticamente. Nessun personaggio positivo sostiene o giustifica comportamenti discriminatori.";L'episodio non arriva a un'analisi strutturale delle cause sistemiche del razzismo in Italia, né propone soluzioni concrete per l'equità. Le voci marginalizzate sono centrali nella narrazione, ma la critica alle strutture di potere rimane implicita e personale, non collettiva o sistemica.
DOC NELLE TUE MANI;01;08;Doc Nelle tue maniS01E08;16/04/2020;2;+2;L'episodio affronta in modo esplicito il tema del razzismo e della discriminazione nei confronti dei migranti, in particolare attraverso la storia del paziente libico e il racconto del medico etiope. Vengono rappresentate sia le difficoltà di integrazione che le violenze subite nei paesi di origine e durante il viaggio migratorio. I personaggi principali (medici) mostrano empatia, rispetto e consapevolezza verso la diversità, e il razzismo viene esplicitamente condannato sia a livello personale che sociale. C'è un confronto morale e un dibattito aperto sulle conseguenze delle azioni e sull'importanza di non cedere all'odio, culminando nella ricerca di giustizia per le vittime. Il focus non è solo su singoli atti, ma sulle dinamiche di potere e sulle responsabilità collettive, anche se non si arriva a una vera e propria analisi strutturale delle cause sistemiche.;Non è un semplice riconoscimento consapevole (+1): l'episodio va oltre la mera presenza di personaggi non italiani o la contestazione di singoli stereotipi, mostrando un impegno attivo nel problematizzare il razzismo, le sue conseguenze e la necessità di giustizia.;"Non raggiunge il livello trasformativo (+3): manca un'analisi approfondita delle strutture di potere o delle cause sistemiche del razzismo in Italia; le voci marginalizzate sono centrali ma non completamente autorevoli, e le soluzioni proposte restano nell'ambito della giustizia individuale e della crescita personale."
DOC NELLE TUE MANI;01;08;Doc Nelle tue maniS01E08;16/04/2020;3;+2;L'episodio affronta il razzismo in modo esplicito e critico, soprattutto attraverso la storia del paziente libico, Nureddin, e del medico Chidane, originario dell'Etiopia. Vengono mostrati sia i pregiudizi impliciti (ad esempio, l'associazione automatica tra origine africana e malattie tropicali) sia le conseguenze drammatiche della tratta di esseri umani e della violenza nei centri di detenzione libici. Il trauma vissuto da Chidane emerge chiaramente, e la narrazione prende posizione netta contro la disumanizzazione e la vendetta, sottolineando il valore etico della professione medica e la necessità di giustizia istituzionale. I personaggi positivi contestano apertamente sia i pregiudizi che la tentazione di farsi giustizia da soli. La voce marginalizzata (Chidane) è centrale e autorevole, ma l'analisi delle cause resta più narrativa che strutturale.;Non è -1 o inferiore perché la narrazione non normalizza né minimizza il razzismo: lo espone come problema reale, lo collega a esperienze traumatiche e lo condanna sia a livello personale che professionale. I personaggi positivi non lasciano passare atteggiamenti discriminatori e la sofferenza delle vittime è trattata con rispetto.;Non è +3 perché, pur centrando la voce di una persona marginalizzata e mostrando la necessità di giustizia, l'episodio non sviluppa un'analisi strutturale approfondita delle cause sistemiche del razzismo in Italia né propone soluzioni concrete per l'equità sociale. La critica alle strutture di potere è presente ma resta sul piano della narrazione individuale e giudiziaria, non sistemica.
DOC NELLE TUE MANI;01;08;Doc Nelle tue maniS01E08;16/04/2020;4;+2;L'episodio affronta il razzismo in modo esplicito, soprattutto attraverso la storyline del paziente libico, Nureddin, e del medico Chidane, originario dell'Etiopia. Il tema della migrazione, dei traumi subiti nei campi libici e del traffico di esseri umani viene trattato con serietà e profondità. Il razzismo e la disumanizzazione sono mostrati come problemi reali, con personaggi che raccontano esperienze di violenza e tortura. I protagonisti, in particolare Chidane, affrontano il dilemma morale di curare un carnefice, ma la narrazione sottolinea la necessità di non cedere all'odio e di rispettare i principi etici. Le conseguenze delle azioni dei personaggi vengono affrontate apertamente, e la puntata si chiude con la promessa di giustizia per le vittime. I personaggi di origine straniera sono rappresentati con complessità, non ridotti a stereotipi, e la loro voce è centrale nella narrazione.;Non è -1, -2 o -3 perché non ci sono normalizzazione o sostegno di stereotipi razzisti: al contrario, il razzismo e la violenza contro i migranti sono esplicitamente condannati e problematizzati. I personaggi positivi non esprimono mai pregiudizi senza critica, e i pochi commenti potenzialmente problematici sono contestualizzati e affrontati.;Non è +3 perché, pur affrontando il razzismo e mostrando le sue cause e conseguenze, l'episodio non offre una vera e propria analisi strutturale delle cause sistemiche della discriminazione né soluzioni concrete per l'equità. Le voci marginalizzate sono centrali nella singola storia, ma non c'è una critica esplicita alle strutture di potere o un inquadramento trasformativo dell'intera società.
DOC NELLE TUE MANI;01;08;Doc Nelle tue maniS01E08;16/04/2020;5;+1;L'episodio presenta due personaggi di origine straniera (un medico etiope e un paziente libico) in ruoli complessi e dignitosi, con dialoghi che riconoscono le difficoltà vissute dai migranti e la loro umanità. Il trauma del paziente libico è esplicitamente legato a esperienze di violenza nei campi in Libia, e il medico etiope racconta la sua motivazione personale senza essere ridotto a uno stereotipo. Gli unici accenni a stereotipi (es. battuta sul matrimonio tradizionale) sono trattati con leggerezza e senza malizia. Quando emergono sentimenti di vendetta o giudizi morali, la narrazione li problematizza e li supera, sottolineando l'etica e la complessità morale. Il razzismo non è il tema centrale, ma c'è una consapevolezza critica e rispetto verso la diversità.;Non ci sono battute o atteggiamenti razzisti normalizzati, né stereotipi etnici riprodotti acriticamente. I personaggi stranieri non sono ridotti a cliché e vengono rappresentati con rispetto e profondità. Nessun personaggio positivo esprime pregiudizi senza essere contestato.;L'episodio non affronta il razzismo come problema sociale strutturale, né mette al centro un'analisi delle cause sistemiche o delle soluzioni per l'equità. La questione razziale rimane sullo sfondo e non viene tematizzata in modo esplicito o trasformativo.
DOC NELLE TUE MANI;01;08;Doc Nelle tue maniS01E08;16/04/2020;6;+2;L'episodio affronta il razzismo come problema sociale attraverso la storia di un paziente libico, Nureddin, che si rivela essere un trafficante di esseri umani responsabile di gravi abusi verso migranti africani. Il personaggio di Chidane, medico etiope, racconta il proprio passato e la sofferenza vissuta, mostrando consapevolezza critica della propria condizione e delle dinamiche di potere. Il razzismo e la violenza subita dai migranti vengono esplicitamente discussi e condannati, e il confronto morale tra vendetta e giustizia è centrale. I personaggi positivi sfidano attivamente i pregiudizi e le conseguenze negative delle azioni discriminatorie (o vendicative) sono mostrate e discusse. La narrazione offre spazio alle voci marginalizzate (Chidane), anche se non sono completamente centrali, e la struttura della puntata porta a una presa di coscienza collettiva e a una richiesta di giustizia legale, non di vendetta personale.;"Non ci sono stereotipi etnici normalizzati né battute razziste non contestate; la narrazione non minimizza né normalizza il pregiudizio, ma lo problematizza e lo condanna apertamente.";L'episodio non arriva a un'analisi strutturale delle cause sistemiche del razzismo in Italia, né mette completamente al centro le voci marginalizzate con un'ottica trasformativa. La soluzione proposta è la giustizia penale individuale, non una riflessione sulle strutture di potere o soluzioni sistemiche più ampie.
DOC NELLE TUE MANI;01;08;Doc Nelle tue maniS01E08;16/04/2020;7;+2;L'episodio affronta in modo esplicito il tema del razzismo e della discriminazione nei confronti dei migranti, in particolare attraverso la storia di Nureddin, un uomo libico che è stato vittima di tratta e violenze nei campi in Libia. Il racconto delle torture subite, la centralità della sua voce e la discussione aperta tra i medici (incluso un medico etiope che racconta la propria esperienza di migrazione e motivazione professionale) mostrano un impegno critico verso il tema. Il razzismo e la disumanizzazione sono presentati come problemi gravi, con conseguenze emotive e morali sui personaggi. Il confronto tra il desiderio di vendetta e la responsabilità etica del medico è trattato con profondità, e la narrazione porta a una richiesta di giustizia legale, non di vendetta personale. Le voci marginalizzate sono ascoltate, ma non sono completamente centrali rispetto all'intera narrazione, che rimane comunque corale e incentrata sul team medico.;Non ci sono elementi di normalizzazione o minimizzazione del razzismo: le violenze e i pregiudizi sono esplicitamente condannati, e i personaggi positivi si schierano contro la discriminazione. Gli stereotipi vengono smontati e contestati, e il dolore delle vittime è riconosciuto.;L'episodio non raggiunge il +3 perché, pur affrontando il tema in modo critico e mostrando le cause sistemiche della discriminazione (tratta, campi di prigionia, difficoltà di integrazione), la narrazione non è interamente centrata sulle voci marginalizzate: il focus rimane sul team medico e sulle loro scelte morali, più che su una vera analisi strutturale o su soluzioni concrete per l'equità. La prospettiva delle vittime, pur importante, non è il fulcro assoluto della narrazione.
DOC NELLE TUE MANI;01;08;Doc Nelle tue maniS01E08;16/04/2020;8;+2;L'episodio affronta esplicitamente il tema del razzismo e della discriminazione nei confronti dei migranti, in particolare attraverso la storia del paziente libico e il racconto del medico etiope. Il razzismo e la violenza subiti dai migranti vengono narrati in modo critico e realistico, senza alcuna normalizzazione o minimizzazione. I personaggi positivi (medici) mostrano empatia, rispetto e impegno nel curare tutti i pazienti senza pregiudizi. Quando emergono sentimenti di vendetta o disumanizzazione verso il trafficante di esseri umani, la narrazione li problematizza e li condanna, sottolineando l'importanza dell'etica medica e della giustizia legale. Le voci marginalizzate (il medico etiope, il paziente libico) hanno spazio e profondità, ma la struttura narrativa resta centrata sul punto di vista dei medici italiani.;Non ci sono elementi di normalizzazione, minimizzazione o sostegno al pregiudizio: i pochi stereotipi (ad esempio sulle malattie 'africane') sono contestualizzati in modo medico e non caricaturale, e ogni reazione problematica viene discussa criticamente.;L'episodio non raggiunge il livello +3 perché, pur dando voce alle vittime e problematizzando il razzismo, non si spinge fino a una vera analisi strutturale delle cause sistemiche della discriminazione né mette le voci marginalizzate al centro della narrazione in modo trasformativo. La soluzione proposta resta individuale (giustizia per il trafficante, crescita personale dei medici) e non si affrontano soluzioni concrete per l'equità sociale.
DOC NELLE TUE MANI;01;08;Doc Nelle tue maniS01E08;16/04/2020;9;+2;L'episodio affronta il razzismo come problema sociale in modo esplicito e critico. Il caso del paziente libico permette di mostrare sia la vulnerabilità dei migranti sia la complessità morale legata alle esperienze di violenza subite e perpetrate. I personaggi principali (medici italiani e di origine straniera) discutono apertamente di trauma, pregiudizio e giustizia, con una chiara condanna delle violenze nei centri di detenzione e una riflessione etica sul ruolo del medico. Il personaggio di Chidane, medico di origine etiope, viene rappresentato con profondità e dignità, e la narrazione dà spazio alla sua voce e al suo vissuto. Gli stereotipi vengono evitati o criticati, e il razzismo non è mai normalizzato o minimizzato.;"Non ci sono elementi di normalizzazione o minimizzazione del razzismo; anzi, la narrazione è esplicitamente critica verso la discriminazione e le violenze subite dai migranti. I personaggi positivi contestano ogni forma di pregiudizio e il punto di vista delle vittime è centrale.";L'episodio non arriva a un'analisi strutturale delle cause sistemiche del razzismo né propone soluzioni concrete per l'equità sociale. Sebbene le voci marginalizzate siano autorevoli e centrali nella narrazione, manca una vera e propria critica delle strutture di potere o un discorso approfondito sulle radici del razzismo istituzionale, elementi necessari per il punteggio +3.
DOC NELLE TUE MANI;01;08;Doc Nelle tue maniS01E08;16/04/2020;10;+2;L'episodio affronta in modo esplicito il tema del razzismo e della discriminazione nei confronti dei migranti, in particolare attraverso la storia del paziente libico e del medico di origine etiope. La narrazione mostra chiaramente le conseguenze traumatiche della tratta di esseri umani e delle violenze subite nei campi libici, dando voce e centralità all'esperienza della vittima. I personaggi positivi (medici) sono consapevoli, discutono apertamente di pregiudizi e traumi, e si confrontano anche con i propri limiti etici e umani. Il razzismo non viene mai normalizzato o minimizzato, ma trattato come un problema reale, con un dibattito esplicito sulle sue conseguenze. Il personaggio che ha subito la violenza trova giustizia e dignità nel finale, e la narrazione invita lo spettatore a riflettere criticamente sulle strutture di potere e sulle responsabilità individuali.;Non è un semplice riconoscimento consapevole (+1), perché l'episodio va oltre l'attribuire i pregiudizi a personaggi negativi: c'è un vero e proprio impegno critico, con personaggi che crescono, si confrontano e sfidano i propri limiti morali. Il razzismo è esplicitamente tematizzato e contestato.;Non raggiunge il +3 perché, pur offrendo una rappresentazione approfondita e critica, l'analisi delle cause sistemiche del razzismo rimane sullo sfondo e non viene sviluppata in modo strutturale o con soluzioni concrete per l'equità. Le voci marginalizzate sono centrali nella narrazione, ma non sono l'unico punto di vista e la critica alle strutture di potere è implicita più che esplicita.
DOC NELLE TUE MANI;02;10;Doc Nelle tue maniS02E10;17/02/2022;1;N/A;Nell'episodio non ci sono riferimenti espliciti o impliciti a razza, etnia, migranti, rom o italiani di seconda generazione. L'unico accenno a una persona etiope riguarda una ragazza morta di Covid, ma la sua etnia non viene mai tematizzata né problematizzata, e non emergono dinamiche o discorsi legati al razzismo o alla discriminazione. Tutte le interazioni tra i personaggi ruotano attorno a questioni familiari, psicologiche, mediche e relazionali, senza alcuna rappresentazione di stereotipi etnici o razziali, né in positivo né in negativo.;Non ci sono elementi discriminatori, né normalizzazione di pregiudizi o stereotipi etnici/razziali.;Non ci sono nemmeno elementi di riconoscimento, impegno critico o analisi trasformativa rispetto al razzismo, perché il tema non viene mai affrontato.
DOC NELLE TUE MANI;02;10;Doc Nelle tue maniS02E10;17/02/2022;2;N/A;In questo episodio non sono presenti riferimenti espliciti o impliciti a razza, etnia, migranti, rom o italiani di seconda generazione. I dialoghi e le trame si concentrano su dinamiche familiari, salute mentale, rapporti tra colleghi e temi legati alla pandemia, senza mai toccare questioni razziali o di discriminazione etnica.;Non ci sono elementi discriminatori, né stereotipi, né battute o atteggiamenti che possano essere interpretati come razzisti o pregiudizievoli verso gruppi etnici.;Non ci sono nemmeno elementi di riconoscimento, impegno critico o analisi trasformativa delle questioni razziali, perché il tema non viene mai affrontato.
DOC NELLE TUE MANI;02;10;Doc Nelle tue maniS02E10;17/02/2022;3;N/A;Nell'episodio non ci sono riferimenti diretti a razza, etnia o dinamiche razziali. Sebbene venga menzionata una 'ragazza etiope' morta di Covid, il suo background etnico non viene mai tematizzato né usato per costruire stereotipi, conflitti o riflessioni sul razzismo. La narrazione si concentra esclusivamente su dinamiche familiari, psicologiche e mediche, senza alcun accenno a discriminazione, pregiudizio o diversità etnica come tema.;Non ci sono elementi razziali o etnici rappresentati, quindi non è possibile attribuire un punteggio negativo.;"Non ci sono nemmeno elementi di riconoscimento, consapevolezza o critica del razzismo, né tantomeno analisi strutturali o trasformative; semplicemente il tema non è presente."
DOC NELLE TUE MANI;02;10;Doc Nelle tue maniS02E10;17/02/2022;4;N/A;Nell'episodio non sono presenti riferimenti espliciti o impliciti a razza, etnia, migranti, rom o italiani di seconda generazione. I temi trattati riguardano principalmente dinamiche familiari, salute mentale, conflitti generazionali e gestione delle emergenze sanitarie. L'unico accenno a una ragazza etiope (Nazinet) riguarda la sua morte per Covid e il senso di colpa di un personaggio, senza alcun riferimento a stereotipi, discriminazioni o questioni razziali.;"Non sono presenti elementi discriminatori o stereotipi etnici; l'assenza totale di riferimenti rende impossibile assegnare un punteggio negativo.";"Non ci sono spunti di rappresentazione, critica o analisi del razzismo; la questione razziale è del tutto assente, quindi non è possibile valutare in positivo."
DOC NELLE TUE MANI;02;10;Doc Nelle tue maniS02E10;17/02/2022;5;N/A;Nell'episodio, non sono presenti riferimenti espliciti o impliciti a razza, etnia, migranti, rom o italiani di seconda generazione. L'unico accenno a una persona etiope (Nazinet) riguarda la sua morte per Covid e il senso di colpa del personaggio Gabriel, ma la questione è trattata esclusivamente come vicenda personale e sanitaria, senza alcun riferimento a discriminazioni, stereotipi etnici o dinamiche razziali. Nessun personaggio subisce o esprime pregiudizi legati all'etnia, né si affrontano temi di razzismo o diversità culturale.;Non ci sono elementi di discriminazione, stereotipi o pregiudizi razziali che giustificherebbero un punteggio negativo.;Non ci sono nemmeno elementi di riconoscimento, impegno critico o analisi strutturale del razzismo: la questione razziale non è affrontata in alcun modo, quindi non è possibile assegnare un punteggio positivo.
DOC NELLE TUE MANI;02;10;Doc Nelle tue maniS02E10;17/02/2022;6;N/A;Nell'episodio non sono presenti riferimenti espliciti o impliciti a razza o etnia, né attraverso personaggi, dialoghi, situazioni o sottotesti. I temi trattati riguardano principalmente relazioni familiari, dinamiche di gruppo, salute mentale, conflitti generazionali e questioni legate alla pandemia. L'unico accenno etnico è il riferimento a una 'ragazza etiope' morta di Covid, ma viene menzionata solo come elemento della trama medica e non come spunto per stereotipi, discriminazioni o riflessioni sulla diversità. Non vi sono battute, atteggiamenti o rappresentazioni che coinvolgano migranti, rom, italiani di seconda generazione o altre minoranze in chiave razziale.;Non ci sono elementi discriminatori, né normalizzazione di pregiudizi, né minimizzazione o stereotipizzazione di personaggi etnicamente connotati.;Non si può assegnare un punteggio positivo perché la questione razziale non viene affrontata in alcun modo, né come riconoscimento critico né come impegno sociale.
DOC NELLE TUE MANI;02;10;Doc Nelle tue maniS02E10;17/02/2022;7;N/A;Nell'episodio non sono presenti riferimenti espliciti o impliciti a razza, etnia, migranti, rom o italiani di seconda generazione. Tutte le interazioni tra i personaggi si concentrano su temi familiari, sanitari, psicologici e relazionali, senza alcun accenno a questioni razziali o etniche. L'unico riferimento etnico è alla 'ragazza etiope' morta di Covid, ma viene menzionata esclusivamente come elemento biografico e non oggetto di pregiudizio, stereotipo o discriminazione.;Non sono presenti elementi discriminatori, stereotipi o normalizzazione di pregiudizi razziali, dunque non è applicabile un punteggio negativo.;Non ci sono nemmeno elementi di riconoscimento, impegno critico o analisi strutturale del razzismo, ma la scala non si applica perché il tema è completamente assente.
DOC NELLE TUE MANI;02;10;Doc Nelle tue maniS02E10;17/02/2022;8;N/A;Nell'episodio, non ci sono riferimenti espliciti o impliciti a razza, etnia, migranti, rom o italiani di seconda generazione. L'unico accenno a una persona di origine etiope (Nazinet) riguarda la sua morte per Covid e il dolore del protagonista, ma non viene mai tematizzata la sua etnia, né emergono stereotipi, discriminazioni, né discussioni su razzismo o pregiudizi. La narrazione si concentra su dinamiche familiari, psicologiche e sanitarie, senza affrontare il tema razziale.;Non è stato assegnato un punteggio negativo perché non sono presenti né stereotipi né normalizzazione o minimizzazione di pregiudizi razziali.;Non è stato assegnato un punteggio positivo perché il tema del razzismo non viene mai affrontato, né direttamente né indirettamente, e non ci sono elementi di consapevolezza o critica rispetto a questioni razziali.
DOC NELLE TUE MANI;02;10;Doc Nelle tue maniS02E10;17/02/2022;9;N/A;Nell'episodio non sono presenti riferimenti espliciti o impliciti a razza, etnia, migranti, rom o italiani di seconda generazione. I conflitti e le tematiche affrontate ruotano attorno a dinamiche familiari, salute mentale, setta, rapporti padre-figlio, gestione della pandemia e questioni professionali in ambito medico. L'unico accenno a una ragazza etiope (Nazinet) riguarda la sua morte per Covid e il senso di colpa del protagonista, ma non viene mai tematizzata la sua etnia né emergono stereotipi, discriminazioni o riflessioni sul razzismo. La narrazione si concentra esclusivamente su aspetti personali, clinici e psicologici.;Non ci sono elementi discriminatori, stereotipi o pregiudizi legati a questioni razziali o etniche. L'etnia di Nazinet è menzionata solo come dato biografico e non viene mai problematizzata o usata in chiave narrativa.;Non ci sono nemmeno elementi di consapevolezza, critica o impegno rispetto al razzismo, semplicemente perché la questione non viene mai affrontata o evocata nell'episodio.
DOC NELLE TUE MANI;02;10;Doc Nelle tue maniS02E10;17/02/2022;10;N/A;Nell'episodio non sono presenti riferimenti espliciti o impliciti a razza, etnia, migrazione, rom o italiani di seconda generazione. I personaggi e le trame si concentrano su dinamiche familiari, salute mentale, relazioni personali e questioni legate alla pandemia di Covid-19. L'unico accenno etnico è la menzione di una ragazza etiope (Nazinet), ma la sua origine non viene mai problematizzata, stereotipata o posta al centro di dinamiche di discriminazione o pregiudizio. La narrazione si limita a considerare la sua morte come evento personale e tragico, senza alcuna connotazione razziale.;Non ci sono elementi di discriminazione, stereotipi o pregiudizi razziali da valutare in senso negativo.;Non ci sono nemmeno elementi di consapevolezza, impegno critico o analisi trasformativa della questione razziale, semplicemente perché la questione non è presente nell'episodio.
DOC NELLE TUE MANI;03;03;Doc Nelle Tue ManiS03E03;18/01/2024;1;+1;L'episodio presenta una rappresentazione della diversità etnica principalmente attraverso il personaggio di Lin, una specializzanda di origine asiatica. Il momento chiave è una battuta stereotipata ('Sei cinese o sei giapponese? Sei una spia, una dissidente?'), che viene immediatamente contestata da un altro personaggio ('Sei stupido come sembri o fai finta? Basta!'), mostrando disagio e disapprovazione verso il commento razzista. Lin è inoltre rappresentata come una giovane professionista competente, il cui ruolo va oltre la sua etnia. Non ci sono altri riferimenti a migranti, rom o italiani di seconda generazione, né situazioni di discriminazione strutturale. Il tono generale è rispettoso e la narrazione attribuisce i commenti problematici a personaggi secondari, mentre quelli positivi mostrano rispetto e consapevolezza.;"Non assegno un punteggio più basso perché il commento razzista viene immediatamente contestato e non è normalizzato; la narrazione mostra consapevolezza e distanza critica dagli stereotipi.";"Non assegno un punteggio più alto perché l'episodio non affronta il razzismo come problema sociale né analizza le cause sistemiche; la questione etnica è presente solo in modo episodico e non centrale, senza dibattito esplicito o inquadramento trasformativo."
DOC NELLE TUE MANI;03;03;Doc Nelle Tue ManiS03E03;18/01/2024;2;+1;L'episodio presenta una diversità etnica limitata ma significativa: Lin, una giovane medico di origine asiatica, è oggetto di una battuta stereotipata ('Sei cinese o sei giapponese? Sei una spia, una dissidente?'), che viene immediatamente contestata da un altro personaggio ('Sei stupido come sembri o fai finta? Basta!'). Non ci sono altri riferimenti espliciti a razza o etnia, né situazioni di discriminazione sistemica. Il tono generale è di rispetto e inclusione, con i personaggi positivi che reagiscono con disagio e disapprovazione ai commenti razzisti. Lin viene valorizzata per il suo lavoro e non ridotta a cliché etnici. L'episodio mostra consapevolezza critica, attribuendo il commento problematico a un personaggio negativo e contestandolo subito.;Il commento stereotipato non viene normalizzato né minimizzato: viene subito contestato e il personaggio oggetto della battuta non viene ridicolizzato o marginalizzato. Non ci sono altri segnali di normalizzazione o minimizzazione del pregiudizio, né sostegno attivo alla discriminazione.;Non si raggiunge il livello +2 o +3 perché il razzismo non è affrontato come problema sociale centrale nell'episodio, né viene analizzato in modo strutturale. La questione razziale appare solo in una breve scena, non ci sono dibattiti espliciti o crescita dei personaggi su questo tema, né voci marginalizzate centrali nella narrazione.
DOC NELLE TUE MANI;03;03;Doc Nelle Tue ManiS03E03;18/01/2024;3;+1;L'episodio presenta una diversità etnica limitata ma significativa: Lin, una giovane medico di origine asiatica, è parte del gruppo degli specializzandi. Viene fatta oggetto di una battuta stereotipata ('Sei cinese o sei giapponese? Sei una spia, una dissidente?'), ma la battuta viene immediatamente contestata da un altro personaggio ('Sei stupido come sembri o fai finta? Basta!'), segnalando una chiara presa di distanza dal pregiudizio. Lin è rappresentata come una giovane professionista competente e rispettata, con ruoli che vanno oltre la sua etnia. Non ci sono altri riferimenti razziali o etnici rilevanti, né situazioni di discriminazione sistemica. Il tono generale è rispettoso e la narrazione mostra consapevolezza critica verso gli stereotipi, ma non si spinge verso un impegno esplicito o una critica strutturale.;La battuta stereotipata non viene normalizzata né minimizzata: viene immediatamente contestata e Lin è trattata con rispetto dal gruppo. Non ci sono altri elementi che normalizzano o minimizzano il pregiudizio, né personaggi positivi che sostengano idee discriminatorie.;"L'episodio non affronta il razzismo come problema sociale né propone una critica strutturale o soluzioni concrete. La questione etnica è marginale e non centrale nella narrazione; non c'è un dibattito esplicito né una crescita dei personaggi rispetto ai temi razziali. La voce di Lin non è centrale né autorevole rispetto alle tematiche di discriminazione."
DOC NELLE TUE MANI;03;03;Doc Nelle Tue ManiS03E03;18/01/2024;4;+1;L'episodio presenta una rappresentazione della diversità etnica attraverso il personaggio di Lin, una specializzanda di origine asiatica. Lin è trattata come parte integrante del gruppo medico, con ruoli e dialoghi che vanno oltre la sua etnia. Tuttavia, viene fatta una battuta stereotipata ('Sei cinese o sei giapponese? Sei una spia, una dissidente?'), subito contestata da un'altra collega ('Sei stupido come sembri o fai finta? Basta!'), mostrando consapevolezza critica e disapprovazione verso il pregiudizio. L'episodio non approfondisce temi strutturali del razzismo, ma segnala chiaramente che certi stereotipi non sono accettabili, attribuendo i commenti problematici a personaggi che vengono messi in discussione.;Non assegno un punteggio più basso perché la narrazione non normalizza né minimizza i pregiudizi: la battuta razzista viene immediatamente contestata e il personaggio oggetto del commento non è mai ridicolizzato o ridotto a uno stereotipo. L'atmosfera generale è di rispetto e inclusione.;Non assegno un punteggio più alto perché l'episodio non affronta il razzismo come problema sociale né propone un'analisi delle sue cause sistemiche. La questione viene toccata solo incidentalmente, senza diventare tema centrale o occasione di crescita esplicita per i personaggi o il pubblico.
DOC NELLE TUE MANI;03;03;Doc Nelle Tue ManiS03E03;18/01/2024;5;+1;"L'episodio non presenta trame o dialoghi centrati su razzismo o discriminazione etnica, ma include la presenza di Lin, una specializzanda di origine asiatica, che viene coinvolta in una breve scena di microaggressione (""Sei cinese o sei giapponese? Sei una spia?""). La battuta è immediatamente contestata da un'altra collega che la definisce 'stupido', segnalando una presa di distanza critica. Lin è rappresentata come una giovane professionista competente, con una sua storyline lavorativa e nessuna caratterizzazione stereotipata legata all'etnia. Il focus dell'episodio è su questioni di genere e carriera, non su tematiche razziali, ma la breve scena mostra consapevolezza degli stereotipi e li problematizza, seppur in modo rapido e non centrale.";La microaggressione non viene normalizzata: è subito contestata e il tono suggerisce che il comportamento è inaccettabile. Lin non è ridotta a uno stereotipo, né la narrazione la marginalizza o la ridicolizza per la sua etnia.;"Il razzismo non è un tema centrale né viene affrontato in modo strutturale o approfondito; la scena è breve e non si sviluppa in un vero dibattito o percorso di crescita. Non c'è un impegno critico esplicito né un'analisi delle cause o delle conseguenze sociali della discriminazione."
DOC NELLE TUE MANI;03;03;Doc Nelle Tue ManiS03E03;18/01/2024;6;+1;L'episodio presenta una diversità etnica minima, con la specializzanda Lin come unico personaggio non italiano di origine. La sua presenza è dignitosa e professionale, e i pochi commenti stereotipati ('Sei cinese o giapponese? Sei una spia?') sono immediatamente contestati da un altro personaggio ('Sei stupido come sembri o fai finta? Basta!'), mostrando disagio e disapprovazione. Non ci sono narrazioni o trame che ruotano attorno a questioni razziali, né stereotipi etnici vengono normalizzati o usati come comic relief. La rappresentazione della diversità è limitata, ma la reazione ai commenti problematici è consapevole e critica, in linea con il punteggio +1.;Non assegno un punteggio più basso perché i commenti stereotipati non vengono mai normalizzati o lasciati incontestati. La posizione dominante è di rispetto e consapevolezza, e la battuta razzista viene immediatamente criticata da un personaggio positivo.;Non assegno un punteggio più alto perché l'episodio non affronta il razzismo come problema sociale, né propone una critica strutturale o soluzioni. La diversità etnica è marginale e non centrale nella narrazione, e non si esplorano le cause o le conseguenze del razzismo in modo approfondito.
DOC NELLE TUE MANI;03;03;Doc Nelle Tue ManiS03E03;18/01/2024;7;+1;L'episodio presenta una diversità etnica limitata, con la presenza di Lin, una specializzanda di origine asiatica. L'unico momento in cui emergono stereotipi razziali è una battuta rivolta a Lin: 'Sei cinese o sei giapponese?', seguita da 'Sei stupido come sembri o fai finta?', che viene immediatamente contestata da un altro personaggio. Non ci sono altri riferimenti a razza, migranti, rom o italiani di seconda generazione. La narrazione non indulge in stereotipi né li normalizza: il commento problematico viene subito criticato e non è attribuito a personaggi positivi. Lin è rappresentata come una giovane medico competente, il suo ruolo non è ridotto alla sua etnia e non subisce discriminazione strutturale. Il tono generale è rispettoso, e l'unico episodio di pregiudizio è gestito con consapevolezza.;"Non assegno un punteggio più basso perché il commento stereotipato viene immediatamente contestato e non è normalizzato; la narrazione non sostiene né minimizza il razzismo, e Lin non è ridotta a un cliché etnico.";"Non assegno un punteggio più alto perché l'episodio non affronta il razzismo come problema sociale né propone una critica strutturale; la questione razziale è marginale e non centrale nella trama, e non si esplorano le cause o le soluzioni del razzismo."
DOC NELLE TUE MANI;03;03;Doc Nelle Tue ManiS03E03;18/01/2024;8;+1;L'episodio presenta una rappresentazione della diversità etnica attraverso il personaggio di Lin, una giovane specializzanda di origini cinesi. Lin è integrata nel gruppo, ha un ruolo professionale definito e viene trattata con rispetto dai colleghi principali. L'unico momento in cui emergono stereotipi o microaggressioni è una breve battuta di un collega ('Sei cinese o sei giapponese? Sei stupido come sembri o fai finta?'), che viene immediatamente contestata da un'altra collega ('Basta!'). Non ci sono altri riferimenti a razza o etnia, né situazioni di discriminazione o stereotipizzazione marcata. Il tono generale è di normalità e accettazione, con una chiara distanza critica dagli eventuali pregiudizi. L'episodio mostra consapevolezza del tema, attribuendo il commento problematico a un personaggio che viene subito corretto, e valorizza la presenza di Lin come parte del team.;Non assegno un punteggio inferiore perché l'unico episodio di pregiudizio è isolato, subito contestato e non normalizzato. Lin non viene mai ridotta a uno stereotipo etnico, né la narrazione suggerisce che i commenti razzisti siano accettabili.;Non assegno un punteggio più alto perché l'episodio non affronta il razzismo come problema sociale, non c'è un dibattito esplicito né una crescita dei personaggi su questi temi. La questione viene solo sfiorata e risolta rapidamente, senza approfondimenti o analisi strutturali.
DOC NELLE TUE MANI;03;03;Doc Nelle Tue ManiS03E03;18/01/2024;9;+1;L'episodio presenta una rappresentazione della diversità etnica attraverso il personaggio di Lin, una giovane specializzanda di origine asiatica. Lin è trattata come parte integrante del gruppo medico, con un ruolo professionale e relazioni paritarie. Tuttavia, viene fatta una battuta stereotipata ('Sei cinese o sei giapponese? Sei una spia, una dissidente?'), che viene immediatamente contestata da un'altra collega ('Sei stupido come sembri o fai finta? Basta!'), segnalando una consapevolezza critica rispetto agli stereotipi. Non ci sono altri riferimenti a razza o etnia, e la narrazione non indulge in cliché o discriminazioni, ma nemmeno approfondisce in modo strutturale le questioni razziali. Il focus principale dell'episodio resta su tematiche di genere e carriera, affrontate con impegno critico.;Non assegno un punteggio più basso perché la battuta stereotipata viene immediatamente criticata e isolata, e Lin non è ridotta a un cliché etnico: la sua presenza è dignitosa e professionale.;"Non assegno un punteggio più alto perché la questione razziale non viene mai affrontata come problema sociale né tantomeno inquadrata in termini strutturali o di sistema; la consapevolezza si limita a una reazione individuale e non si sviluppa in un dibattito o in una crescita collettiva."
DOC NELLE TUE MANI;03;03;Doc Nelle Tue ManiS03E03;18/01/2024;10;+1;L'episodio presenta una diversità etnica limitata: l'unica scena che tocca direttamente la questione razziale è quella in cui Lin, una specializzanda di origine asiatica, viene bersagliata da battute stereotipate ('Sei cinese o giapponese?', 'Sei una spia, una dissidente?'). Tuttavia, la battuta viene immediatamente contestata da un altro personaggio ('Sei stupido come sembri o fai finta? Basta!'), segnalando una consapevolezza critica e una presa di distanza dal pregiudizio. Lin è inoltre rappresentata come una giovane competente e impegnata, con ruoli che vanno oltre la sua etnia. Non ci sono altri riferimenti a migranti, rom o italiani di seconda generazione, né situazioni di razzismo sistemico. L'episodio nel complesso non normalizza né minimizza i pregiudizi, ma li riconosce e li contesta, pur senza approfondire il tema.;"Non assegno un punteggio inferiore perché la battuta razzista viene subito contestata e non è attribuita a personaggi positivi; non c'è normalizzazione né minimizzazione del pregiudizio, e Lin non è ridotta a uno stereotipo.";"Non assegno un punteggio superiore perché l'episodio non affronta il razzismo come problema sociale, né offre una critica strutturale o soluzioni concrete; la questione razziale è marginale e non centrale nella narrazione."
DOC NELLE TUE MANI;03;09;Doc Nelle Tue ManiS03E09;15/02/2024;1;N/A;L'episodio, basato sui sottotitoli forniti, non presenta alcun riferimento esplicito o implicito a razza, etnia, migrazione, rom, italiani di seconda generazione o tematiche assimilabili al razzismo nel contesto italiano. I dialoghi e le situazioni ruotano esclusivamente attorno a dinamiche familiari, problemi di salute, relazioni personali e professionali, senza mai toccare questioni legate a diversità etnica o discriminazione razziale.;Non è stato assegnato un punteggio negativo perché non sono presenti né stereotipi né battute, né normalizzazione o minimizzazione di pregiudizi razziali: il tema è del tutto assente.;Non è stato assegnato un punteggio positivo perché non vi è alcun riconoscimento, discussione o rappresentazione della diversità etnica o del razzismo: la questione non viene affrontata in alcun modo.
DOC NELLE TUE MANI;03;09;Doc Nelle Tue ManiS03E09;15/02/2024;2;N/A;Nell'episodio, non ci sono riferimenti espliciti o impliciti a razza, etnia, migranti, rom o italiani di seconda generazione. I personaggi e le dinamiche ruotano esclusivamente attorno a questioni familiari, mediche, psicologiche e relazionali, senza alcun accenno a diversità etnica o a stereotipi razziali. Anche le battute e i dialoghi non fanno mai riferimento a identità etniche o razziali, né in senso positivo né negativo.;Non ci sono elementi discriminatori o stereotipati su base etnica o razziale, quindi non è applicabile un punteggio negativo.;Non ci sono nemmeno elementi di riconoscimento, consapevolezza o critica del razzismo, né rappresentazioni di diversità etnica, quindi non è applicabile un punteggio positivo.
DOC NELLE TUE MANI;03;09;Doc Nelle Tue ManiS03E09;15/02/2024;3;N/A;L'episodio, basato sui sottotitoli forniti, non presenta alcun riferimento esplicito o implicito a razza, etnia, migranti, rom, italiani di seconda generazione o questioni razziali. I dialoghi e le dinamiche tra i personaggi ruotano esclusivamente attorno a temi di salute, relazioni familiari, lavoro e questioni personali, senza alcuna menzione o rappresentazione di elementi legati al razzismo o alla diversità etnica.;Non ci sono elementi discriminatori o stereotipi etnici da valutare, quindi non è possibile assegnare un punteggio negativo.;Non vengono affrontati temi di razzismo, inclusione o critica sociale sulle questioni etniche, quindi non è possibile assegnare un punteggio positivo.
DOC NELLE TUE MANI;03;09;Doc Nelle Tue ManiS03E09;15/02/2024;4;N/A;Nell'episodio non sono presenti riferimenti espliciti o impliciti a razza, etnia, migrazione, rom, o italiani di seconda generazione. Tutti i personaggi e le loro storie ruotano attorno a temi di salute, famiglia, relazioni personali e lavoro, senza mai toccare questioni di diversità etnica o razziale. L'unico accenno a una possibile diversità è la presenza di un personaggio chiamato Lin, ma non viene mai tematizzata la sua origine o trattata in modo stereotipato o problematico. Non emergono battute, stereotipi, né discussioni legate al razzismo o alla discriminazione etnica.;"Non ci sono elementi di discriminazione, stereotipi o normalizzazione del pregiudizio razziale; la questione razziale è completamente assente.";Non ci sono elementi di riconoscimento, impegno critico o analisi trasformativa delle questioni razziali, perché il tema non viene mai affrontato.
DOC NELLE TUE MANI;03;09;Doc Nelle Tue ManiS03E09;15/02/2024;5;N/A;L'episodio, sulla base dei sottotitoli forniti, non presenta alcun riferimento esplicito o implicito a razza, etnia, migranti, rom, italiani di seconda generazione o altre questioni razziali rilevanti nel contesto italiano. Tutte le interazioni tra i personaggi ruotano attorno a dinamiche familiari, problemi di salute, rapporti di lavoro e vicende personali, senza mai toccare temi di discriminazione o stereotipi etnici.;Non sono presenti battute, riferimenti o situazioni che possano essere interpretate come razziste, discriminatorie o anche solo stereotipate su base etnica.;Non vi è alcuna rappresentazione della diversità etnica o discussione di questioni razziali, quindi non è possibile attribuire un punteggio positivo secondo la scala.
DOC NELLE TUE MANI;03;09;Doc Nelle Tue ManiS03E09;15/02/2024;6;N/A;Nell'episodio, non ci sono riferimenti espliciti o impliciti a razza, etnia, migrazione, rom o italiani di seconda generazione. I personaggi e le loro interazioni non toccano mai questioni di discriminazione razziale o stereotipi etnici. Le uniche battute che si avvicinano a un possibile stereotipo sono di tipo regionale (es. 'sono di Foppolo', 'bergamasca'), ma non riguardano minoranze etniche o razziali e sono trattate in modo bonario e paritario.;Non ci sono elementi di discriminazione, pregiudizio o stereotipo etnico/razziale che giustificherebbero un punteggio negativo.;Non ci sono elementi di riconoscimento, impegno critico o analisi trasformativa delle questioni razziali, perché il tema non è mai presente nell'episodio.
DOC NELLE TUE MANI;03;09;Doc Nelle Tue ManiS03E09;15/02/2024;7;N/A;Nell'episodio, non ci sono riferimenti espliciti o impliciti a razza, etnia, migranti, rom, italiani di seconda generazione o altre questioni razziali. Tutti i personaggi e le dinamiche sono trattati senza alcun accenno a differenze etniche o razziali, né in modo positivo né negativo. Gli unici accenni a provenienza sono di tipo regionale (es. Bergamasca), senza alcuna connotazione discriminatoria o stereotipata. L'episodio si concentra esclusivamente su temi medici, familiari e psicologici.;Non ci sono battute, stereotipi, né rappresentazioni di pregiudizio o discriminazione razziale che giustificherebbero un punteggio negativo.;Non vengono affrontati temi di razzismo, inclusione o diversità etnica, quindi non è possibile assegnare un punteggio positivo.
DOC NELLE TUE MANI;03;09;Doc Nelle Tue ManiS03E09;15/02/2024;8;N/A;L'episodio, sulla base dei sottotitoli forniti, non presenta alcun riferimento esplicito o implicito a razza, etnia, migranti, rom o italiani di seconda generazione. I personaggi e le loro storie ruotano esclusivamente attorno a questioni familiari, lavorative, sanitarie e relazionali, senza alcun accenno a dinamiche razziali o etniche. L'unico scambio che sfiora la tematica degli stereotipi è quello tra Lin e un collega ('operaia di una fabbrica cinese'), ma la battuta viene immediatamente riconosciuta come stereotipo e ironizzata, senza alcuna centralità o ricorrenza nel racconto.;Non sono presenti elementi di discriminazione, stereotipi etnici, battute razziste o normalizzazione di pregiudizi. L'unica battuta a rischio viene subito ridicolizzata e non ha peso narrativo.;Non essendoci alcun riferimento a razza o etnia, non è possibile valutare la rappresentazione del razzismo in senso positivo o trasformativo.
DOC NELLE TUE MANI;03;09;Doc Nelle Tue ManiS03E09;15/02/2024;9;N/A;Nell'episodio, non ci sono riferimenti espliciti o impliciti a razza, etnia, migrazione, rom, italiani di seconda generazione o altre questioni razziali rilevanti per il contesto italiano. I personaggi e le situazioni ruotano esclusivamente attorno a dinamiche familiari, lavorative, mediche e psicologiche, senza alcun accenno a diversità etnica o discorsi stereotipati di tipo razziale.;Non ci sono elementi discriminatori o stereotipi etnici da valutare, quindi non è possibile assegnare un punteggio negativo.;Non ci sono nemmeno elementi di riconoscimento, impegno o trasformazione rispetto al tema del razzismo, perché il tema stesso è completamente assente.
DOC NELLE TUE MANI;03;09;Doc Nelle Tue ManiS03E09;15/02/2024;10;N/A;Nell'episodio, non ci sono riferimenti espliciti o impliciti a razza, etnia, migrazione, rom, o italiani di seconda generazione. I personaggi e le loro interazioni non toccano mai questioni razziali o etniche, né in senso positivo né negativo. Gli unici accenni a diversità sono legati a condizioni di salute, disabilità e rapporti familiari, senza alcun collegamento a temi di razzismo o rappresentazione etnica.;Non ci sono elementi discriminatori o stereotipi etnici, quindi nessun motivo per assegnare un punteggio negativo.;Non ci sono nemmeno elementi di riconoscimento, consapevolezza o impegno sul tema del razzismo, quindi non è possibile assegnare un punteggio positivo.
DOC NELLE TUE MANI;03;11;Doc Nelle Tue ManiS03E11;22/02/2024;1;+1;L'episodio presenta una scena in cui il padre di un personaggio si riferisce a Lin Wang, una collega di origine cinese, chiamandola 'la cinesina' e facendo commenti stereotipati ('Non ho niente contro i cinesi'). Tuttavia, il tono è quello di una gaffe paternalista e non di ostilità esplicita. Il personaggio principale non approva né ride, e la narrazione non valorizza né premia l'atteggiamento del padre. Lin è una figura professionale rispettata e integrata nel gruppo, e la sua presenza non è ridotta a uno stereotipo etnico. Il commento razzista è attribuito a un personaggio secondario e viene lasciato senza enfasi positiva. Nel complesso, l'episodio mostra consapevolezza della presenza di stereotipi e li colloca in bocca a personaggi che non sono modelli da seguire, senza però affrontare il tema del razzismo in modo strutturale o critico.;Il commento stereotipato non viene mai approvato o normalizzato dal protagonista o dalla narrazione, e Lin non è ridicolizzata o marginalizzata. La sua presenza è dignitosa e professionale, e il razzismo non è presentato come normale o accettabile.;L'episodio non affronta il razzismo come problema sociale, non ci sono discussioni esplicite sulle discriminazioni né una critica strutturale. Il tema rimane marginale e non viene sviluppato in chiave trasformativa o di impegno critico.
DOC NELLE TUE MANI;03;11;Doc Nelle Tue ManiS03E11;22/02/2024;2;+1;L'episodio presenta una scena in cui il padre di un personaggio si riferisce a una collega cinese con il termine 'cinesina' e fa commenti sul fatto che dorma in casa del figlio. Tuttavia, questi commenti sono presentati come parte di una mentalità paternalistica e leggermente fuori luogo, non apertamente ostile, e non vengono approvati o condivisi dagli altri personaggi. Il figlio risponde con disagio e cerca di spiegare la situazione, senza mai assecondare o rafforzare lo stereotipo. Inoltre, la collega Lin Wang è rappresentata come una professionista competente e integrata nel gruppo, con relazioni lavorative e personali paritarie. Non ci sono altri riferimenti etnici o razziali significativi nell'episodio. Nel complesso, la narrazione mostra consapevolezza degli stereotipi (attraverso la reazione del figlio e la rappresentazione positiva di Lin), ma non si impegna in una critica strutturale o in un approfondimento del tema.;Il commento stereotipato è isolato, non sostenuto dalla narrazione, e viene implicitamente messo in discussione dal disagio del figlio e dalla rappresentazione positiva della collega. Non c'è normalizzazione né approvazione del pregiudizio, quindi non è -1 o più basso.;"L'episodio non affronta il razzismo come problema sociale né offre una critica esplicita o soluzioni strutturali; la questione rimane sullo sfondo e non viene tematizzata in modo centrale. Per questo non raggiunge +2 o +3."
DOC NELLE TUE MANI;03;11;Doc Nelle Tue ManiS03E11;22/02/2024;3;+1;L'episodio presenta almeno due personaggi di origine non italiana (Lin Wang e suo padre), con Lin integrata nel gruppo medico e trattata con rispetto dai colleghi. Tuttavia, c'è una scena in cui il padre di un personaggio si riferisce a Lin come 'la cinesina', un termine potenzialmente riduttivo e stereotipato, e fa commenti sulla sua presenza in casa. Questi commenti sono presentati come imbarazzanti e fuori luogo: il figlio risponde con disagio e chiarisce la situazione, senza però una condanna esplicita. Nel complesso, la narrazione attribuisce i commenti problematici a un personaggio secondario e li isola dal tono generale, che rimane inclusivo e rispettoso. Non si riscontrano altri stereotipi o discriminazioni etniche nel resto dell'episodio.;Il commento stereotipato è isolato, non viene approvato né normalizzato dagli altri personaggi, e il tono generale della serie è di rispetto e inclusione. Lin è una professionista stimata e non ridotta a cliché etnici.;Non si raggiunge il livello +2 perché la narrazione non affronta il razzismo come problema sociale, né c'è una contestazione attiva o una riflessione critica esplicita sui pregiudizi. Il commento del padre viene gestito con disagio, ma non viene tematizzato o discusso apertamente.
DOC NELLE TUE MANI;03;11;Doc Nelle Tue ManiS03E11;22/02/2024;4;+1;L'episodio presenta la collega Lin Wang, di origine cinese, in modo dignitoso e professionale, senza ridurla a uno stereotipo etnico, e la sua presenza è normalizzata nel gruppo. Tuttavia, il padre di un personaggio fa un commento stereotipato ('E' carina la cinesina'), che viene accolto con disagio e non viene approvato o ripreso dagli altri, ma non è nemmeno oggetto di discussione esplicita. Il commento è attribuito a un personaggio secondario e anziano, suggerendo una distanza ironica e una certa consapevolezza critica, ma senza un vero confronto o approfondimento. Il resto dell'episodio non presenta altri elementi razziali o etnici rilevanti.;Il commento stereotipato non viene approvato né normalizzato: il figlio risponde con disagio e cambia argomento, e non c'è alcuna complicità o approvazione da parte degli altri personaggi. Lin Wang è trattata con rispetto e il suo ruolo non è legato alla sua etnia. Non ci sono altri stereotipi o battute ripetute, né una normalizzazione del pregiudizio.;Non si arriva a un vero impegno critico (+2): il commento razzista non viene esplicitamente contestato o discusso, e non c'è una riflessione attiva sul razzismo o sulle dinamiche di potere. La narrazione si limita a mostrare consapevolezza e disagio, ma non va oltre nel proporre una crescita o una soluzione strutturale.
DOC NELLE TUE MANI;03;11;Doc Nelle Tue ManiS03E11;22/02/2024;5;+1;L'episodio presenta una scena in cui il padre di un personaggio si riferisce a una collega cinese con il termine 'cinesina', un'espressione che in Italia può essere percepita come diminutiva o stereotipata. Tuttavia, questa battuta non viene approvata né valorizzata dalla narrazione: il figlio risponde con disagio, spiega la situazione e non vi è alcuna complicità o approvazione esplicita da parte dei personaggi positivi. Inoltre, Lin Wang è rappresentata come una professionista competente e integrata, con un ruolo che va oltre la sua etnia. Non ci sono altri riferimenti a razza o etnia, né stereotipi reiterati o normalizzati. L'episodio mostra quindi una consapevolezza critica degli stereotipi, pur senza affrontare il razzismo come tema centrale.;La battuta stereotipata non viene mai approvata o normalizzata: il tono è di disagio e la narrazione non la valorizza. Lin Wang non è ridotta a un cliché e la sua presenza è dignitosa e professionale.;L'episodio non affronta il razzismo come problema sociale, non ci sono dibattiti espliciti né analisi delle strutture di potere o delle cause sistemiche della discriminazione. La consapevolezza è presente ma non si traduce in un impegno critico o trasformativo.
DOC NELLE TUE MANI;03;11;Doc Nelle Tue ManiS03E11;22/02/2024;6;+1;L'episodio presenta una scena in cui un personaggio (il padre di Federico) si riferisce a Lin Wang, una dottoressa italiana di origine cinese, chiamandola 'la cinesina'. Il commento è stereotipato e paternalistico, ma viene presentato come una goffaggine generazionale, non come un insulto attivo o un atto di discriminazione. Il figlio risponde con disagio e cerca di minimizzare, senza però una contestazione esplicita. Nel resto dell'episodio, Lin è trattata come una collega competente e rispettata, con un ruolo professionale paritario e nessun altro riferimento alla sua etnia. Non ci sono altri stereotipi o situazioni razziali rilevanti. L'episodio mostra quindi una consapevolezza critica: il commento problematico è attribuito a un personaggio secondario e non viene approvato dalla narrazione, che anzi mostra disagio e normalità nell'inclusione di Lin.;Il commento stereotipato non viene mai approvato o normalizzato: è isolato, attribuito a una figura paternalistica e non viene ripreso o sostenuto da altri personaggi. Lin non è mai ridicolizzata o ridotta a cliché, anzi è pienamente integrata nel gruppo. La narrazione non normalizza il pregiudizio, ma lo presenta come una goffaggine fuori luogo.;L'episodio non affronta il razzismo come problema sociale (+2) né tantomeno offre una critica strutturale o dà centralità a voci marginalizzate (+3). Il tema razziale rimane marginale e la consapevolezza si limita a una gestione rispettosa e ironica dello stereotipo, senza approfondire o proporre soluzioni.
DOC NELLE TUE MANI;03;11;Doc Nelle Tue ManiS03E11;22/02/2024;7;+1;L'episodio presenta una rappresentazione della diversità etnica attraverso il personaggio di Lin Wang, una dottoressa di origine cinese, integrata nel gruppo e trattata con rispetto dai colleghi. Tuttavia, c'è una scena in cui il padre di un personaggio si riferisce a Lin chiamandola 'la cinesina', un termine diminutivo e potenzialmente offensivo, seguito dalla frase 'Non ho niente contro i cinesi', che riproduce uno stereotipo paternalista. Questo commento non viene esplicitamente contestato, ma il tono della scena e la reazione del figlio (che spiega la presenza di Lin in modo neutro e senza assecondare il padre) suggeriscono una certa distanza critica e una normalizzazione della presenza di Lin. Non ci sono altri episodi di razzismo o stereotipi etnici nell'episodio, e Lin è mostrata come una professionista competente e parte attiva della narrazione.;Il commento problematico è isolato, attribuito a un personaggio secondario e non viene rafforzato dalla narrazione o dagli altri personaggi. Lin non viene mai ridicolizzata o ridotta a uno stereotipo, e la sua presenza è trattata con rispetto dal cast principale. L'episodio non normalizza il pregiudizio, né lo presenta come accettabile.;L'episodio non affronta il razzismo come problema sociale, né mostra personaggi che contestano apertamente il commento del padre o che riflettono criticamente sugli stereotipi. Non c'è un impegno esplicito nel decostruire i pregiudizi o nell'esplorare le cause strutturali della discriminazione. La consapevolezza è presente, ma rimane implicita e limitata.
DOC NELLE TUE MANI;03;11;Doc Nelle Tue ManiS03E11;22/02/2024;8;+1;L'episodio presenta un cast multietnico (ad es. il personaggio di Lin Wang), ma la questione razziale emerge solo in una breve scena: il padre di Federico, rivolgendosi a Lin, la chiama 'la cinesina', frase che Federico non contesta apertamente, ma a cui reagisce con disagio. Il padre aggiunge 'Non ho niente contro i cinesi', frase tipica di chi minimizza un pregiudizio. Tuttavia, la narrazione attribuisce questi commenti a un personaggio secondario e li presenta come frutto di ignoranza generazionale, non come posizione condivisa o approvata dai protagonisti. Lin è trattata con rispetto dagli altri e ha un ruolo professionale paritario. Non ci sono altri stereotipi o battute razziali, né la questione viene approfondita.;La battuta razzista è isolata, attribuita a un personaggio secondario e non sostenuta dalla narrazione o dagli altri personaggi. Il tono suggerisce disagio e distanza critica, non normalizzazione o minimizzazione.;L'episodio non affronta il razzismo come problema sociale, né c'è un confronto esplicito o una crescita dei personaggi su questo tema. La consapevolezza è implicita e limitata a una gestione rispettosa dei personaggi non italiani, senza approfondimento o critica strutturale.
DOC NELLE TUE MANI;03;11;Doc Nelle Tue ManiS03E11;22/02/2024;9;+1;L'episodio presenta una scena in cui il padre di Federico si riferisce a Lin Wang, collega di origine cinese, chiamandola 'la cinesina' e chiedendo se dorme lì, aggiungendo 'non ho niente contro i cinesi'. Il tono è quello di una microaggressione, ma la narrazione non la valorizza né la presenta come positiva: Federico risponde in modo neutro e non ride della battuta, e la scena si sposta subito su altri temi. Lin non viene mai ridotta a uno stereotipo, è una professionista rispettata e integrata nel gruppo, con un ruolo attivo e non marginale. Non ci sono altri riferimenti a razza o etnia, né stereotipi, né discriminazioni. L'episodio mostra consapevolezza della presenza di pregiudizi (la battuta del padre), ma non li normalizza: il personaggio che la pronuncia è secondario e non viene premiato o sostenuto dalla narrazione.;La battuta del padre di Federico è un esempio di pregiudizio sottile, ma non viene mai approvata o normalizzata dal testo. Lin è trattata con rispetto da tutti gli altri personaggi e la narrazione non insiste su stereotipi etnici. Non ci sono altri segnali di discriminazione o normalizzazione del pregiudizio.;L'episodio non affronta il razzismo come problema sociale, né lo tematizza in modo esplicito o strutturale. Non c'è dibattito, crescita o conseguenze per chi esprime pregiudizi, né vengono esplorate le cause sistemiche della discriminazione. La rappresentazione si limita a una consapevolezza di base senza approfondimento critico.
DOC NELLE TUE MANI;03;11;Doc Nelle Tue ManiS03E11;22/02/2024;10;+1;L'episodio presenta un cast etnicamente variegato (ad esempio, la dottoressa Lin Wang, personaggio di origine asiatica) che viene trattato con rispetto e professionalità. L'unico episodio di razzismo esplicito è una battuta del padre di Federico ('E' carina la cinesina'), che viene però subito ridimensionata: la frase è presentata come inopportuna e stereotipata, ma non è sostenuta né condivisa dagli altri personaggi, e Federico risponde con disagio e cambiando argomento. Non ci sono altri stereotipi o discriminazioni etniche rilevanti, e la presenza di Lin è integrata e mai ridicolizzata. Il tono generale è di normalità e rispetto verso la diversità, con una consapevolezza implicita dei limiti di certi commenti.;La battuta del padre di Federico è isolata, non viene mai approvata o normalizzata dal contesto, e il personaggio che la pronuncia è rappresentato come poco sensibile, non come modello positivo. Gli altri personaggi non fanno commenti razzisti né usano stereotipi. La narrazione non normalizza né minimizza il pregiudizio.;L'episodio non affronta il razzismo come problema sociale, né mette al centro voci marginalizzate o analizza cause sistemiche. La consapevolezza è presente solo in modo implicito e non si arriva a un impegno critico (+2) o a una trasformazione strutturale (+3).
DOC NELLE TUE MANI;03;13;Doc Nelle Tue ManiS03E13;29/02/2024;1;+1;L'episodio presenta una famiglia di origine cinese con dinamiche complesse, ma evita stereotipi etnici banali: i personaggi sono caratterizzati in modo sfaccettato, con conflitti familiari e personali che non ruotano attorno alla loro etnia, ma piuttosto a questioni universali come aspettative genitoriali, autonomia e relazioni. I pochi riferimenti alla loro origine (es. qualche parola in cinese, la difficoltà di accettare un fidanzato non cinese) sono trattati con rispetto e senza ironia o giudizio negativo. I personaggi italiani interagiscono con la famiglia Wang in modo professionale e rispettoso, senza battute o pregiudizi. L'episodio mostra consapevolezza delle possibili difficoltà di integrazione, ma non si sofferma su stereotipi né li normalizza. Non c'è un impegno esplicito nella critica al razzismo sistemico, ma la rappresentazione è dignitosa e consapevole.;"Non ci sono battute, commenti o atteggiamenti razzisti o stereotipati verso la famiglia Wang; la loro presenza non è ridotta a cliché etnici, né la narrazione normalizza pregiudizi. I conflitti sono familiari e personali, non etnici.";"L'episodio non affronta il razzismo come problema sociale, né mette al centro una critica esplicita alle strutture di potere o all'esclusione; la questione etnica resta sullo sfondo e non viene tematizzata in modo trasformativo o sistemico."
DOC NELLE TUE MANI;03;13;Doc Nelle Tue ManiS03E13;29/02/2024;2;+1;"L'episodio presenta una famiglia di origine cinese (i Wang) come parte integrante della trama, con personaggi complessi e ruoli attivi (Lin è medico, Yu è una giovane donna con una propria storia). La narrazione mostra consapevolezza delle difficoltà di integrazione e delle dinamiche familiari legate all'identità culturale, ma evita sia la caricatura che la vittimizzazione. Alcuni stereotipi (padre autoritario, conflitto generazionale, aspettative sulla carriera) sono presenti, ma vengono trattati con empatia e senza giudizio negativo o ironia. I personaggi italiani interagiscono con rispetto e senza pregiudizi razziali; eventuali incomprensioni sono legate a dinamiche familiari e non a discriminazione etnica. L'episodio riconosce la diversità e la complessità delle famiglie migranti, mostrando anche momenti di solidarietà e crescita reciproca.";Non ci sono battute, commenti o atteggiamenti razzisti, né stereotipi etnici usati in modo superficiale o denigratorio. I personaggi di origine cinese non sono ridotti a cliché, ma hanno profondità e agency. La narrazione non normalizza né minimizza il pregiudizio, anzi lo evita completamente.;L'episodio non affronta il razzismo come problema sociale esplicito, né propone una critica strutturale o soluzioni per l'equità. Non ci sono dibattiti aperti sul tema della discriminazione, né una centralità delle voci marginalizzate in senso trasformativo. La consapevolezza della diversità è presente, ma resta sul piano del riconoscimento e della rappresentazione rispettosa, senza spingersi verso l'impegno critico o l'analisi sistemica.
DOC NELLE TUE MANI;03;13;Doc Nelle Tue ManiS03E13;29/02/2024;3;+1;L'episodio presenta una famiglia di origine cinese con due figlie, una delle quali è medico in ospedale. La narrazione mostra la famiglia come parte integrante della società italiana, con dinamiche complesse e non ridotte a stereotipi etnici. I conflitti familiari ruotano attorno a temi universali (aspettative dei genitori, scelte di vita, relazioni sentimentali) e non vengono mai caricaturizzati in chiave razziale. I pochi riferimenti all'origine etnica (ad esempio, il padre che non accetterebbe il fidanzato non cinese) sono trattati come parte delle dinamiche familiari e non come oggetto di scherno o pregiudizio. I personaggi italiani interagiscono con rispetto e professionalità, e non emergono battute o commenti razzisti. L'episodio mostra consapevolezza delle differenze culturali senza mai scadere nel pregiudizio, e i personaggi di origine straniera hanno ruoli complessi e centrali.;Non ci sono stereotipi etnici riprodotti acriticamente, né battute o atteggiamenti che normalizzano il pregiudizio. I personaggi di origine cinese non sono mai ridotti a cliché, e la loro presenza è trattata con rispetto e profondità.;"L'episodio non affronta il razzismo come problema sociale né propone una critica strutturale alle discriminazioni. Non ci sono discussioni esplicite sulle difficoltà di integrazione o sulle cause sistemiche del razzismo; la diversità è rappresentata in modo consapevole ma non come tema centrale di denuncia o trasformazione."
DOC NELLE TUE MANI;03;13;Doc Nelle Tue ManiS03E13;29/02/2024;4;+1;L'episodio presenta una famiglia di origine cinese (i Wang) al centro di una trama medica e familiare complessa. I personaggi di origine asiatica sono rappresentati con profondità psicologica, ruoli professionali (Lin è medico), e dinamiche familiari articolate. Vengono accennate alcune difficoltà di integrazione e stereotipi intra-familiari (il padre tradizionalista, la pressione sulle figlie), ma non vi sono battute o atteggiamenti razzisti da parte dei personaggi italiani. Alcuni dialoghi fanno emergere differenze culturali e tensioni, ma sempre in modo rispettoso e senza ridicolizzare o marginalizzare i personaggi non italiani. Le eventuali incomprensioni sono trattate come conflitti generazionali e familiari, non come questioni razziali. L'episodio mostra consapevolezza delle difficoltà vissute da italiani di seconda generazione, ma non arriva a una critica strutturale del razzismo.;Non ci sono stereotipi etnici offensivi, né battute o atteggiamenti razzisti normalizzati. I personaggi di origine asiatica non sono ridotti a cliché, ma hanno agency e complessità. Nessun comportamento discriminatorio viene presentato come normale o accettabile.;L'episodio non affronta il razzismo come problema sociale esplicito, né mette al centro un'analisi delle cause sistemiche della discriminazione. Non ci sono dibattiti espliciti sul tema, né una critica alle strutture di potere. La narrazione si limita a mostrare con rispetto la diversità, senza però impegnarsi in una riflessione trasformativa o proporre soluzioni concrete per l'equità.
DOC NELLE TUE MANI;03;13;Doc Nelle Tue ManiS03E13;29/02/2024;5;+1;"L'episodio presenta una famiglia di origine cinese come parte centrale della trama, con personaggi (Lin e Yu) ben caratterizzati e coinvolti in dinamiche familiari e professionali complesse. I conflitti che emergono sono legati soprattutto a questioni generazionali, di genere e di aspettative familiari, non a stereotipi etnici. I pochi riferimenti all'origine cinese (ad esempio, la lingua, le aspettative del padre) sono trattati con rispetto e senza ironia o ridicolizzazione. I personaggi italiani interagiscono con la famiglia Wang senza pregiudizi o discriminazioni; eventuali tensioni sono attribuite a dinamiche interne alla famiglia stessa, non a razzismo esterno. L'episodio mostra consapevolezza delle differenze culturali senza mai scadere nello stereotipo, e i personaggi positivi esprimono rispetto e comprensione verso la diversità.";Non ci sono battute, commenti o atteggiamenti razzisti né normalizzazione di pregiudizi. I personaggi di origine cinese non sono ridotti a cliché e hanno ruoli complessi e centrali. La narrazione non minimizza né stereotipizza la diversità.;L'episodio non affronta il razzismo come problema sociale né propone una critica strutturale alle discriminazioni. Non ci sono discussioni esplicite su pregiudizi razziali né momenti di crescita legati al superamento di stereotipi. La rappresentazione è rispettosa e consapevole, ma non si spinge verso l'impegno critico o trasformativo.
DOC NELLE TUE MANI;03;13;Doc Nelle Tue ManiS03E13;29/02/2024;6;+1;"L'episodio presenta una famiglia di origine cinese al centro della trama medica, con due sorelle (Lin e Yu) e i genitori. I personaggi di origine cinese sono ritratti in modo complesso e dignitoso: Lin è una dottoressa competente e determinata, Yu una giovane donna con problematiche personali e familiari. Le dinamiche familiari sono approfondite, con attenzione alle aspettative culturali e ai conflitti generazionali, ma senza mai scadere in caricature o stereotipi razziali espliciti. I pochi riferimenti all'origine etnica (ad esempio, la difficoltà di Yu a parlare del fidanzato 'non di origine cinese' col padre) sono trattati con rispetto e inseriti nel contesto di conflitti familiari universali. I personaggi italiani interagiscono con la famiglia Wang senza paternalismo o razzismo; eventuali incomprensioni sono legate a dinamiche personali e non a pregiudizi etnici. Non ci sono battute, allusioni o stereotipi negativi sulla comunità cinese, né la narrazione normalizza il pregiudizio. L'episodio mostra consapevolezza delle differenze culturali e le tratta con rispetto, ma non va oltre il riconoscimento consapevole: non c'è una critica esplicita al razzismo né un'analisi delle strutture di potere.";Non ci sono stereotipi etnici, battute razziste o normalizzazione del pregiudizio. I personaggi di origine cinese sono centrali, positivi e complessi, e la loro etnia non è mai usata come elemento di discriminazione o ridicolizzazione.;L'episodio non affronta il razzismo come problema sociale né propone una riflessione strutturale sulle discriminazioni. Le differenze culturali sono riconosciute e trattate con rispetto, ma non c'è un impegno critico o trasformativo: il tema del razzismo non viene tematizzato né discusso apertamente.
DOC NELLE TUE MANI;03;13;Doc Nelle Tue ManiS03E13;29/02/2024;7;+1;L'episodio presenta una famiglia di origine cinese come parte centrale della trama, con personaggi (Lin e Yu) complessi e ben caratterizzati, il cui conflitto principale ruota attorno a dinamiche familiari e generazionali piuttosto che etniche. I personaggi italiani trattano la famiglia Wang con rispetto professionale e umano, senza mai ricorrere a stereotipi razziali o battute discriminatorie. Quando emergono differenze culturali (es. segretezza sui rapporti sentimentali, aspettative familiari), queste sono trattate con empatia e curiosità, non come oggetto di scherno o giudizio. Il dialogo tra i medici mostra consapevolezza delle difficoltà di integrazione e delle pressioni familiari, ma senza paternalismo. La narrazione attribuisce valore alle scelte e alle difficoltà dei personaggi di origine straniera, riconoscendo la complessità delle loro esperienze.;Non ci sono stereotipi etnici, battute razziste o atteggiamenti di normalizzazione del pregiudizio. I personaggi di origine cinese non sono ridotti a cliché e la loro etnia non è mai usata come motivo di inferiorità o comicità. Le difficoltà che vivono sono trattate con rispetto e attenzione.;L'episodio non affronta il razzismo come problema sociale esplicito (+2) né propone una critica strutturale alle discriminazioni (+3). Le questioni razziali sono presenti solo indirettamente (integrazione, aspettative familiari), senza che vi sia un dibattito esplicito o una presa di posizione contro il razzismo sistemico. La narrazione è consapevole e rispettosa, ma non si spinge verso un impegno critico o trasformativo.
DOC NELLE TUE MANI;03;13;Doc Nelle Tue ManiS03E13;29/02/2024;8;+1;L'episodio presenta una famiglia di origine cinese come parte integrante della trama, con personaggi complessi e non ridotti a stereotipi etnici. Le dinamiche familiari e i conflitti sono trattati con rispetto e profondità, senza ricorrere a cliché razziali. Le difficoltà culturali (ad esempio, la pressione del padre sulle figlie) sono presentate come questioni individuali e familiari, non come tratti etnici generalizzati. I personaggi italiani interagiscono con la famiglia Wang in modo professionale e rispettoso, e non emergono battute o atteggiamenti razzisti. L'episodio mostra consapevolezza delle differenze culturali senza giudizio, e i personaggi di origine straniera sono valorizzati per le loro competenze e umanità.;Non ci sono stereotipi razziali, battute o atteggiamenti discriminatori normalizzati o minimizzati. La presenza di personaggi di origine cinese è trattata con rispetto e profondità, senza ridurli a cliché o oggetto di ironia.;L'episodio non affronta il razzismo come problema sociale né propone una critica strutturale alle discriminazioni. Non ci sono discussioni esplicite su pregiudizi o dinamiche di potere razziale, né momenti di crescita collettiva o denuncia sistemica. La rappresentazione è positiva e consapevole, ma non si spinge verso l'impegno critico o la trasformazione.
DOC NELLE TUE MANI;03;13;Doc Nelle Tue ManiS03E13;29/02/2024;9;+1;L’episodio presenta una famiglia cinese in Italia, con due figlie e dinamiche familiari complesse. I personaggi di origine cinese sono rappresentati in modo sfaccettato: Lin è una giovane medico competente, la sorella Yu è una ragazza con problemi di salute e desideri propri, la madre e il padre hanno ruoli e caratteri distinti. La narrazione non indulge in stereotipi razziali: le difficoltà delle figlie sono legate a dinamiche familiari e generazionali, non a cliché etnici. Le uniche allusioni all’origine straniera sono contestualizzate (es. la difficoltà di presentare un fidanzato non cinese al padre, la lingua usata in famiglia), e non vengono mai usate in senso dispregiativo o per ridicolizzare. I personaggi italiani interagiscono con rispetto, senza paternalismo o battute razziste. L’episodio mostra consapevolezza delle difficoltà di integrazione e delle pressioni familiari sulle seconde generazioni, ma non approfondisce le cause sistemiche del razzismo né mette al centro un dibattito esplicito sulla discriminazione. Il focus resta sulle relazioni familiari e sulla crescita personale.;Non ci sono stereotipi etnici, battute razziste o normalizzazione di pregiudizi. I personaggi di origine cinese sono trattati con rispetto e la loro etnia non è ridotta a cliché. Nessun personaggio esprime idee discriminatorie e la narrazione non minimizza né normalizza il pregiudizio.;L’episodio non affronta il razzismo come problema sociale né analizza le sue cause strutturali. Non ci sono dibattiti espliciti sul tema, né conseguenze negative per comportamenti discriminatori (che comunque non si verificano). Le voci marginalizzate sono presenti e rispettate, ma non sono centrali in una prospettiva di denuncia o trasformazione sociale.
DOC NELLE TUE MANI;03;13;Doc Nelle Tue ManiS03E13;29/02/2024;10;+1;"L'episodio presenta una famiglia di origine cinese con diversi membri e una storyline che ruota attorno a dinamiche familiari, aspettative culturali e difficoltà di comunicazione intergenerazionale. I personaggi di origine asiatica sono ben caratterizzati e non ridotti a semplici stereotipi: Lin è una dottoressa competente, la sorella Yu è una giovane con problemi di salute e desideri propri, la madre e il padre hanno ruoli complessi. Non ci sono battute razziste né stereotipi etnici denigratori; le difficoltà che emergono sono legate più alle aspettative familiari che a una questione etnica. Alcuni personaggi italiani mostrano curiosità o fanno domande dirette (es. sulla relazione di Yu con un ragazzo non cinese), ma il tono è sempre rispettoso e professionale. Le differenze culturali sono trattate con delicatezza e senza giudizio, e la narrazione mostra consapevolezza delle difficoltà vissute da chi appartiene a una minoranza, senza però approfondire in chiave strutturale il tema del razzismo.";Non ci sono elementi di discriminazione, stereotipi etnici offensivi o normalizzazione del pregiudizio. I personaggi di origine asiatica sono rappresentati in modo dignitoso e complesso, e le loro difficoltà sono trattate con empatia.;L'episodio non affronta il razzismo come problema sociale né propone una critica strutturale alle discriminazioni. Le tematiche etniche restano sullo sfondo e sono subordinate alle dinamiche familiari e personali. Non ci sono dibattiti espliciti sul razzismo, né una centralità delle voci marginalizzate in senso politico o trasformativo.
LA DOTTORESSA GIO;01;01;La dottoressa GioS01E01;25/10/1997;1;+1;L'episodio presenta due personaggi di colore (Martina, infermiera, e una bambina paziente) in ruoli secondari ma dignitosi. Martina viene inizialmente scambiata per straniera e c'è una battuta sul 'cioccolatino', ma la narrazione mostra consapevolezza di questi stereotipi: Martina stessa ironizza sul fatto che spesso la scambiano per straniera e la scena si chiude con le colleghe che la accolgono senza pregiudizi. Non ci sono episodi di discriminazione attiva, e i pochi commenti stereotipati sono trattati con leggerezza o ironia, senza che la narrazione li normalizzi. Il tono generale è di accettazione e rispetto, anche se la questione razziale non è mai centrale né affrontata in modo strutturale.;Non assegno un punteggio inferiore perché i pochi stereotipi presenti (ad esempio il commento 'bel cioccolatino') sono isolati, non sostenuti dalla narrazione e vengono controbilanciati da una rappresentazione positiva e consapevole della diversità. Martina è integrata nel gruppo e non subisce discriminazioni o umiliazioni.;Non assegno un punteggio superiore perché il razzismo non viene mai affrontato come problema sociale né tantomeno in modo strutturale. I personaggi di colore non sono centrali e la loro presenza non serve a stimolare un dibattito o una crescita nei personaggi principali. La consapevolezza degli stereotipi è presente ma solo in modo superficiale e ironico.
LA DOTTORESSA GIO;01;01;La dottoressa GioS01E01;25/10/1997;2;+1;L'episodio presenta due momenti espliciti in cui la questione etnica viene evocata: 1) la battuta 'Bel cioccolatino' rivolta a Martina, infermiera nera, da parte di un medico, e 2) la stessa Martina che ironizza sul fatto che spesso la scambiano per straniera e commenta: 'Forse è perché non vi aspettavate un'infermiera di colore.' In entrambi i casi, la narrazione non indulge né normalizza il pregiudizio: la battuta razzista non viene rilanciata né approvata, Martina reagisce con ironia e sicurezza, e viene subito integrata nel gruppo lavorativo senza ulteriori ostilità. La sua presenza è trattata con normalità e rispetto, e la sua voce è ascoltata. Non c'è una vera analisi strutturale del razzismo, ma la consapevolezza del tema è evidente e la narrazione si posiziona chiaramente contro il pregiudizio, anche se in modo leggero e quotidiano.;La battuta razzista viene lasciata cadere senza approvazione, nessun personaggio positivo la rilancia o la normalizza, e Martina è accolta e rispettata dal gruppo. Non c'è alcuna normalizzazione o minimizzazione del pregiudizio.;L'episodio non sviluppa un vero dibattito o percorso di crescita sui temi razziali, né affronta il razzismo come problema sociale o struttura di potere. La questione è presente ma resta sullo sfondo e viene risolta con leggerezza, senza approfondimento critico o trasformativo.
LA DOTTORESSA GIO;01;01;La dottoressa GioS01E01;25/10/1997;3;+1;"L'episodio presenta una nuova infermiera di colore, Martina, che viene inizialmente scambiata per straniera e oggetto di una battuta (""No, e non è giusto. Adesso ce le mandano pure esotiche. Questa si chiama concorrenza sleale.""). Tuttavia, la narrazione non insiste su stereotipi negativi: Martina chiarisce di essere italiana e la scena si chiude con la sua integrazione positiva nel gruppo. Un medico fa un commento paternalistico e razzista (""Bel cioccolatino""), ma la reazione delle colleghe è di imbarazzo e la narrazione non lo premia. Martina stessa mostra consapevolezza della sua posizione (""Forse è perché non vi aspettavate un'infermiera di colore""), e viene subito rassicurata, anche se in modo un po' superficiale. Nel complesso, la rappresentazione è consapevole: il razzismo esiste, viene mostrato come comportamento inappropriato e non viene mai sostenuto dalla narrazione o dai personaggi positivi. Tuttavia, manca un vero approfondimento critico o una presa di posizione esplicita contro il razzismo.";Gli episodi di razzismo sono isolati e trattati come battute fuori luogo o gaffe, non come norma accettata. Nessun personaggio positivo sostiene posizioni discriminatorie, e la nuova infermiera viene integrata nel gruppo. La narrazione non normalizza né minimizza il pregiudizio.;Non c'è un vero impegno critico o trasformativo: il razzismo viene riconosciuto e trattato con consapevolezza, ma non viene affrontato come problema sociale né si approfondiscono le cause o le soluzioni. Martina rimane un personaggio secondario e la questione razziale non è centrale nella trama.
LA DOTTORESSA GIO;01;01;La dottoressa GioS01E01;25/10/1997;4;+1;"L'episodio presenta due brevi scene in cui si fa riferimento alla diversità etnica: una nuova infermiera di colore viene inizialmente scambiata per straniera e oggetto di una battuta (""bel cioccolatino""), ma la situazione viene subito normalizzata e la collega stessa ironizza sulla percezione degli altri. Non emergono stereotipi gravi né discriminazioni attive; la narrazione mostra consapevolezza del tema e la presenza della collega di colore è trattata con rispetto, anche se con qualche leggerezza. I personaggi positivi accolgono la nuova arrivata senza pregiudizi reali e la stessa infermiera dimostra autoironia e autonomia. Il tono generale è di inclusione, con piccoli segnali di consapevolezza critica rispetto agli stereotipi.";Non ci sono elementi di sostegno o normalizzazione del pregiudizio: le battute sono isolate, non offensive e non vengono mai sostenute dalla narrazione o dai personaggi principali. La collega di colore è integrata senza essere ridotta a uno stereotipo.;L'episodio non affronta il razzismo come problema sociale né offre una critica strutturale: la questione della diversità etnica rimane sullo sfondo e non viene tematizzata in modo approfondito. Non ci sono dibattiti, crescita dei personaggi su questi temi o esplorazione delle cause sistemiche della discriminazione.
LA DOTTORESSA GIO;01;01;La dottoressa GioS01E01;25/10/1997;5;+1;"L'episodio presenta una rappresentazione della diversità etnica attraverso il personaggio di Martina, una nuova infermiera di colore. La sua presenza viene inizialmente accolta con un piccolo scherzo sull'essere straniera, ma subito dopo viene chiarito che è italiana e che spesso viene scambiata per straniera. Alcuni personaggi fanno battute leggere (""ce le mandano pure esotiche""), ma il tono è più ironico che offensivo, e non ci sono veri atteggiamenti discriminatori o esclusioni. Martina viene integrata normalmente nel gruppo di lavoro, presentata ai colleghi e coinvolta nelle attività ospedaliere. Un medico fa un commento superficiale (""bel cioccolatino""), che viene però ignorato e non ripreso come modello positivo. Nel complesso, la narrazione mostra consapevolezza della presenza di stereotipi (Martina stessa li nomina), ma li tratta con leggerezza e senza approfondimento critico. Non ci sono conflitti o conseguenze negative legate alla sua etnia, né viene affrontato il razzismo come problema sociale.";"Non assegno un punteggio più basso perché la rappresentazione di Martina non è mai apertamente discriminatoria o stereotipata in senso negativo; il personaggio non viene ridotto a un cliché, viene integrata e rispettata. I commenti superficiali sono isolati, non sostenuti dalla narrazione, e non costituiscono normalizzazione del pregiudizio.";Non assegno +2 o +3 perché l'episodio non affronta mai il razzismo come problema sociale né offre una critica strutturale alla discriminazione. La presenza di Martina è trattata con normalità e un minimo di consapevolezza, ma senza impegno attivo o approfondimento delle tematiche razziali.
LA DOTTORESSA GIO;01;01;La dottoressa GioS01E01;25/10/1997;6;+1;L'episodio presenta una nuova infermiera di colore (Martina), inizialmente accolta con qualche lieve stereotipo (viene scambiata per straniera, riceve il commento 'bel cioccolatino' da un medico), ma la narrazione mostra consapevolezza: Martina stessa ironizza sul fatto che spesso la scambiano per straniera, e le colleghe la accolgono con rispetto e simpatia. I commenti problematici sono attribuiti a personaggi secondari o usati come battute, senza che la narrazione li approvi. Martina viene rapidamente integrata nel gruppo, le sue competenze sono riconosciute, e il suo essere 'diversa' non è mai motivo di esclusione o derisione seria. L'episodio mostra dunque una consapevolezza degli stereotipi e li gestisce con ironia e rispetto, senza però approfondire in modo strutturale le tematiche razziali.;Non assegno un punteggio inferiore perché i pochi stereotipi presenti sono trattati con leggerezza o ironia, e la protagonista di colore viene accolta e valorizzata. Non c'è normalizzazione del pregiudizio né minimizzazione: la diversità è presente e gestita con rispetto.;Non assegno un punteggio superiore perché l'episodio non affronta il razzismo come problema sociale (+2) né tantomeno ne analizza le cause strutturali (+3). La presenza della diversità è trattata con consapevolezza, ma resta sullo sfondo e non diventa mai tema centrale o occasione di dibattito esplicito.
LA DOTTORESSA GIO;01;01;La dottoressa GioS01E01;25/10/1997;7;+1;"L'episodio introduce Martina, un'apprendista infermiera nera, che viene inizialmente scambiata per straniera e oggetto di una battuta (""No, e non è giusto. Adesso ce le mandano pure esotiche. Questa si chiama concorrenza sleale.""). Tuttavia, la narrazione la integra rapidamente nel gruppo, la fa presentare con rispetto dai personaggi principali e la mostra competente e autonoma. Quando Martina stessa accenna al fatto che spesso la prendono per straniera, le colleghe negano qualsiasi pregiudizio e la trattano come pari. C'è un singolo episodio di microaggressione da parte di un medico (""Bel cioccolatino""), che però viene lasciato cadere senza approvazione o risate, e la narrazione non lo valorizza. Il tono generale è di normalità e accettazione, con una leggera consapevolezza delle difficoltà che una persona nera può incontrare in Italia (""Forse è perché non vi aspettavate un'infermiera di colore""). Non c'è approfondimento critico né analisi strutturale del razzismo, ma la presenza di Martina è trattata con dignità e senza stereotipi marcati.";Non assegno un punteggio più basso perché le battute e i piccoli episodi di pregiudizio sono isolati, non sostenuti dalla narrazione, e vengono controbilanciati da una generale accettazione e rispetto verso il personaggio di Martina. Non ci sono stereotipi etnici forti né la sua presenza è ridotta a cliché.;"Non assegno un punteggio più alto perché l'episodio non affronta il razzismo come problema sociale, né offre una critica strutturale o un approfondimento delle dinamiche di discriminazione. La consapevolezza è presente ma superficiale; Martina viene integrata ma senza che la narrazione si impegni attivamente in un discorso antirazzista."
LA DOTTORESSA GIO;01;01;La dottoressa GioS01E01;25/10/1997;8;+1;L'episodio presenta due personaggi di origine straniera: Martina, apprendista infermiera, e un'infermiera di colore (il cui nome non viene specificato nei sottotitoli). Entrambe vengono introdotte con qualche esitazione e battuta stereotipata (es. 'No, e non è giusto. Adesso ce le mandano pure esotiche. Questa si chiama concorrenza sleale.' e 'Bel cioccolatino.'), ma la narrazione mostra consapevolezza degli stereotipi e li attribuisce a personaggi secondari o come battute ironiche. Martina stessa ironizza sul fatto che spesso la scambiano per straniera. L'infermiera di colore affronta con naturalezza un commento potenzialmente razzista ('Non vi aspettavate un'infermiera di colore.') e le colleghe rispondono con rassicurazione ('No, ma che dici?'). I personaggi positivi mostrano rispetto e accoglienza, e la presenza delle due donne non è ridotta a cliché: Martina è una giovane infermiera motivata, l'altra è competente e integrata nel gruppo. Non ci sono situazioni di discriminazione attiva né stereotipi gravi non contestualizzati. L'episodio mostra una consapevolezza critica, seppur lieve, delle dinamiche di pregiudizio, ma non si spinge verso un impegno critico o una riflessione strutturale.;Le battute stereotipate sono isolate, attribuite a personaggi minori o usate in chiave ironica. Le protagoniste straniere sono trattate con rispetto e integrate nel gruppo, senza essere ridotte a caricature. Non c'è normalizzazione del pregiudizio né minimizzazione: i commenti problematici sono contestualizzati e non approvati dalla narrazione.;L'episodio non affronta il razzismo come problema sociale, né mette al centro le voci marginalizzate o analizza le cause strutturali della discriminazione. La presenza di personaggi stranieri è positiva e consapevole, ma manca un vero impegno critico o trasformativo: il tema rimane sullo sfondo e non diventa oggetto di dibattito o crescita narrativa.
LA DOTTORESSA GIO;01;01;La dottoressa GioS01E01;25/10/1997;9;+1;L'episodio presenta due personaggi che rientrano nelle categorie socialmente minoritarie in Italia: Martina, infermiera di colore, e una breve battuta su 'extracomunitari' senza tessera sanitaria. La rappresentazione di Martina è generalmente positiva: viene accolta nel gruppo, si ironizza sul fatto che venga scambiata per straniera, ma la battuta è subito smentita ('Ma no, ma che dici?'). Martina stessa mostra consapevolezza della propria posizione, e non subisce discriminazioni reali o marginalizzazione. L'unico commento problematico è quello del dottor Capovilla ('Bel cioccolatino'), che però viene lasciato cadere senza approvazione né risate, e non è attribuito a un personaggio positivo. La narrazione, nel complesso, mostra consapevolezza dei pregiudizi e li tratta con leggerezza ma senza sostegno. Non ci sono stereotipi etnici forti, né la presenza di Martina è ridotta a cliché. Il tono generale è di normalizzazione della diversità, con qualche ironia consapevole.;Non assegno un punteggio più basso perché la presenza di Martina non è stereotipata né marginalizzata, e i pochi commenti problematici sono isolati, non sostenuti dalla narrazione o dai personaggi positivi. La battuta su 'extracomunitari' è neutra e non oggetto di ironia o approvazione.;Non assegno +2 perché il tema del razzismo non viene affrontato come problema sociale, né ci sono momenti di confronto esplicito o crescita dei personaggi su questi temi. La rappresentazione è positiva ma non si spinge verso l'impegno critico o la trasformazione strutturale.
LA DOTTORESSA GIO;01;01;La dottoressa GioS01E01;25/10/1997;10;+1;L'episodio presenta due personaggi di origine straniera: Martina, infermiera nera, e una breve battuta su una ragazza 'esotica' in tirocinio. Martina viene inizialmente scambiata per straniera e paziente, ma la situazione viene subito chiarita e integrata nel gruppo di lavoro senza ostilità. C'è una battuta superficiale ('ce le mandano pure esotiche'), ma è isolata e non sostenuta dal tono generale. Martina stessa ironizza sul fatto che spesso la prendono per straniera, e le colleghe la accolgono con rispetto. C'è un commento razzista da parte di un medico ('Bel cioccolatino'), che però non viene approvato né ripreso dagli altri, ma nemmeno contestato apertamente. Il tono generale è di normalità e accettazione, con Martina che si inserisce nel gruppo e partecipa alle dinamiche lavorative senza essere ridotta a uno stereotipo. Tuttavia, la narrazione non affronta mai il razzismo come problema sociale né offre una critica strutturale, ma mostra consapevolezza degli stereotipi e una certa ironia su di essi.;L'episodio non normalizza il pregiudizio né riduce i personaggi non italiani a semplici cliché. I commenti problematici sono isolati e non rappresentano il tono dominante. Martina è un personaggio attivo, competente e benvoluto, e la sua presenza non è oggetto di scherno o marginalizzazione sistematica.;Non si arriva a un impegno critico (+2): il razzismo non viene affrontato come problema sociale, non ci sono personaggi che sfidano attivamente i pregiudizi, né conseguenze negative per chi fa battute razziste. Non c'è una riflessione esplicita sulle cause o sulle strutture della discriminazione, né le voci marginalizzate sono centrali nella narrazione.
LA DOTTORESSA GIO;01;04;La dottoressa GioS01E04;11/11/1997;1;+1;L'episodio contiene una scena esplicita di razzismo (la paziente che rifiuta di essere toccata da un'infermiera nera), ma la narrazione prende chiaramente le distanze da questo comportamento: la collega difende l'infermiera, la paziente viene ridicolizzata e il razzismo è presentato come ignoranza. L'infermiera nera è integrata nel gruppo, ha relazioni amicali e sentimentali, e la sua presenza è trattata con normalità. Tuttavia, la questione razziale non viene approfondita oltre la singola scena e non si affrontano le cause sistemiche o le difficoltà strutturali, limitandosi a una presa di posizione individuale e ironica.;Il razzismo non viene mai normalizzato né minimizzato: la paziente razzista è isolata e criticata, e la narrazione mostra empatia verso l'infermiera. I personaggi positivi reagiscono con disapprovazione e ironia, segnalando una consapevolezza critica.;L'episodio non sviluppa un discorso strutturale sul razzismo, né centra la voce della persona discriminata come protagonista della riflessione. La questione viene risolta rapidamente e non diventa oggetto di dibattito o crescita collettiva, né si propongono soluzioni o analisi sistemiche.
LA DOTTORESSA GIO;01;04;La dottoressa GioS01E04;11/11/1997;2;+1;L'episodio presenta un solo momento esplicito di razzismo, quando una paziente rifiuta di farsi toccare da un'infermiera nera ('non mi faccio toccare da una negra'). Questo episodio viene però immediatamente contestato sia dalla stessa infermiera, che risponde con fermezza e ironia, sia da una collega che sottolinea l'ipocrisia della paziente. Successivamente, la stessa infermiera mostra un momento di sconforto, ma viene sostenuta dalle colleghe. Il razzismo viene quindi rappresentato come un problema individuale, attribuito a un personaggio negativo e ignorante, e non viene mai normalizzato o minimizzato. Tuttavia, la questione rimane circoscritta a una scena, senza approfondimento o dibattito più ampio, e la narrazione non affronta le cause sistemiche o dà centralità alla voce della persona discriminata.;Il razzismo non viene mai presentato come normale o accettabile: la paziente che lo esprime viene ridicolizzata e isolata, e le protagoniste positive reagiscono con disapprovazione e solidarietà. Non ci sono stereotipi etnici riprodotti acriticamente né battute normalizzanti.;L'episodio non si impegna in una critica strutturale del razzismo, né approfondisce le cause sociali o dà spazio alla prospettiva della persona discriminata oltre la singola scena. Non c'è un dibattito esplicito, né una crescita dei personaggi su questi temi, né vengono proposte soluzioni o riflessioni più ampie sull'equità.
LA DOTTORESSA GIO;01;04;La dottoressa GioS01E04;11/11/1997;3;+1;L'episodio contiene una scena esplicita di razzismo: una paziente rifiuta di farsi toccare da un'infermiera nera, usando il termine dispregiativo 'negra'. Tuttavia, la narrazione prende chiaramente le distanze da questo comportamento: l'infermiera risponde con dignità e sarcasmo, ricevendo solidarietà da una collega che sottolinea l'ipocrisia della paziente. Non ci sono altri elementi di razzismo o stereotipi etnici nel resto dell'episodio, e la collega nera è integrata nel gruppo, trattata con rispetto e affetto. Il razzismo viene quindi riconosciuto e criticato, ma non si va oltre la consapevolezza individuale: manca un approfondimento sulle cause o sulle conseguenze sociali, e la questione si esaurisce nella singola scena.;Il razzismo non viene mai normalizzato o minimizzato: la scena problematica è chiaramente presentata come negativa, e la vittima riceve supporto. Non ci sono stereotipi riprodotti né battute acritiche.;L'episodio non affronta il razzismo come problema sociale strutturale, né dà centralità alle voci marginalizzate. La scena resta circoscritta e non si sviluppa in un dibattito più ampio o in una riflessione sulle cause sistemiche.
LA DOTTORESSA GIO;01;04;La dottoressa GioS01E04;11/11/1997;4;+1;L'episodio presenta una scena esplicita di razzismo (la paziente che rifiuta di essere toccata da un'infermiera nera), ma la narrazione prende chiaramente le distanze: la collega difende la vittima, la paziente viene ridicolizzata e isolata, e la persona discriminata mostra resilienza e consapevolezza. Inoltre, la presenza della collega nera è trattata come normale e integrata nel gruppo di lavoro, con dialoghi che mostrano solidarietà e ironia sugli stereotipi. Tuttavia, il tema razziale resta circoscritto a questa scena e non viene sviluppato in modo strutturale o approfondito nel resto dell'episodio.;Il razzismo viene esplicitamente contestato sia a livello di dialogo che di tono generale. La persona razzista è rappresentata negativamente e la vittima riceve supporto. Non c'è normalizzazione né minimizzazione del pregiudizio.;L'episodio non affronta il razzismo come problema sociale più ampio, né analizza cause sistemiche o propone soluzioni. La questione razziale è limitata a una singola scena e non diventa tema centrale o trasformativo della narrazione.
LA DOTTORESSA GIO;01;04;La dottoressa GioS01E04;11/11/1997;5;+1;L'episodio presenta un'unica scena esplicita di razzismo: una paziente rifiuta le cure di un'infermiera nera ('non mi faccio toccare da una negra'). Tuttavia, questa affermazione viene immediatamente contestata sia dalla stessa infermiera ('a me invece ha sempre fatto impressione la gente ignorante come lei') sia dal tono generale della scena, che ridicolizza la paziente e mostra empatia verso l'infermiera. Successivamente, tra colleghe, si sottolinea l'assurdità del pregiudizio e si esprime solidarietà. L'episodio non approfondisce il tema in modo strutturale, ma mostra consapevolezza critica e attribuisce i commenti razzisti a un personaggio negativo, con una chiara disapprovazione da parte dei personaggi positivi.;Il razzismo non viene mai normalizzato né minimizzato: la battuta razzista è subito contestata e la narrazione prende le distanze dalla paziente, che viene ridicolizzata per la sua ignoranza. Non ci sono stereotipi etnici riprodotti senza critica, né personaggi razzisti presentati positivamente.;L'episodio non sviluppa un discorso critico sul razzismo come problema sociale, né esplora cause sistemiche o dà centralità alle voci marginalizzate. La scena resta circoscritta a un episodio individuale e non si traduce in un impegno critico o trasformativo più ampio.
LA DOTTORESSA GIO;01;04;La dottoressa GioS01E04;11/11/1997;6;+1;L'episodio contiene una scena esplicita di razzismo (la paziente che rifiuta di farsi toccare da un'infermiera nera), ma la narrazione prende chiaramente le distanze: la collega difende l'infermiera, la paziente viene ridicolizzata e nessun personaggio positivo giustifica o minimizza il commento razzista. L'infermiera nera è integrata nel gruppo, ha relazioni amicali e sentimentali, e la sua identità etnica non è ridotta a uno stereotipo. Tuttavia, la questione razziale non viene approfondita in modo strutturale, né si affrontano le cause sistemiche del razzismo.;Il razzismo viene esplicitamente contestato e ridicolizzato, non normalizzato. La persona razzista è messa in cattiva luce e nessun personaggio positivo la sostiene. L'infermiera nera non è oggetto di stereotipi negativi.;L'episodio non sviluppa un discorso critico sulle strutture del razzismo né dà centralità alle voci marginalizzate. La questione razziale resta circoscritta a una scena e non diventa tema portante o occasione di crescita collettiva del gruppo.
LA DOTTORESSA GIO;01;04;La dottoressa GioS01E04;11/11/1997;7;+1;L'episodio contiene una scena esplicita di razzismo: una paziente rifiuta di essere toccata da un'infermiera nera, usando il termine dispregiativo 'negra'. La scena però viene subito contestata: l'infermiera risponde con fermezza e dignità, e la collega la consola con ironia, sottolineando l'ipocrisia della paziente. Il razzismo è quindi mostrato come un problema, attribuito a un personaggio negativo, e viene ridicolizzato e criticato dai personaggi positivi. Tuttavia, la narrazione non si sofferma oltre sul tema, né lo approfondisce in modo strutturale o sistemico, limitandosi a una gestione consapevole e dignitosa della scena.;Il razzismo non viene mai normalizzato né minimizzato: è subito contestato e ridicolizzato, e la vittima mantiene la propria dignità. I personaggi positivi mostrano solidarietà e consapevolezza.;L'episodio non sviluppa un discorso critico più ampio sul razzismo, né affronta le sue cause sistemiche o dà centralità alle voci marginalizzate. La scena resta isolata e non si traduce in un impegno critico o trasformativo più profondo.
LA DOTTORESSA GIO;01;04;La dottoressa GioS01E04;11/11/1997;8;+1;L'episodio contiene una scena esplicita di razzismo (la paziente che rifiuta di farsi toccare da un'infermiera nera), ma questa viene immediatamente contestata sia dalla stessa infermiera ('A me invece ha sempre fatto impressione la gente ignorante come lei') sia dal contesto narrativo, che mostra solidarietà e normalità nei rapporti tra colleghi di diversa origine. La collega bianca sdrammatizza e mostra empatia, e la narrazione non concede alcuna legittimità al pregiudizio espresso. Il personaggio razzista è rappresentato in modo negativo e isolato. Tuttavia, il razzismo non viene affrontato come problema sociale strutturale, né si va oltre la contestazione individuale.;Non è -1 o più basso perché la battuta razzista viene chiaramente condannata sia dai personaggi che dalla narrazione, e la collega nera è integrata e rispettata dal gruppo. Non c'è normalizzazione o minimizzazione del pregiudizio.;Non è +2 o +3 perché il razzismo non viene tematizzato in modo approfondito: manca un vero dibattito o un'esplorazione delle cause sociali, e la questione si esaurisce nella singola interazione. Non c'è un impegno critico esplicito o una riflessione sulle strutture di potere.
LA DOTTORESSA GIO;01;04;La dottoressa GioS01E04;11/11/1997;9;+1;L'episodio contiene una scena esplicita di razzismo: una paziente rifiuta di essere toccata da un'infermiera nera, usando il termine dispregiativo 'negra'. Tuttavia, la narrazione prende chiaramente posizione contro il pregiudizio: la collega reagisce con fermezza e ironia, e la vittima del razzismo viene sostenuta dalle altre colleghe, che minimizzano la stupidità della paziente e mostrano solidarietà. L'infermiera nera è rappresentata come parte integrante e rispettata del team, con una vita sentimentale e una gravidanza che viene trattata come qualsiasi altra. Il razzismo viene quindi riconosciuto e criticato, ma non è oggetto di una riflessione strutturale o di un approfondimento sulle sue cause sociali.;Il razzismo non viene mai normalizzato o minimizzato: la paziente che lo esprime è subito messa in ridicolo e isolata, e la narrazione mostra chiaramente che la sua posizione è sbagliata. Non ci sono stereotipi etnici riprodotti acriticamente, né la scena viene trattata come una semplice battuta.;L'episodio non va oltre il riconoscimento consapevole: manca un vero dibattito o un impegno critico più profondo sul tema del razzismo, e non si esplorano le sue cause sistemiche. La questione viene risolta in modo episodico e personale, senza una riflessione più ampia o soluzioni concrete.
LA DOTTORESSA GIO;01;04;La dottoressa GioS01E04;11/11/1997;10;+1;L'episodio contiene un'unica scena esplicita di razzismo: una paziente rifiuta le cure di un'infermiera nera, chiamandola 'negra' e dichiarando che la gente di colore le fa impressione. Tuttavia, la narrazione prende chiaramente le distanze da questa posizione: l'infermiera risponde con dignità e sarcasmo, una collega la consola sottolineando l'ipocrisia della paziente, e il tono complessivo è di disapprovazione verso il pregiudizio. L'episodio non approfondisce il tema in modo strutturale, ma mostra consapevolezza critica e attribuisce le idee razziste a un personaggio negativo, senza normalizzarle.;Il razzismo non viene mai normalizzato o minimizzato: la battuta razzista è subito contestata sia dall'infermiera che dalla collega, e la paziente viene ridicolizzata. Non ci sono altri segnali di stereotipi o pregiudizi non contestati.;L'episodio non affronta il razzismo come problema sociale né analizza le sue cause strutturali. La scena resta isolata e non diventa oggetto di dibattito o crescita dei personaggi, né vengono proposte soluzioni o date centralità alle voci marginalizzate.
LA DOTTORESSA GIO;02;04;La dottoressa GioS02E04;04/12/1998;1;+1;L'episodio affronta la presenza di personaggi stranieri (un medico vietnamita, una coppia araba, una paziente di religione non meglio specificata ma con pratiche religiose differenti) e mostra alcune situazioni di conflitto culturale. I momenti problematici (come la scena del ginecologo che rifiuta di assecondare la richiesta della coppia araba di avere una dottoressa donna, o i commenti su 'qui siamo in Italia, si devono adeguare') sono attribuiti a personaggi secondari e vengono messi in discussione da altri (il nuovo medico straniero, la dottoressa Basile). Il medico vietnamita è accolto con rispetto dalla primario e da altri colleghi, anche se subisce qualche battuta paternalista. La narrazione mostra consapevolezza delle differenze culturali e, pur non approfondendo le cause strutturali del razzismo, evita la normalizzazione e offre alcuni segnali di rispetto e apertura. Gli stereotipi sono presenti ma vengono in parte problematizzati e contestati.;Non assegno un punteggio più basso perché i momenti di pregiudizio e chiusura sono contestati o ridicolizzati, e i personaggi positivi mostrano rispetto per la diversità. Non c'è normalizzazione del pregiudizio come atteggiamento dominante.;Non assegno +2 o +3 perché l'episodio non affronta il razzismo come problema sociale in modo esplicito, né propone un'analisi strutturale o soluzioni concrete. Le questioni razziali sono trattate in modo episodico e non diventano mai il centro di un dibattito approfondito.
LA DOTTORESSA GIO;02;04;La dottoressa GioS02E04;04/12/1998;2;+1;L'episodio presenta alcuni casi di interazione con personaggi stranieri o appartenenti a minoranze religiose (ad esempio la coppia degli 'umili servi di Dio', la paziente araba, il medico vietnamita). Le situazioni problematiche (rifiuto della trasfusione per motivi religiosi, richiesta di medico donna per motivi culturali) sono trattate con una certa consapevolezza: i personaggi positivi (in particolare la dottoressa Basile) mostrano empatia e cercano di comprendere i dilemmi culturali e religiosi, mentre i personaggi che esprimono giudizi o rigidità (Capovilla: 'qui siamo in Italia, si devono adeguare') sono messi in posizione di minore autorevolezza o vengono corretti. Il medico straniero è accolto con rispetto e curiosità, anche se con qualche tocco di esotismo paternalista. Gli stereotipi sono presenti ma vengono in parte ridicolizzati o contestati. La narrazione mostra consapevolezza dei conflitti culturali e religiosi, senza però approfondire in modo strutturale le cause del pregiudizio.;Non assegno 0 o valori negativi perché la posizione dominante è di rispetto verso la diversità: i personaggi positivi difendono la vita e la dignità dei pazienti, anche contro le rigidità culturali o religiose, e i commenti più problematici sono attribuiti a personaggi secondari o vengono contestati. Non c'è normalizzazione acritica del pregiudizio.;Non assegno +2 o +3 perché il razzismo e la discriminazione non sono affrontati come problema sociale strutturale, né si dà voce centrale e autorevole alle minoranze. Le soluzioni sono individuali e paternaliste, manca una critica esplicita alle strutture di potere o una riflessione sulle cause sistemiche della discriminazione.
LA DOTTORESSA GIO;02;04;La dottoressa GioS02E04;04/12/1998;3;+1;L'episodio presenta due casi di confronto culturale/religioso: una coppia appartenente a una setta (con tratti che richiamano i Testimoni di Geova, ma con nomi fittizi) e una coppia araba che rifiuta la visita di un medico uomo. Nel primo caso, il conflitto è centrato sulle trasfusioni e il diritto/dovere medico di salvare il bambino, con la madre che alla fine si emancipa dal marito e dalla comunità scegliendo la salute del figlio. Nel secondo, il medico italiano (Capovilla) si mostra rigido e poco comprensivo verso la richiesta culturale della coppia araba, affermando che 'qui siamo in Italia, si devono adeguare'. Tuttavia, la narrazione nel complesso attribuisce i comportamenti più chiusi e intolleranti a personaggi secondari o negativi (il marito della setta, Capovilla), mentre i protagonisti (Basile, Nicotera) mostrano empatia, rispetto e tentativi di mediazione. Nonostante la presenza di stereotipi e una certa rigidità culturale, il tono generale è di consapevolezza critica: le posizioni discriminatorie vengono messe in discussione e la narrazione premia i personaggi che mostrano apertura e rispetto verso la diversità.;Non assegno un punteggio più basso perché le posizioni razziste o discriminatorie non sono mai presentate come giuste o vincenti: vengono contestate, ridicolizzate o superate dai personaggi positivi. La madre araba e la donna della setta sono trattate con una certa umanità e il loro punto di vista viene almeno ascoltato, anche se non sempre compreso. L'episodio non normalizza il pregiudizio, ma lo problematizza.;Non assegno +2 perché il razzismo e la discriminazione non sono affrontati come problema sociale esplicito, né si arriva a una riflessione strutturale sulle cause sistemiche. Le soluzioni sono individuali e non c'è un vero dibattito approfondito sui temi razziali o sulle strutture di potere. L'episodio si limita a mostrare consapevolezza e rispetto, senza un impegno critico più profondo.
LA DOTTORESSA GIO;02;04;La dottoressa GioS02E04;04/12/1998;4;+1;L'episodio presenta più situazioni in cui emergono differenze culturali e religiose (famiglia di 'umili servi di Dio', donna araba che rifiuta il ginecologo uomo, presenza del medico vietnamita). Il tema della diversità viene affrontato principalmente come questione di 'altra cultura' o religione, non di razza in senso stretto, ma si toccano comunque dinamiche di alterità e pregiudizio. Gli atteggiamenti problematici (es. Capovilla che dice 'qui siamo in Italia, si devono adeguare') sono attribuiti a personaggi secondari e vengono almeno parzialmente contestati (il collega suggerisce di venire incontro, la primario accoglie il medico straniero con rispetto). Il medico vietnamita viene accolto positivamente, anche se con qualche battuta paternalistica, ma senza ostilità. La narrazione mostra consapevolezza delle difficoltà di integrazione e delle tensioni, ma non approfondisce le cause strutturali del razzismo né mette al centro voci marginalizzate. Nel complesso, il messaggio dominante è di rispetto e apertura, pur con i limiti di un contesto anni '90 e qualche stereotipo ancora presente.;Gli atteggiamenti discriminatori sono contestati o ridicolizzati (es. Capovilla viene contraddetto), e i personaggi stranieri o 'altri' sono trattati con dignità e inseriti positivamente nel gruppo. Non c'è normalizzazione del pregiudizio né sostegno attivo alla discriminazione.;L'episodio non offre una vera analisi critica delle strutture del razzismo, né mette al centro le voci delle persone marginalizzate. Le questioni di alterità sono trattate in modo episodico e più come ostacoli individuali che come problemi sociali sistemici. Manca un impegno esplicito o trasformativo.
LA DOTTORESSA GIO;02;04;La dottoressa GioS02E04;04/12/1998;5;+1;"L'episodio presenta alcune situazioni in cui emergono differenze culturali e religiose, in particolare nei confronti di una coppia straniera che rifiuta cure mediche per motivi religiosi e di una donna araba che chiede una dottoressa donna. Tuttavia, la narrazione dominante non indulge in stereotipi razziali né li normalizza: i personaggi stranieri sono trattati con una certa serietà e la loro posizione viene discussa come problema etico e legale, non come motivo di scherno o disprezzo. Gli unici commenti potenzialmente problematici (es. ""qui siamo in Italia, si devono adeguare"") sono contestualizzati come opinioni di singoli personaggi e non sono sostenuti dalla narrazione complessiva, che invece mostra empatia per la madre e il bambino e dà spazio alla loro voce. L'introduzione del medico vietnamita è gestita con rispetto e curiosità, senza ridicolizzazioni. Nel complesso, l'episodio mostra consapevolezza delle differenze culturali e delle difficoltà di integrazione, pur senza approfondire le cause strutturali del razzismo.";Non assegno un punteggio più basso perché non ci sono personaggi positivi che esprimono idee razziste senza conseguenze, né si normalizzano stereotipi etnici in modo acritico. I conflitti sono trattati come dilemmi morali e legali, non come occasioni per rafforzare pregiudizi.;Non assegno un punteggio più alto perché l'episodio non affronta il razzismo come problema sistemico, né offre una critica strutturale o soluzioni concrete. Le voci marginalizzate sono presenti ma non centrali né autorevoli, e la questione razziale resta sullo sfondo rispetto al tema principale (il diritto alla salute e i conflitti religiosi).
LA DOTTORESSA GIO;02;04;La dottoressa GioS02E04;04/12/1998;6;+1;L'episodio affronta la questione della diversità culturale e religiosa in ambito medico, in particolare con due nuclei: la coppia appartenente a una setta religiosa (con tratti che richiamano i Testimoni di Geova, ma senza riferimenti espliciti a etnia) e una breve scena con una coppia araba che rifiuta la visita di un ginecologo uomo. Nel primo caso, la narrazione mostra il conflitto tra le convinzioni religiose dei genitori e la necessità di salvare il bambino, ma il focus resta sulla dimensione religiosa più che etnica. Tuttavia, nella scena con la coppia araba, il medico Capovilla mostra poca sensibilità culturale, affermando che 'qui siamo in Italia, per cui sono loro che si devono adeguare alla nostra', senza che la narrazione lo contesti apertamente. Tuttavia, la presenza del dottor Conti (medico asiatico) è trattata con rispetto e curiosità, e viene integrato nel team senza stereotipi negativi. Nel complesso, l'episodio mostra consapevolezza delle differenze culturali e religiose, ma non approfondisce né problematizza in modo strutturale il razzismo o la discriminazione etnica. I momenti problematici sono attribuiti a personaggi specifici e non sono sostenuti dalla narrazione dominante, che tende a valorizzare il rispetto e la professionalità.;Non assegno un punteggio più basso perché i momenti di chiusura o scarsa sensibilità (come la frase di Capovilla) sono isolati e non rappresentano la posizione dominante dell'episodio. Inoltre, la presenza di personaggi non italiani (come il dottor Conti) è trattata in modo dignitoso e senza ridicolizzazioni o stereotipi marcati.;Non assegno un punteggio più alto perché l'episodio non affronta il razzismo o la discriminazione in modo strutturale o trasformativo, né mette al centro voci marginalizzate. La questione etnica rimane marginale e, sebbene ci sia consapevolezza, manca un vero impegno critico o una riflessione profonda sulle dinamiche di potere o sulle cause sistemiche della discriminazione.
LA DOTTORESSA GIO;02;04;La dottoressa GioS02E04;04/12/1998;7;+1;L'episodio affronta diversi temi di diversità culturale e religiosa, in particolare con la coppia di origine araba che si oppone a interventi medici per motivi religiosi e con la richiesta di una dottoressa donna per motivi culturali. La narrazione mostra consapevolezza delle differenze culturali e delle difficoltà di integrazione, ma la posizione dominante è quella del personale medico italiano che, pur mostrando a tratti empatia (soprattutto alcune dottoresse), insiste sul fatto che 'qui siamo in Italia' e che sono i pazienti stranieri a doversi adeguare. I personaggi stranieri sono rappresentati in modo abbastanza dignitoso (non sono caricaturali), ma le loro convinzioni vengono viste come ostacoli irrazionali e pericolosi, e la soluzione positiva arriva solo quando la madre araba si allinea ai valori italiani (sceglie di salvare il figlio e si oppone al marito). Il medico vietnamita è accolto con rispetto, ma anche con qualche battuta paternalistica. Nel complesso, l'episodio riconosce la diversità e la difficoltà del dialogo interculturale, ma la narrazione resta centrata su una prospettiva italiana, che però non scade mai in vera ostilità o derisione. Gli stereotipi non sono usati come comic relief, e i personaggi positivi mostrano rispetto e tentativi di comprensione, pur mantenendo la supremazia del punto di vista italiano.;Non assegno 0 o valori negativi perché non c'è normalizzazione o minimizzazione del pregiudizio: i personaggi positivi mostrano rispetto e tentano di comprendere le ragioni culturali degli altri, e non ci sono battute o atteggiamenti apertamente razzisti o derisori. La narrazione non presenta la diversità come un problema ridicolo o fastidioso, ma come una sfida reale e complessa.;Non assegno +2 perché il razzismo e la discriminazione non vengono affrontati come problema sociale esplicito: non c'è un dibattito aperto sulle cause sistemiche, né una crescita dei personaggi italiani su questi temi. La soluzione è individuale e non strutturale, e la voce delle persone straniere resta comunque marginale rispetto a quella dei protagonisti italiani. Non c'è analisi critica delle strutture di potere o proposta di soluzioni per l'equità.
LA DOTTORESSA GIO;02;04;La dottoressa GioS02E04;04/12/1998;8;+1;L'episodio affronta il tema delle differenze culturali e religiose, in particolare con una coppia che rifiuta cure mediche salvavita per motivi religiosi. La narrazione mostra chiaramente la posizione dei medici italiani che, pur tra conflitti e limiti legali, cercano di salvare la vita del bambino e di convincere la madre. I personaggi che difendono posizioni rigide e discriminatorie (come il marito che impone la sua volontà sulla moglie) sono mostrati in modo negativo o problematico, mentre la madre, quando decide di anteporre la vita del figlio alle regole della comunità, viene sostenuta e aiutata. L'unico momento di esplicito pregiudizio etnico è la scena in cui un medico rifiuta di venire incontro alle richieste culturali di una coppia araba, ma questa posizione viene contestata da un collega e presentata come poco empatica. Nel complesso, l'episodio riconosce la complessità delle differenze culturali e religiose, ma mantiene una prospettiva critica verso le rigidità che mettono a rischio la vita e i diritti individuali, mostrando rispetto per la diversità e attribuendo i commenti problematici a personaggi secondari o negativi.;Non assegno un punteggio più basso perché l'episodio non normalizza né sostiene il pregiudizio: i conflitti culturali sono trattati come problemi da risolvere, non come norme accettabili, e la narrazione si schiera chiaramente dalla parte della tutela della vita e dei diritti individuali. I personaggi che esprimono posizioni discriminatorie non sono mai valorizzati.;Non assegno +2 perché, pur mostrando consapevolezza critica, l'episodio non sviluppa un vero dibattito esplicito sul razzismo come problema sociale né affronta le cause strutturali della discriminazione. Le voci marginalizzate non sono centrali e autorevoli, e la soluzione proposta è individuale (la madre che si ribella), non collettiva o sistemica.
LA DOTTORESSA GIO;02;04;La dottoressa GioS02E04;04/12/1998;9;-1;L'episodio presenta due situazioni che coinvolgono la diversità etnico-religiosa: la coppia (probabilmente di origine straniera o comunque non italiana) che rifiuta il cesareo e la trasfusione per motivi religiosi, e la coppia araba che chiede una dottoressa donna. In entrambi i casi, la narrazione mostra i personaggi italiani (medici e infermieri) come razionali, umani e determinati a 'salvare vite', mentre i personaggi stranieri o religiosamente diversi sono rappresentati come irrazionali, ostinati, e in parte fonte di problemi. Gli stereotipi (la donna araba che non vuole essere visitata da un uomo, la comunità religiosa chiusa e ostile, il marito autoritario) sono riprodotti senza alcuna distanza critica o ironia. I personaggi 'diversi' sono funzionali al conflitto narrativo, ma non hanno una vera voce autonoma o complessità. L'episodio non mostra consapevolezza degli stereotipi, né li problematizza: la soluzione è sempre l'adattamento (o la sconfitta) della posizione 'altra' rispetto a quella italiana/medica. Non ci sono battute apertamente razziste, ma la rappresentazione è superficiale e stereotipata.;Non assegno -2 perché, pur normalizzando stereotipi e pregiudizi, l'episodio non presenta commenti apertamente razzisti trattati come battute innocue, né c'è una vera atmosfera di normalizzazione del pregiudizio: c'è una certa tensione e conflitto, e alcuni personaggi (come il nuovo medico straniero) sono accolti positivamente dal gruppo. Non è -3 perché non c'è un sostegno attivo alla discriminazione: i personaggi razzisti non sono ritratti positivamente, e la narrazione non convalida idee discriminatorie come giuste.;Non assegno 0 perché gli elementi problematici sono nettamente prevalenti: la rappresentazione della diversità è tutta giocata su stereotipi e conflitti, senza alcun elemento di consapevolezza o di reale ambiguità. Non assegno +1 perché manca qualsiasi consapevolezza critica sugli stereotipi o rispetto per la diversità: la narrazione non problematizza mai la posizione italiana/medica, che resta l'unica legittima.
LA DOTTORESSA GIO;02;04;La dottoressa GioS02E04;04/12/1998;10;+1;L'episodio presenta due scene rilevanti rispetto alla questione razziale/etnica nel contesto italiano: (1) la paziente araba che rifiuta il cesareo per motivi religiosi e il marito che si oppone a ogni intervento chirurgico e trasfusione, e (2) la coppia araba che rifiuta la visita ginecologica da parte di un uomo. In entrambi i casi, la narrazione mostra i medici italiani come razionali e umani, mentre i personaggi stranieri sono caratterizzati principalmente attraverso la loro appartenenza religiosa/culturale e la loro opposizione alle pratiche mediche occidentali. Tuttavia, la narrazione evita di ridicolizzare o demonizzare apertamente i personaggi stranieri: la sofferenza della donna è mostrata, la sua paura è presa sul serio, e alla fine è lei stessa a scegliere di salvare il figlio, opponendosi al marito. Alcuni personaggi (es. Capovilla) esprimono posizioni di chiusura ('qui siamo in Italia, si devono adeguare'), ma altri (il nuovo medico straniero, Conti) mostrano empatia e tentano di mediare. Il punto di vista dominante è quello della medicina occidentale e della sua superiorità, ma il razzismo esplicito è evitato e la narrazione mostra almeno una consapevolezza delle differenze culturali, anche se non le approfondisce. Il medico straniero (Conti) è accolto con rispetto e curiosità, anche se con qualche stereotipo bonario. Nel complesso, l'episodio riconosce la complessità del confronto culturale senza approfondire le cause strutturali del razzismo, ma nemmeno normalizza o minimizza i pregiudizi.;Non assegno -1 o -2 perché la narrazione non riduce i personaggi stranieri a semplici stereotipi negativi, né normalizza apertamente il pregiudizio: c'è un tentativo (seppur superficiale) di mostrare le ragioni culturali e religiose dei pazienti, e la scelta finale della donna araba è rispettata e valorizzata. I commenti problematici sono contestati da altri personaggi o dal contesto.;Non assegno +2 perché l'episodio non affronta il razzismo come problema sociale né mette al centro voci marginalizzate: la prospettiva resta quella dei medici italiani e la soluzione è sempre l'adeguamento allo standard occidentale. Non c'è una vera analisi critica delle strutture di potere o delle dinamiche di esclusione, né un dibattito esplicito sui pregiudizi.
LA DOTTORESSA GIO;02;06;La dottoressa GioS02E06;13/12/1998;1;0;L'episodio non presenta riferimenti espliciti a questioni razziali, migranti, rom o italiani di seconda generazione. L'unico accenno potenzialmente rilevante è la battuta 'prima che arrivi a alzare la negra', che però viene immediatamente interrotta e condannata dagli altri personaggi, senza che la narrazione la normalizzi o la lasci passare come innocua. La presenza di personaggi di diversa origine (Raul, Mara) non è accompagnata da stereotipi etnici marcati o da una narrazione che li riduca a cliché. Tuttavia, non c'è nemmeno un impegno esplicito o consapevole nel trattare il razzismo o la diversità: la questione rimane marginale e non tematizzata. L'episodio si concentra su altri temi (malattia, maternità, relazioni personali) e la rappresentazione della diversità etnica è neutra, senza segnali dominanti né in senso negativo né positivo.;"Non assegno un punteggio più basso perché l'unico commento razzista viene immediatamente contestato e non trova spazio nella narrazione; non c'è normalizzazione né minimizzazione del pregiudizio. I personaggi di origine straniera non sono ridotti a stereotipi e non subiscono discriminazioni sistemiche nella trama.";"Non assegno un punteggio più alto perché manca qualsiasi consapevolezza critica, impegno o tematizzazione della questione razziale. Non ci sono momenti di riconoscimento esplicito, dibattito o crescita rispetto al razzismo; la diversità è presente solo come sfondo e la narrazione non la valorizza né la problematizza."
LA DOTTORESSA GIO;02;06;La dottoressa GioS02E06;13/12/1998;2;0;L'episodio presenta una rappresentazione della diversità etnica e della questione migratoria quasi assente. L'unico riferimento esplicito a una persona non italiana è Raul (presumibilmente latinoamericano) e una breve battuta in spagnolo, ma la sua presenza è trattata in modo neutro e non stereotipato. L'unico accenno potenzialmente problematico è la frase 'prima che arrivi a alzare la negra', che però viene subito interrotta e condannata dagli altri personaggi, che reagiscono con fastidio e aggressività verso chi la pronuncia. Non ci sono altri riferimenti a razza, etnia o razzismo, né in positivo né in negativo. La narrazione è centrata su altri temi (malattia, maternità, relazioni sentimentali).;Non assegno un punteggio inferiore perché l'unico episodio di linguaggio razzista viene immediatamente stigmatizzato dagli altri personaggi, che reagiscono con rabbia e lo isolano. Non c'è normalizzazione né minimizzazione del pregiudizio.;Non assegno un punteggio superiore perché la questione razziale non viene mai affrontata in modo consapevole, critico o strutturale. La presenza di personaggi non italiani è marginale e non tematizzata. Non ci sono elementi di riconoscimento consapevole, impegno critico o inquadramento trasformativo.
LA DOTTORESSA GIO;02;06;La dottoressa GioS02E06;13/12/1998;3;0;L'episodio non presenta temi o personaggi centrali legati a razza, etnia o migrazione. L'unico riferimento potenzialmente rilevante è una battuta isolata ('prima che arrivi a alzare la negra'), che però non viene né sviluppata né contestata, e non ha alcun peso nella trama. Tutti gli altri conflitti e drammi sono legati a questioni di genere, salute, lavoro, relazioni personali e malattia. Non ci sono personaggi di minoranze etniche o migranti con ruoli significativi, né vengono affrontati stereotipi o pregiudizi razziali in modo sistematico o narrativamente rilevante.;Nonostante la presenza di una singola espressione razzista, questa non è né centrale né rappresentativa dell'episodio e non viene normalizzata o sostenuta dal contesto generale. Non ci sono altri segnali di pregiudizio, stereotipi o discriminazione etnica/migratoria.;Non ci sono elementi di riconoscimento critico, impegno o analisi strutturale del razzismo. La questione razziale è praticamente assente dal testo, salvo la battuta isolata che non viene tematizzata né contestata.
LA DOTTORESSA GIO;02;06;La dottoressa GioS02E06;13/12/1998;4;0;Nell'episodio non ci sono riferimenti diretti o centrali a razza, etnia o questioni razziali. L'unico passaggio che lambisce il tema è una battuta isolata ('prima che arrivi a alzare la negra'), usata da un personaggio negativo in un contesto di litigio tra giovani, subito interrotta e condannata dal gruppo. Tuttavia, il focus della narrazione resta su tematiche di genere, maternità, salute e relazioni personali, senza approfondire o normalizzare questioni razziali. La presenza di personaggi stranieri (es. Raul) è trattata in modo neutro e non stereotipato, senza alcun accento su differenze etniche o razziali.;"Il commento razzista è isolato, subito interrotto e non riceve alcuna approvazione narrativa o sociale; non ci sono altri segnali di normalizzazione o minimizzazione del pregiudizio. Nessun personaggio positivo sostiene stereotipi o pregiudizi, e la narrazione non li presenta come normali o accettabili.";Non ci sono elementi di consapevolezza critica, impegno attivo o analisi strutturale del razzismo. L'unico riferimento è incidentale e non viene tematizzato né discusso. L'episodio non affronta la questione razziale come problema sociale, né offre spunti di riflessione o crescita su questi temi.
LA DOTTORESSA GIO;02;06;La dottoressa GioS02E06;13/12/1998;5;0;"L'episodio presenta una rappresentazione della diversità etnica e delle questioni sociali (es. migranti, sieropositività, marginalità) ma senza focalizzarsi in modo esplicito sul razzismo. La presenza di personaggi stranieri (Raul, Mara) è trattata in modo relativamente neutro: Raul, personaggio latinoamericano, è integrato nel gruppo e la sua storia personale viene esplorata senza stereotipi marcati; Mara subisce violenza ma non emergono motivazioni razziali esplicite, né la narrazione collega la sua vulnerabilità all'origine etnica. L'unico accenno diretto a un insulto razziale (“prima che arrivi a alzare la negra”) viene immediatamente interrotto e condannato dal gruppo, ma non è al centro della trama. I personaggi positivi non mostrano pregiudizi, ma nemmeno c'è un impegno esplicito o una riflessione critica sul razzismo. Gli stereotipi sono quasi assenti, ma anche la consapevolezza critica è limitata. Nel complesso, la rappresentazione è ambigua: la diversità è presente ma non tematizzata, e i pochi segnali contrastanti (insulto razzista vs. reazione del gruppo) si bilanciano senza una direzione dominante.";Non ci sono stereotipi etnici marcati, né la narrazione normalizza o sostiene atteggiamenti razzisti. L'unico insulto a sfondo razziale viene condannato e non è approvato dal contesto. Nessun personaggio positivo esprime pregiudizi, e la presenza di personaggi stranieri non è ridotta a cliché.;Non c'è un impegno critico o una riflessione esplicita sul razzismo o sulle sue cause. La narrazione non affronta il tema come problema sociale, né offre una prospettiva trasformativa o soluzioni per l'equità. La consapevolezza degli stereotipi è minima e la diversità non viene tematizzata in modo consapevole o progressista.
LA DOTTORESSA GIO;02;06;La dottoressa GioS02E06;13/12/1998;6;0;L'episodio presenta una rappresentazione quasi totalmente assente di questioni razziali o etniche. L'unico riferimento potenzialmente rilevante è una battuta isolata ('prima che arrivi a alzare la negra') rivolta a una ragazza (Mara) da parte di un personaggio negativo, in un contesto di bullismo e violenza. Tuttavia, la frase non viene raccolta né tematizzata dalla narrazione: nessun personaggio reagisce, né in positivo né in negativo, e la scena si concentra subito dopo sulla violenza sessuale subita dalla ragazza. Non ci sono altri personaggi non italiani o di minoranze etniche con ruoli significativi, e nessuna trama affronta direttamente o indirettamente questioni di razzismo, discriminazione o stereotipi etnici. L'episodio è quindi ambiguo: da un lato c'è un segnale problematico (la battuta razzista), dall'altro la narrazione non la valorizza né la contesta, né la inserisce in un discorso più ampio. Non vi è né normalizzazione né critica, ma una sostanziale indifferenza.;Non assegno un punteggio inferiore perché la battuta razzista è isolata, non sostenuta dalla narrazione, non reiterata, né attribuita a personaggi positivi o trattata come normale. Non ci sono stereotipi etnici diffusi o personaggi non italiani ridotti a cliché. L'episodio non normalizza né sostiene attivamente il pregiudizio.;Non assegno un punteggio superiore perché l'unico elemento rilevante è problematico e non viene contestato. Non c'è alcun riconoscimento consapevole, critica o impegno sul tema del razzismo. L'episodio non offre alcun segnale di consapevolezza, né tantomeno un messaggio positivo o trasformativo sulla diversità etnica.
LA DOTTORESSA GIO;02;06;La dottoressa GioS02E06;13/12/1998;7;0;L'episodio presenta una grande varietà di personaggi e situazioni, ma la questione razziale è praticamente assente. L'unico riferimento potenzialmente rilevante è una battuta isolata e volgare ('prima che arrivi a alzare la negra') rivolta a Mara, che però viene immediatamente interrotta e condannata dagli altri personaggi, senza che la battuta abbia alcun peso nella trama o venga minimamente normalizzata. Il personaggio di Raul, di origine evidentemente straniera (latinoamericano), è integrato nel gruppo e la sua storia non è mai oggetto di discriminazione o stereotipi. L'episodio si concentra su altri temi sociali (suicidio, maternità, sieropositività, violenza di genere), senza mai tematizzare o problematizzare la questione razziale in modo strutturale o consapevole. L'unico episodio problematico è dunque isolato, subito sanzionato e non rappresenta l'orientamento dominante.;Non assegno un punteggio inferiore perché l'unico episodio di linguaggio razzista è immediatamente condannato e non normalizzato, e non ci sono altri segnali di stereotipizzazione o discriminazione razziale. Non c'è alcuna normalizzazione o minimizzazione del pregiudizio.;Non assegno un punteggio superiore perché non c'è alcuna consapevolezza critica, impegno attivo o analisi strutturale del razzismo: la questione razziale è quasi del tutto assente e non tematizzata. L'episodio non offre spunti di riflessione o crescita sui temi del razzismo.
LA DOTTORESSA GIO;02;06;La dottoressa GioS02E06;13/12/1998;8;0;L'episodio non presenta riferimenti espliciti a razza o etnia nella trama principale. L'unico passaggio con una potenziale connotazione razziale è la battuta 'prima che arrivi a alzare la negra', che però viene immediatamente interrotta e condannata dagli altri personaggi, che reagiscono con rabbia e allontanano chi la pronuncia. Non ci sono altri stereotipi, né personaggi di minoranze etniche con ruoli significativi. Il resto dell'episodio si concentra su temi di genere, salute, relazioni e disagio sociale, senza toccare la questione razziale.;Non assegno un punteggio inferiore perché l'unica battuta razzista viene chiaramente condannata dai personaggi positivi e non è mai normalizzata o trattata come divertente. Non ci sono altri segnali di pregiudizio o stereotipizzazione etnica.;Non assegno un punteggio superiore perché la questione razziale non viene affrontata in modo consapevole, critico o trasformativo. L'unico riferimento è incidentale e non inserito in un discorso più ampio. Non ci sono personaggi di minoranze etniche con agency o rappresentazione positiva.
LA DOTTORESSA GIO;02;06;La dottoressa GioS02E06;13/12/1998;9;0;L'episodio presenta una rappresentazione della diversità etnica e delle questioni legate a migranti e italiani di seconda generazione solo in modo marginale e ambiguo. I pochi personaggi non italiani (Raul, Mara) sono presenti ma non definiti da stereotipi marcati, e le interazioni tra loro e gli altri personaggi sono generalmente neutre o positive. Tuttavia, c'è una scena in cui Mara viene chiamata 'negra' in modo dispregiativo da un personaggio negativo, e la cosa viene immediatamente condannata dagli altri, ma senza un vero approfondimento o conseguenze narrative rilevanti. Al tempo stesso, non ci sono momenti di vera consapevolezza critica o di impegno esplicito contro il razzismo, né una centralità delle voci marginalizzate. L'orientamento complessivo oscilla tra normalizzazione della presenza della diversità e la riproduzione di alcuni pregiudizi, ma senza una direzione dominante netta.;"Non assegno un punteggio inferiore perché la scena discriminatoria viene subito contestata e il personaggio che la pronuncia è già caratterizzato negativamente. Non c'è normalizzazione del pregiudizio né sostegno attivo alla discriminazione; i personaggi non italiani non sono ridotti a cliché e hanno agency nella narrazione.";Non assegno un punteggio superiore perché manca un vero riconoscimento consapevole o un impegno critico: la questione razziale non viene affrontata come problema sociale, non c'è dibattito né crescita esplicita dei personaggi sul tema, e la narrazione non offre una prospettiva trasformativa o strutturale sulla discriminazione.
LA DOTTORESSA GIO;02;06;La dottoressa GioS02E06;13/12/1998;10;N/A;L'episodio, sulla base dei sottotitoli forniti, non presenta riferimenti espliciti o impliciti a razza, etnia, migranti, rom, italiani di seconda generazione o dinamiche razziali. I conflitti e le tematiche affrontate riguardano relazioni personali, lavoro, salute, maternità, dipendenze, malattia, ma non emergono elementi riconducibili a rappresentazioni del razzismo o della diversità etnica.;Non è possibile assegnare un punteggio negativo perché non sono presenti né stereotipi né atteggiamenti discriminatori a sfondo razziale o etnico.;Non è possibile assegnare un punteggio positivo perché il tema del razzismo o della diversità etnica non viene affrontato in alcun modo.
LA DOTTORESSA GIO;03;03;La dottoressa GioS03E03;20/01/2019;1;-1;L'episodio presenta alcuni personaggi di origine straniera (ad esempio Johnny, descritto come 'niguru') e un neonato nero la cui nascita viene accolta con sorpresa e battute stereotipate dalla famiglia. Il linguaggio usato ('niguru', 'questo non può essere figlio suo', 'occhio e croce mi sa di no') e la narrazione della paternità sono trattati in modo superficiale e con cliché etnici, senza alcuna distanza critica o consapevolezza. Le reazioni dei personaggi oscillano tra lo stupore, la presa in giro e la normalizzazione, ma non c'è mai una reale contestazione o riflessione sul razzismo implicito. Il personaggio nero (Johnny) non ha voce propria e viene ridotto a una funzione narrativa. Non si arriva però a una vera e propria celebrazione del pregiudizio o a una sua normalizzazione totale: la famiglia, pur con stereotipi, accetta il bambino e la situazione si risolve senza conflitto aperto.;Non assegno -2 perché, pur essendo presenti stereotipi e linguaggio problematico, non c'è una normalizzazione piena e diffusa del pregiudizio: il momento è trattato come una sorpresa familiare, non come un comportamento accettato da tutti o come una battuta ricorrente. Non si arriva a una complicità collettiva nel pregiudizio, né i personaggi razzisti sono presentati come positivi.;Non assegno 0 o punteggi positivi perché la rappresentazione della diversità etnica è superficiale, stereotipata e priva di consapevolezza o critica. Non ci sono personaggi che contestano i commenti problematici, né momenti di riflessione o crescita. L'episodio non offre alcuna prospettiva progressista o di riconoscimento consapevole della diversità.
LA DOTTORESSA GIO;03;03;La dottoressa GioS03E03;20/01/2019;2;-1;"L'episodio presenta alcune situazioni che coinvolgono la diversità etnica (ad esempio la nascita di un bambino nero in una famiglia italiana e il riferimento ai migranti 'arrivati coi barconi'), ma la rappresentazione rimane superficiale e stereotipata. Il personaggio di Carmen partorisce un bambino nero e la reazione della famiglia è tra lo stupito e il comico, con battute come 'mio fratello è niguru ma questo non può essere figlio suo' e riferimenti al colore della pelle come elemento di sorpresa e potenziale scandalo familiare. Non si sviluppa mai una riflessione critica sul razzismo o sulla discriminazione; la narrazione si limita a mostrare la situazione come 'curiosa' o 'problematicamente buffa', senza contestare o problematizzare i pregiudizi impliciti. Inoltre, il bambino nero viene definito 'speciale' ma senza approfondire il tema dell'inclusione o delle difficoltà che potrebbe incontrare. Il contesto generale dell'episodio è quello di una normalizzazione della differenza etnica come elemento di stranezza o di gossip familiare, senza alcuna consapevolezza critica.";Non assegno -2 perché, pur essendoci stereotipi e battute a sfondo etnico, non c'è una vera e propria normalizzazione del pregiudizio come valore dominante: i personaggi non esprimono odio o disprezzo, né il razzismo viene presentato come socialmente accettabile o desiderabile. Le reazioni sono più di sorpresa e imbarazzo che di esclusione attiva, e non ci sono personaggi positivi che sostengono apertamente idee discriminatorie.;Non assegno 0 o un punteggio positivo perché la rappresentazione della diversità resta ancorata a cliché e non viene mai problematizzata o affrontata con consapevolezza. Non c'è nessuna contestazione degli stereotipi, né un messaggio di inclusione o di critica al razzismo. La presenza del bambino nero è trattata come un 'caso' familiare e non come occasione di riflessione sociale o di crescita dei personaggi.
LA DOTTORESSA GIO;03;03;La dottoressa GioS03E03;20/01/2019;3;-1;L'episodio presenta alcuni personaggi non italiani (ad esempio Johnny, descritto come 'niguru' e padre biologico del figlio di Carmen) e una coppia lesbica (Viola e Alma) vittima di un'aggressione omofoba. Tuttavia, la rappresentazione della diversità etnica è superficiale e stereotipata: Johnny non appare mai in scena, viene solo evocato come 'quello arrivato coi barconi', e la nascita del bambino nero è trattata come una sorpresa comica e oggetto di pettegolezzo familiare, con battute e reazioni che ruotano attorno al colore della pelle e all'infedeltà. Nessun personaggio contesta apertamente i commenti problematici ('mio fratello è niguru ma questo non può essere figlio suo', 'questo non è mio cugino, è tutto nero'), che restano sullo sfondo come parte del folklore familiare. L'episodio mostra invece una rappresentazione più consapevole e solidale verso la coppia lesbica, che viene aiutata e sostenuta dal personale medico, e il tema dell'omofobia viene esplicitamente nominato e condannato. Tuttavia, la parte etnica resta trattata in modo superficiale e non problematizzato.;Non assegno -2 perché la narrazione non normalizza apertamente il pregiudizio: le battute e i commenti stereotipati sono confinati al contesto familiare e non sono presentati come valori condivisi o morali dell'episodio. Inoltre, la trama principale non ruota attorno a discriminazioni razziali, e non ci sono personaggi razzisti ritratti positivamente né sostegno attivo a idee discriminatorie.;Non assegno 0 o punteggi positivi perché la rappresentazione della diversità etnica è ridotta a cliché e battute, senza alcuna consapevolezza o contestazione interna. I commenti problematici restano completamente incontestati e la presenza del personaggio nero è solo evocata come elemento di colore e sorpresa, non come soggetto con una propria voce o dignità narrativa.
LA DOTTORESSA GIO;03;03;La dottoressa GioS03E03;20/01/2019;4;-1;L'episodio presenta una varietà di situazioni sociali (malattia, maternità, lavoro, omogenitorialità, violenza domestica, adozione, ecc.) e include personaggi di diversa provenienza sociale e, in misura minore, etnica. Tuttavia, l'unico riferimento esplicito alla diversità razziale avviene nella scena della nascita del bambino 'nero', figlio di Carmen. Qui, la famiglia reagisce con sorpresa e con battute stereotipate ('mio fratello è niguru ma questo non può essere figlio suo', 'mi pareva attorno il bronzo di Riace'), e la situazione viene trattata come una gag, senza alcuna riflessione critica o contestazione. Il bambino viene poi accolto senza ostilità, ma la narrazione non problematizza né decostruisce lo stereotipo, né affronta il tema del razzismo, limitandosi a una rappresentazione superficiale e folkloristica della differenza. In tutto l'episodio, la questione razziale è ridotta a una battuta e a un elemento di colore, senza consapevolezza o ironia critica. Gli altri temi sociali sono trattati con maggiore profondità e sensibilità, ma la dimensione razziale resta confinata a cliché e non viene tematizzata.;Non assegno -2 perché, pur essendo presente una battuta stereotipata e un approccio superficiale, non c'è un'atmosfera di normalizzazione del pregiudizio né personaggi che esprimono razzismo in modo sistematico o convalidato dalla narrazione. La famiglia, dopo la sorpresa, accoglie il bambino senza ostilità e la situazione non degenera in discriminazione attiva o in sostegno implicito al razzismo.;Non assegno 0 o punteggi positivi perché la rappresentazione della diversità razziale è totalmente priva di consapevolezza critica o ironia, e si limita a riprodurre lo stereotipo senza distanza. Non c'è alcun elemento di riconoscimento, impegno o trasformazione rispetto al tema razziale: la questione viene banalizzata e trattata come semplice aneddoto comico.
LA DOTTORESSA GIO;03;03;La dottoressa GioS03E03;20/01/2019;5;-1;"L'episodio presenta due momenti di rilievo rispetto alla rappresentazione del razzismo: 1) la storyline di Carmen, donna calabrese che partorisce un bambino nero, con la famiglia che reagisce con stupore e battute sul colore della pelle del neonato; 2) la vicenda di Johnny, ragazzo 'salvato dai barconi', che viene menzionato come padre del bambino. Le battute e i commenti della famiglia sono stereotipati e trattano la questione etnica in modo superficiale e folkloristico, senza mai affrontare esplicitamente il tema del razzismo o problematizzare la reazione della famiglia. Il tono resta leggero e comico, e la presenza del personaggio nero è ridotta a elemento di sorpresa narrativa e oggetto di battute. Non c'è distanza critica né consapevolezza, e i personaggi non contestano mai i commenti problematici. La narrazione non arriva a una vera normalizzazione del pregiudizio (-2), ma si limita a riprodurre stereotipi senza ironia o consapevolezza, con i personaggi non bianchi relegati a ruoli marginali o strumentali.";Non assegno -2 perché, pur essendo presenti stereotipi e battute acritiche, il pregiudizio non viene presentato come norma sociale accettata da tutti i personaggi, né ci sono veri e propri commenti razzisti trattati come innocui da tutto il gruppo. La narrazione non sostiene attivamente la discriminazione (-3), ma si limita a una rappresentazione superficiale e stereotipata.;"Non assegno 0 perché non c'è un reale equilibrio tra elementi problematici e progressisti: la rappresentazione della diversità etnica è tutta giocata su cliché e battute, senza alcuna consapevolezza o messaggio positivo. Non assegno +1 o più perché manca qualsiasi riconoscimento critico degli stereotipi o tentativo di sfidare i pregiudizi; la presenza di personaggi non bianchi non è dignitosa né centrale."
LA DOTTORESSA GIO;03;03;La dottoressa GioS03E03;20/01/2019;6;-1;L'episodio presenta una rappresentazione della diversità etnica quasi esclusivamente attraverso la storyline di Carmen, che partorisce un bambino 'nero' in una famiglia italiana del Sud. La scoperta del colore della pelle del neonato genera battute e reazioni stereotipate (es. 'mio fratello è niguru ma questo non può essere figlio suo', 'così occhio e croce mi sa di no'), e la narrazione tratta la questione con leggerezza e ironia, senza alcuna reale contestazione o riflessione critica. Il personaggio di Johnny, il migrante, viene nominato solo come 'quello arrivato coi barconi', riducendo la sua presenza a uno stereotipo. Non ci sono personaggi di origine straniera con agency o voce propria. Le reazioni della famiglia oscillano tra lo stupore, la battuta e una rapida accettazione, ma il tutto resta confinato in cliché e non viene mai tematizzato il razzismo o il pregiudizio in modo consapevole o critico. L'episodio non promuove attivamente discriminazione (-3/-2), ma la rappresentazione della diversità resta superficiale, stereotipata e priva di consapevolezza, senza alcuna contestazione interna.;"Non assegno -2 o -3 perché non c'è un sostegno attivo o una normalizzazione esplicita del razzismo: le battute e i cliché non sono accompagnati da approvazione esplicita o da una narrazione che li presenti come giusti o normali; inoltre, la famiglia finisce per accettare il bambino senza conflitti aperti o esclusione.";"Non assegno 0 o punteggi positivi perché manca qualsiasi contestazione, consapevolezza, ironia critica o agency da parte di personaggi non italiani. La narrazione non problematizza mai i pregiudizi, né offre spazi di crescita o dibattito sul tema del razzismo; la presenza della diversità resta funzionale solo alla gag e al colpo di scena."
LA DOTTORESSA GIO;03;03;La dottoressa GioS03E03;20/01/2019;7;-1;L'episodio presenta una rappresentazione della diversità etnica e delle questioni razziali quasi esclusivamente attraverso il personaggio di Carmen, che partorisce un bambino nero in una famiglia italiana del Sud. La scoperta della paternità viene trattata come una sorpresa comica e come 'problema' familiare, con battute stereotipate ('mio fratello è niguru ma questo non può essere figlio suo', 'così occhio e croce mi sa di no'). Il bambino viene definito 'speciale' e accolto senza ostilità aperta, ma la narrazione ruota attorno allo shock e al gossip familiare, senza alcuna riflessione critica sul razzismo o sulle difficoltà di un bambino nero in una famiglia e comunità bianca. L'unico riferimento esplicito a razzismo è la menzione di 'quelli arrivati coi barconi', usata in modo neutro e quasi folkloristico. Nessun personaggio contesta i sottintesi o le battute, e la questione viene rapidamente normalizzata come fatto privato, senza consapevolezza o ironia critica. Il resto dell'episodio non affronta direttamente temi razziali, ma la rappresentazione rimane superficiale e stereotipata.;Non assegno -2 perché, pur normalizzando stereotipi e battute etniche senza distanza critica, l'episodio non mostra ostilità aperta, né presenta personaggi razzisti in modo positivo o convalida idee discriminatorie in modo attivo. Il bambino viene accolto nella famiglia e non subisce discriminazione diretta o esclusione.;Non assegno 0 perché la rappresentazione non è realmente ambigua: i segnali problematici (stereotipi, battute, assenza di consapevolezza critica) sono dominanti e non bilanciati da elementi progressisti o di consapevolezza. Non assegno punteggi positivi perché manca qualsiasi riconoscimento consapevole, critica agli stereotipi o discussione sulle dinamiche razziali.
LA DOTTORESSA GIO;03;03;La dottoressa GioS03E03;20/01/2019;8;-1;L'episodio presenta una rappresentazione della diversità etnica quasi esclusivamente attraverso la storyline di Carmen, che partorisce un bambino nero in una famiglia italiana del Sud. La reazione della famiglia è fortemente stereotipata: battute sul colore della pelle, sospetti di infedeltà, e il termine 'niguru' (termine dialettale connotato negativamente). Il tema viene trattato come una sorpresa comica e come 'problema' familiare, senza alcuna riflessione critica o contestazione esplicita dei pregiudizi. Il bambino viene infine accettato, ma il tutto avviene in un clima di chiacchiere, battute e cliché, senza che nessun personaggio prenda realmente posizione contro il razzismo o mostri consapevolezza del problema. Gli altri personaggi di origine straniera sono assenti o marginali. L'episodio non promuove attivamente il razzismo, ma lo minimizza e lo tratta come folklore o aneddoto familiare.;Non assegno -2 perché, pur normalizzando stereotipi e battute razziste, l'episodio non presenta personaggi razzisti in modo positivo né sostiene esplicitamente idee discriminatorie. Non c'è una vera e propria approvazione del pregiudizio, ma piuttosto una sua banalizzazione e minimizzazione.;Non assegno 0 perché i segnali problematici sono nettamente prevalenti: nessun personaggio contesta i commenti razzisti o riflette criticamente sulla questione. Non assegno +1 o più perché manca qualsiasi consapevolezza critica, ironia consapevole o messaggio di rispetto verso la diversità etnica.
LA DOTTORESSA GIO;03;03;La dottoressa GioS03E03;20/01/2019;9;-1;L'episodio presenta una rappresentazione della diversità etnica e delle questioni razziali principalmente attraverso la storyline di Carmen, che partorisce un bambino nero in una famiglia italiana tradizionale. Il tema viene affrontato in modo leggero e con toni da commedia, ma la narrazione si appoggia su stereotipi e battute (es. 'mio fratello è niguru ma questo non può essere figlio suo', 'guardalo, questo è figlio mio!'), senza una reale contestazione o problematizzazione degli stessi. L'episodio non mostra reazioni di rifiuto o discriminazione aperta, ma la presenza del bambino nero viene trattata come una sorpresa buffa e come oggetto di chiacchiere familiari, senza mai affrontare le implicazioni sociali o i pregiudizi che potrebbero emergere in un contesto italiano. Non ci sono personaggi che contestano apertamente i commenti stereotipati, né viene offerta una riflessione critica sulla questione razziale. La rappresentazione rimane quindi superficiale e legata a cliché, senza consapevolezza o distanza ironica.;Non assegno -2 perché, pur essendo presenti stereotipi e battute a sfondo etnico, non c'è una normalizzazione esplicita del pregiudizio come valore positivo o accettato dalla comunità. I personaggi non esprimono ostilità o rifiuto verso il bambino o la madre, e la situazione viene risolta con accettazione familiare, seppur superficiale. Non si arriva mai a una convalida attiva di idee discriminatorie (-3) né a una normalizzazione totale del pregiudizio (-2).;Non assegno 0 o valori positivi perché manca completamente una riflessione critica, una contestazione degli stereotipi o una consapevolezza narrativa del tema razziale. La presenza del bambino nero è trattata come elemento di commedia e sorpresa, non come occasione per affrontare il razzismo o le sue dinamiche. Nessun personaggio positivo prende posizione contro i cliché, né viene offerta una prospettiva progressista o trasformativa.
LA DOTTORESSA GIO;03;03;La dottoressa GioS03E03;20/01/2019;10;-1;L'episodio presenta alcune situazioni in cui la diversità etnica viene tematizzata, ma in modo superficiale e spesso stereotipato. Il caso più evidente è la storyline di Carmen che partorisce un bambino nero, con la famiglia che reagisce con sorpresa e battute sul colore della pelle ('mio fratello è niguru ma questo non può essere figlio suo', 'questo non è il mio cugino, è tutto nero'). Il personaggio di Johnny, migrante arrivato 'coi barconi', viene citato come oggetto di un 'bello lavoretto', e la gravidanza di Carmen è trattata come uno scandalo da nascondere in famiglia. Non c'è mai una vera contestazione o riflessione critica su questi stereotipi: le battute e le reazioni sono presentate come normali, senza distanza ironica o consapevolezza. Il razzismo è banalizzato e ridotto a folklore familiare, senza che nessun personaggio positivo prenda una posizione chiara contro i pregiudizi. La narrazione non mostra consapevolezza critica, né attribuisce le battute razziste a personaggi negativi, né tantomeno offre un inquadramento trasformativo.;Non assegno -2 perché, pur normalizzando alcuni stereotipi e battute razziste, l'episodio non insiste su una visione esplicitamente discriminatoria: non c'è un sostegno attivo alla discriminazione, né i personaggi razzisti sono ritratti come modelli positivi da emulare. Non si arriva a una vera e propria normalizzazione del pregiudizio come valore dominante della puntata.;Non assegno 0 o punteggi positivi perché la rappresentazione della diversità etnica è quasi esclusivamente legata a cliché (il migrante, il bambino nero come 'scandalo', la famiglia che teme il giudizio del paese), senza alcuna contestazione interna o messaggio di rispetto. Non ci sono segnali di consapevolezza critica, né personaggi che sfidano i pregiudizi, né tantomeno una riflessione sulle cause o sulle strutture del razzismo.
MEDICINA GENERALE;01;12;Medicina generaleS01E12;01/06/2008;1;+2;"L'episodio affronta il tema della presenza di bambini curdi malati in un ospedale italiano, mostrando le difficoltà pratiche e burocratiche, ma anche la solidarietà e l'impegno del personale medico. I personaggi principali si interrogano criticamente sul senso della cura, dell'assistenza e del proprio ruolo, e si impegnano attivamente per garantire cure ai bambini, nonostante le resistenze di alcuni. Le differenze culturali e religiose (es. la carne sgozzata, la presenza delle donne) vengono trattate con rispetto e curiosità, senza ironia o disprezzo. I personaggi curdi sono rappresentati come persone reali, con le loro paure e bisogni, e le loro voci sono ascoltate e rispettate. Il razzismo non viene mai normalizzato né minimizzato; anzi, viene implicitamente contestato attraverso l'azione e il dialogo, e il messaggio dominante è che la cura e la dignità spettano a tutti, indipendentemente dall'origine. L'episodio mostra chiaramente le conseguenze negative della discriminazione (mancanza di sangue, difficoltà di accesso alle cure) e il superamento dei pregiudizi da parte dei protagonisti.";Non ci sono personaggi positivi che sostengono idee razziste, né stereotipi etnici presentati come normali o divertenti. Le difficoltà burocratiche e le resistenze sono contestualizzate come problemi da superare, non come giustificazioni per discriminare. Le battute sulle differenze culturali sono sempre accompagnate da spiegazioni e rispetto.;"L'episodio non offre una vera analisi strutturale del razzismo né soluzioni concrete per l'equità sistemica. Le voci marginalizzate sono presenti e rispettate, ma non sono centrali o autorevoli nella narrazione; il punto di vista resta prevalentemente quello dei medici italiani. La critica alle strutture di potere è implicita, non esplicita."
MEDICINA GENERALE;01;12;Medicina generaleS01E12;01/06/2008;2;+1;L'episodio presenta una narrazione in cui la presenza di bambini curdi malati e delle loro famiglie è centrale e trattata con umanità e rispetto. I personaggi principali (medici e infermieri) si impegnano per curarli, discutono delle loro condizioni e delle difficoltà logistiche e culturali (ad esempio, la necessità di cibo halal, la presenza della madre accanto al figlio, la lingua), ma sempre con un atteggiamento di accoglienza e collaborazione. Gli unici accenni a possibili tensioni o pregiudizi (es. 'curdi?') sono subito contestualizzati come difficoltà pratiche, mai come ostilità o rifiuto. Alcuni stereotipi culturali (il capofamiglia, la religione, la divisione dei ruoli uomo/donna) vengono menzionati, ma senza ironia o giudizio negativo, e il personale sanitario si adatta con rispetto. Non ci sono battute razziste, né personaggi positivi che esprimano pregiudizi. L'episodio mostra consapevolezza delle differenze e delle difficoltà di integrazione, ma la narrazione dominante è quella della solidarietà, dell'empatia e della professionalità. Tuttavia, manca un vero approfondimento delle cause sistemiche del razzismo o una critica esplicita alla discriminazione: la questione razziale è trattata come sfondo realistico, non come tema di denuncia o trasformazione.;Non ci sono elementi di normalizzazione, minimizzazione o sostegno al pregiudizio: i personaggi non fanno battute razziste, non ci sono stereotipi negativi, e la presenza dei curdi è trattata con rispetto e attenzione. La narrazione è chiaramente dalla parte dell'accoglienza e della cura.;L'episodio non affronta il razzismo come problema sociale in modo esplicito (+2), né tantomeno propone una critica strutturale o soluzioni trasformative (+3). La questione razziale è presente e gestita con consapevolezza, ma resta sul piano della buona pratica e dell'empatia individuale, senza approfondimenti o messaggi di cambiamento sociale.
MEDICINA GENERALE;01;12;Medicina generaleS01E12;01/06/2008;3;+1;L'episodio presenta la questione dei bambini curdi malati in modo dignitoso e umanizzante, evitando stereotipi razzisti e mostrando empatia da parte dello staff medico. I personaggi curdi sono trattati come pazienti bisognosi, con attenzione alle loro esigenze culturali (ad esempio la carne halal), e la narrazione sottolinea le difficoltà dovute alla guerra e alla mancanza di sangue, senza mai ridicolizzare o marginalizzare i migranti. Alcuni personaggi mostrano resistenze o battute di fastidio ('un esercito di curdi', 'sono tremendi'), ma il tono generale è di accoglienza e cura. I commenti problematici sono attribuiti a personaggi secondari o sono contestualizzati come parte di difficoltà logistiche, non di pregiudizio razziale. L'episodio non affronta in modo strutturale il razzismo, né lo tematizza come problema sociale, ma mostra consapevolezza e rispetto.;Non ci sono stereotipi etnici dannosi né normalizzazione del pregiudizio. I bambini curdi e le loro famiglie non sono mai ridicolizzati o trattati come 'altro'. Le difficoltà sono mediche e organizzative, non razziali. I personaggi positivi mostrano rispetto e cura, e il messaggio implicito è di solidarietà.;L'episodio non analizza le cause sistemiche del razzismo né mette al centro le voci marginalizzate. Il razzismo non è tematizzato come problema sociale, e non c'è dibattito esplicito o crescita dei personaggi rispetto ai pregiudizi. Il focus resta sulla cura medica, non sull'impegno critico o trasformativo rispetto alla discriminazione.
MEDICINA GENERALE;01;12;Medicina generaleS01E12;01/06/2008;4;+2;L'episodio affronta il tema della cura di bambini curdi affetti da talassemia, mostrando le difficoltà logistiche e culturali dell'accoglienza in un ospedale italiano. I personaggi principali si impegnano attivamente per garantire cure adeguate, superando ostacoli burocratici e pregiudizi. I curdi sono rappresentati con dignità, le loro esigenze religiose e culturali vengono rispettate (ad esempio la carne sgozzata, la presenza di donne per l'assistenza ai figli). I pochi commenti stereotipati o di diffidenza (es. 'sono tremendi', 'non siamo la Croce Rossa') sono attribuiti a personaggi secondari e vengono superati dal comportamento solidale dei protagonisti. La narrazione evidenzia le conseguenze negative della discriminazione (mancanza di sangue, difficoltà di accesso alle cure) e promuove un messaggio di responsabilità sociale e umanità.;"Non è -1 o -2 perché la rappresentazione dei migranti curdi non è superficiale né stereotipata; i personaggi positivi si impegnano attivamente per la loro cura, contestando implicitamente ogni atteggiamento discriminatorio. Non è -3 perché non c'è alcuna convalida attiva di idee razziste: i personaggi razzisti non sono mai premiati né centrali.";Non è +3 perché, pur mostrando impegno critico e solidarietà, l'episodio non offre una vera analisi strutturale delle cause sistemiche del razzismo né mette al centro le voci marginalizzate in modo trasformativo. Il focus resta sull'azione dei medici italiani, non sulle prospettive dei migranti.
MEDICINA GENERALE;01;12;Medicina generaleS01E12;01/06/2008;5;+2;L'episodio affronta il tema della cura di bambini curdi affetti da talassemia in un ospedale italiano, mostrando difficoltà logistiche e culturali, ma anche un impegno concreto da parte del personale medico per garantire loro assistenza. I personaggi principali si interrogano sulle motivazioni etiche e sociali della cura, con alcuni che inizialmente mostrano resistenze o cinismo, ma che vengono superate dall'urgenza e dalla necessità di aiutare. I bambini e le famiglie curde sono trattati con rispetto, la loro situazione viene umanizzata e spiegata, e le difficoltà culturali (come la questione del cibo halal, la comunicazione con il capo famiglia, la presenza di donne come caregiver) sono affrontate con pragmatismo e senza giudizio. Le battute o i commenti problematici sono sporadici, attribuiti a personaggi secondari e non sostenuti dalla narrazione. L'episodio mostra chiaramente che il razzismo e la discriminazione sono ostacoli da superare, e il messaggio prevalente è di solidarietà e impegno sociale.;Non ci sono stereotipi etnici riprodotti in modo acritico, né personaggi razzisti presentati positivamente. Le difficoltà culturali sono trattate come problemi da gestire, non come motivo di esclusione o scherno. L'episodio non normalizza il pregiudizio, né lo minimizza: al contrario, lo affronta e lo supera.;L'episodio non arriva a una vera analisi strutturale delle cause sistemiche del razzismo, né mette al centro le voci marginalizzate in modo trasformativo. Il focus resta sulla gestione medica e umana dell'emergenza, con un impegno critico e solidale, ma senza proporre soluzioni concrete per l'equità o una critica esplicita alle strutture di potere.
MEDICINA GENERALE;01;12;Medicina generaleS01E12;01/06/2008;6;+2;L'episodio affronta il tema della cura di bambini curdi talassemici in un ospedale italiano, mostrando le difficoltà logistiche e culturali, ma anche la solidarietà e l'impegno del personale medico. I personaggi principali si interrogano sulle motivazioni profonde dell'aiuto, tra etica, fama e potere, ma alla fine prevale la scelta di accogliere e curare i bambini, nonostante le difficoltà e le resistenze. Vengono esplicitati i bisogni religiosi e culturali (ad esempio la carne sgozzata secondo rito), e le differenze non sono mai oggetto di scherno o stereotipo, ma di spiegazione e rispetto. Le scene chiave mostrano il personale che si fa carico delle esigenze dei pazienti stranieri, anche a costo di fatica e conflitti interni. La narrazione non si limita a una semplice presenza dignitosa, ma mette in scena il razzismo implicito (diffidenza, battute sulla Croce Rossa, 'esercito dei curdi') per poi superarlo attraverso il coinvolgimento emotivo e pratico. Il razzismo viene esplicitamente contestato e superato, e i bambini curdi diventano centrali nella trama, con conseguenze positive per chi li aiuta.;Non ci sono personaggi positivi che sostengono idee razziste senza conseguenze, né stereotipi etnici trattati come normali o divertenti. Le resistenze e i pregiudizi sono contestati e superati, e la narrazione non normalizza mai il pregiudizio. I personaggi che esprimono diffidenza sono messi in discussione e la direzione morale è chiara.;Non si arriva a una vera analisi strutturale delle cause sistemiche del razzismo né a una centralità assoluta delle voci marginalizzate. L'episodio si concentra più sulla dimensione umana e pratica dell'accoglienza, senza proporre soluzioni concrete per l'equità né una critica esplicita alle strutture di potere. Il focus resta sulla gestione dell'emergenza e sulla crescita personale dei protagonisti, non su un cambiamento trasformativo della società.
MEDICINA GENERALE;01;12;Medicina generaleS01E12;01/06/2008;7;+2;L'episodio affronta il tema dei bambini curdi malati di talassemia, evidenziando le difficoltà legate alla guerra, alla carenza di sangue e alle barriere culturali e religiose. I personaggi principali si impegnano attivamente per garantire cure e dignità ai piccoli pazienti e alle loro famiglie, nonostante le difficoltà logistiche e le resistenze burocratiche. Le differenze culturali (ad esempio la richiesta di carne sgozzata secondo il rito religioso, la necessità di una donna per assistere il bambino) sono trattate con rispetto e senza ironia o giudizio. I commenti problematici (come 'sono tremendi, eh' o alcune battute sulle abitudini) sono marginali e spesso contestati o ridimensionati dai protagonisti. L'episodio mostra empatia, dialogo e crescita dei personaggi nell'affrontare le diversità, con conseguenze positive per chi si impegna contro il pregiudizio.;"Non ci sono stereotipi etnici riprodotti in modo acritico o normalizzazione del pregiudizio; i personaggi che manifestano resistenze o battute problematiche vengono messi in secondo piano o corretti. La narrazione dominante è quella dell'impegno e della solidarietà.";"Non si arriva a una vera analisi strutturale del razzismo o delle sue cause sistemiche; le voci marginalizzate (i curdi) sono presenti ma non centrali né pienamente autorevoli nella narrazione. L'episodio si concentra sull'assistenza e il superamento delle barriere, ma non propone soluzioni concrete per l'equità né una critica esplicita alle strutture di potere."
MEDICINA GENERALE;01;12;Medicina generaleS01E12;01/06/2008;8;+2;L'episodio affronta la presenza di bambini curdi malati in un ospedale italiano, mostrando difficoltà logistiche e culturali, ma anche una forte volontà di cura e accoglienza. Il razzismo non viene mai sostenuto né normalizzato: i personaggi che esprimono resistenze o battute sulle differenze culturali (ad esempio sulle abitudini alimentari o sulla gestione familiare) sono messi in secondo piano, mentre la narrazione si concentra sull'impegno dei medici e infermieri nell'assistenza. Le difficoltà sono presentate come problemi pratici e sociali, non come motivi di esclusione. I bambini e le famiglie curde sono trattati con rispetto, vengono ascoltati, aiutati e la loro presenza è vista come una sfida da affrontare con professionalità e umanità. C'è un dibattito esplicito sulle responsabilità dell'ospedale, e i personaggi crescono superando le proprie reticenze. La narrazione sottolinea la necessità di solidarietà, la centralità delle voci marginalizzate (i bambini e le madri), e mostra conseguenze negative per chi si oppone all'accoglienza. L'episodio si impegna criticamente contro il razzismo, pur senza arrivare a una vera analisi sistemica.;Non ci sono personaggi razzisti rappresentati positivamente, né stereotipi etnici normalizzati o minimizzati. Le difficoltà culturali sono affrontate con rispetto, e la narrazione non giustifica mai il pregiudizio. L'orientamento dominante è chiaramente antirazzista e solidale.;L'episodio non offre una vera analisi strutturale delle cause del razzismo né soluzioni concrete per l'equità sociale. Le voci marginalizzate sono centrali nella trama, ma non vengono problematizzate le strutture di potere o il sistema sanitario in modo profondo. L'impegno è forte e consapevole, ma non trasformativo.
MEDICINA GENERALE;01;12;Medicina generaleS01E12;01/06/2008;9;+1;L'episodio presenta la questione dei bambini curdi talassemici come emergenza umanitaria, mostrando empatia e impegno da parte dello staff medico nell'accoglierli e curarli. I personaggi principali (medici e infermieri) si confrontano con difficoltà logistiche e qualche resistenza, ma mai con ostilità razzista. Alcuni dialoghi fanno riferimento alle differenze culturali (ad es. la carne sgozzata, il ruolo del capo famiglia, la necessità di una donna per accudire i bambini), ma vengono trattati con rispetto o curiosità, non con disprezzo. I bambini curdi e le loro famiglie sono mostrati come vittime di guerra e malattia, mai come minaccia. Non mancano battute o stereotipi minori (es. 'esercito dei curdi', 'sono tremendi'), ma il tono generale è di accoglienza e solidarietà. Non c'è una vera analisi strutturale del razzismo, né un dibattito esplicito, ma la narrazione è consapevole e critica verso le difficoltà che affrontano i migranti.;Non ci sono personaggi positivi che esprimano idee razziste o che normalizzino il pregiudizio. Le difficoltà sono burocratiche e logistiche, non ideologiche. I commenti stereotipati sono marginali e non sostenuti dalla narrazione.;L'episodio non affronta il razzismo come problema sociale in modo esplicito (+2), né offre una critica alle strutture di potere o soluzioni concrete (+3). Le voci marginalizzate (i curdi) non sono centrali nella narrazione, che rimane focalizzata sul personale medico italiano.
MEDICINA GENERALE;01;12;Medicina generaleS01E12;01/06/2008;10;+2;L'episodio affronta il tema della presenza di bambini curdi talassemici in ospedale, evidenziando le difficoltà logistiche e sanitarie, ma anche le resistenze e le paure del personale. Nonostante alcune battute stereotipate (sul cibo, sulla religione, sulla gestione familiare), il tono generale è di impegno concreto e compassione: i medici si mobilitano per garantire cure e trasfusioni, si discutono le problematiche sistemiche (mancanza di sangue, guerra, trasferimenti), e si sottolinea la dignità dei pazienti e delle loro famiglie. Le difficoltà di comunicazione sono trattate con rispetto e pazienza, e le voci dei migranti sono ascoltate, anche se non sempre centrali. La narrazione mostra consapevolezza dei limiti del sistema sanitario e delle barriere culturali, ma il messaggio prevalente è quello dell'accoglienza e della responsabilità sociale. I comportamenti discriminatori sono contestati o ridicolizzati, e le conseguenze negative della mancata assistenza sono esplicitate. L'episodio non arriva a una critica strutturale del razzismo, ma si impegna attivamente nel superare i pregiudizi e nell'affrontare il problema.;Non assegno un punteggio più basso perché i personaggi positivi (medici, infermieri) si impegnano attivamente per aiutare i bambini curdi, contestando resistenze e mostrando empatia. Le battute stereotipate non sono mai il messaggio dominante, e il pregiudizio non viene normalizzato né sostenuto.;Non assegno +3 perché, pur mostrando impegno e consapevolezza, l'episodio non centra le voci marginalizzate né sviluppa una critica profonda alle strutture di potere o alle cause sistemiche del razzismo. La narrazione resta focalizzata sull'emergenza e sulla risposta individuale, senza proporre soluzioni concrete per l'equità né analizzare il razzismo in modo trasformativo.
MEDICINA GENERALE;01;13;Medicina generaleS01E13;02/06/2008;1;+1;L'episodio è ambientato tra Italia e India e presenta interazioni tra personaggi italiani e indiani. La narrazione mostra consapevolezza delle differenze culturali e sociali, senza mai scadere in battute o stereotipi razzisti espliciti. Alcuni personaggi italiani esprimono disagio o incomprensione verso le abitudini locali (es. cibo, traffico, povertà), ma questi elementi sono trattati con ironia e autocritica, non come giudizio negativo sugli indiani. I personaggi indiani sono rappresentati con dignità e competenza (medici, tecnici, bambini), e le difficoltà sociali (bambini sfruttati, povertà) sono affrontate con empatia. Quando emergono pregiudizi o atteggiamenti eurocentrici (es. 'noi non siamo qui per metterci a posto la coscienza'), vengono contestati o ridimensionati dai personaggi locali o dalla narrazione stessa. Non c'è una vera analisi strutturale del razzismo, ma la presenza di dialoghi consapevoli e il rispetto reciproco portano a un punteggio positivo.;Non ci sono stereotipi etnici riprodotti acriticamente, né battute o atteggiamenti razzisti normalizzati. I personaggi di diverse etnie hanno ruoli complessi e non sono ridotti a cliché. Gli eventuali momenti di incomprensione culturale sono trattati con ironia e autoconsapevolezza, non come normalizzazione del pregiudizio.;L'episodio non offre una vera analisi delle cause sistemiche del razzismo né un inquadramento trasformativo. Il razzismo non è affrontato come problema sociale centrale e non c'è un dibattito esplicito o una crescita dei personaggi rispetto ai pregiudizi. Le voci marginalizzate (es. i bambini di strada) sono presenti ma non centrali nella narrazione, che rimane focalizzata sui protagonisti italiani.
MEDICINA GENERALE;01;13;Medicina generaleS01E13;02/06/2008;2;+1;"L'episodio è ambientato tra Italia e India e affronta il tema della povertà infantile in India, con particolare attenzione a un bambino di strada gravemente malato. I personaggi italiani mostrano empatia e desiderio di aiutare, e c'è consapevolezza delle differenze culturali (ad esempio la questione del cibo, la fiducia, le abitudini). Alcune battute e atteggiamenti mostrano ingenuità o stereotipi occidentali (sul caldo, sugli odori, sulle abitudini locali), ma non sono mai denigratori e vengono spesso contestualizzati o ridimensionati da personaggi più consapevoli (come Thomas, di origine indiana). Non vi sono personaggi indiani ridicolizzati o trattati con inferiorità; anzi, i medici locali sono presentati come competenti e autorevoli. Il razzismo non è tema centrale, ma la narrazione mostra rispetto e una certa autocritica degli italiani verso i propri pregiudizi. La rappresentazione è consapevole, ma non si spinge verso un'analisi strutturale o una critica esplicita del razzismo.";Non ci sono stereotipi etnici presentati come normali o battute razziste incontestate. I personaggi indiani sono trattati con rispetto e non ridotti a cliché. Gli atteggiamenti problematici sono minimi e spesso corretti o contestualizzati.;L'episodio non affronta il razzismo come problema sociale né analizza le cause sistemiche della discriminazione. Le voci marginalizzate non sono centrali e non c'è una critica esplicita alle strutture di potere. La narrazione si limita a una consapevolezza rispettosa senza approfondire il tema in chiave trasformativa.
MEDICINA GENERALE;01;13;Medicina generaleS01E13;02/06/2008;3;+1;"L'episodio è ambientato tra Italia e India e presenta diversi personaggi indiani (Thomas, Vikram, il bambino di strada Tipo) con ruoli significativi. La narrazione mostra consapevolezza delle differenze culturali (ad es. la scena sui dabbawala, le abitudini alimentari, la questione della fiducia nel cibo cucinato da persone di cui ci si fida). Alcuni personaggi italiani fanno osservazioni ingenue o stereotipate sull'India (caos, odori, povertà), ma vengono spesso corretti o messi in prospettiva da personaggi indiani o da altri italiani più consapevoli. Il tema della povertà infantile e dello sfruttamento dei bambini di strada viene affrontato con empatia, senza paternalismo eccessivo: il protagonista vuole aiutare il bambino, ma la narrazione evidenzia anche la complessità della situazione, lasciando spazio alle voci locali. Non ci sono battute razziste o stereotipi etnici usati per ridicolizzare i personaggi indiani; anzi, si sottolinea il rispetto per la cultura locale e la necessità di collaborazione. Tuttavia, manca una vera analisi strutturale delle cause della povertà o del razzismo, e le voci marginalizzate (come quella di Tipo) restano in secondo piano rispetto ai protagonisti italiani. Nel complesso, l'episodio mostra una rappresentazione consapevole e rispettosa della diversità, senza però spingersi verso un impegno critico o trasformativo.";Non ci sono scene in cui stereotipi vengono normalizzati o presentati come divertenti senza critica, né personaggi positivi esprimono idee razziste. Gli eventuali pregiudizi sono attribuiti a ingenuità o vengono corretti, e il tono generale è rispettoso.;"L'episodio non affronta il razzismo come problema sociale né propone soluzioni concrete; manca un vero dibattito esplicito sulle discriminazioni o sulle strutture di potere. Le voci indiane sono presenti ma non centrali o autorevoli quanto quelle italiane, e la narrazione resta focalizzata sul punto di vista occidentale."
MEDICINA GENERALE;01;13;Medicina generaleS01E13;02/06/2008;4;+1;"L'episodio si svolge tra Italia e India, con la presenza di personaggi italiani e indiani che interagiscono sia in ambito medico che personale. Vengono rappresentate alcune difficoltà di comunicazione e differenze culturali (ad esempio, il cibo, le abitudini, il pudore), ma il tono generale è di rispetto e curiosità. I personaggi indiani hanno ruoli professionali (medici, tecnici) e non sono ridotti a stereotipi negativi; anzi, in più momenti sottolineano la richiesta di rispetto e la volontà di non essere trattati come 'paese del terzo mondo'. C'è consapevolezza delle differenze, ma anche autoironia e dialogo. Alcuni personaggi italiani mostrano ingenuità o piccoli pregiudizi (es. sul cibo o sulle abitudini), ma vengono corretti o ridicolizzati in modo bonario. Non ci sono battute o situazioni razziste gravi, né stereotipi offensivi dominanti. Il personaggio indiano Thomas ha un ruolo centrale e viene trattato con rispetto. L'episodio mostra consapevolezza degli stereotipi e li supera, pur senza affrontare in modo strutturale il razzismo.";Non ci sono elementi di sostegno o normalizzazione del pregiudizio: i pochi stereotipi o ingenuità sono contestualizzati, corretti o trattati con ironia, e i personaggi di origine non italiana non sono ridicolizzati né marginalizzati.;L'episodio non affronta il razzismo come problema sociale né propone una critica strutturale alle disuguaglianze: la narrazione si limita a mostrare rispetto e consapevolezza, senza approfondire le cause sistemiche o dare centralità alle voci marginalizzate.
MEDICINA GENERALE;01;13;Medicina generaleS01E13;02/06/2008;5;+1;"L'episodio presenta una narrazione in cui la diversità etnica (soprattutto attraverso i personaggi indiani e il contesto di Mumbai) è trattata con rispetto e consapevolezza. I personaggi italiani si confrontano con la realtà indiana senza mai scadere in veri e propri stereotipi razzisti o pregiudizi gravi; anzi, alcuni dialoghi sottolineano la complessità culturale (ad esempio la questione del cibo, della fiducia, delle abitudini). I pochi commenti potenzialmente problematici (es. 'occidentale, presuntuoso') sono attribuiti a personaggi che li usano in modo autoironico o per stimolare una riflessione. Le voci indiane sono autorevoli e contestano l'atteggiamento paternalistico occidentale. Non ci sono battute razziste, né stereotipi etnici usati per ridicolizzare. La narrazione mostra consapevolezza delle differenze e delle difficoltà di comunicazione, ma senza mai normalizzare il pregiudizio.";Non ci sono elementi di normalizzazione del pregiudizio o stereotipi incontestati. Nessun personaggio di etnia diversa è ridotto a cliché o trattato con distanza ironica. I personaggi italiani non esprimono mai razzismo o superiorità, e quando emergono incomprensioni culturali sono trattate con rispetto e curiosità.;L'episodio non si impegna in un'analisi strutturale del razzismo (+3), né affronta il razzismo come problema sociale esplicito (+2): la questione razziale rimane sullo sfondo, legata al contesto e alle differenze culturali, senza mai diventare oggetto di dibattito o denuncia. La centralità delle voci marginalizzate è parziale: i personaggi indiani sono presenti e autorevoli, ma la prospettiva resta prevalentemente italiana.
MEDICINA GENERALE;01;13;Medicina generaleS01E13;02/06/2008;6;+1;L'episodio si svolge tra Italia e India e presenta una varietà di personaggi italiani e indiani. La narrazione mostra consapevolezza delle differenze culturali (ad esempio, la scena dei dabbawala, le abitudini alimentari, la diffidenza verso l'Occidente), e i personaggi italiani si confrontano con la realtà indiana senza paternalismo eccessivo. Alcuni stereotipi culturali emergono (sul cibo, sul traffico, sulle condizioni igieniche), ma vengono spesso contestualizzati o problematizzati, e non sono mai usati per ridicolizzare o sminuire i personaggi indiani. I personaggi indiani hanno ruoli attivi e autorevoli (medici, tecnici, mediatori), e la narrazione riconosce la dignità e la complessità dei bambini di strada, evitando pietismo facile. I commenti problematici sono attribuiti a personaggi secondari o sono subito ridimensionati. La diversità è trattata con rispetto e consapevolezza, senza però arrivare a un vero impegno critico o a una riflessione sulle cause strutturali della povertà o della discriminazione.;Non ci sono elementi di normalizzazione o minimizzazione del pregiudizio: i personaggi italiani non esprimono mai giudizi razzisti o superiorità etnica, e le differenze culturali sono trattate con curiosità e rispetto, non con scherno. Gli stereotipi che emergono (es. traffico, povertà) sono più legati a cliché turistici che a razzismo vero e proprio, e vengono spesso problematizzati dai personaggi stessi.;L'episodio non offre una vera analisi critica del razzismo o delle sue cause strutturali (+2/+3). Non c'è un dibattito esplicito sul tema, né una messa in discussione delle strutture di potere o delle dinamiche di sfruttamento. L'impegno critico resta sullo sfondo: la narrazione si limita a mostrare rispetto e consapevolezza, ma non va oltre la rappresentazione dignitosa e la sensibilità interculturale.
MEDICINA GENERALE;01;13;Medicina generaleS01E13;02/06/2008;7;+1;"L'episodio presenta una narrazione in cui la diversità etnica è visibile (personaggi indiani, ambientazione a Mumbai, dialoghi su differenze culturali e sociali) e affronta alcune tematiche di disparità (povertà, bambini sfruttati, percezione dell'India come 'paese del terzo mondo'). Tuttavia, la rappresentazione si mantiene su un piano principalmente umanista e medico: i protagonisti italiani mostrano empatia, desiderio di aiutare e rispetto per i colleghi e i pazienti indiani. Gli stereotipi (es. caos, povertà, traffico, diffidenza verso il cibo locale) sono presenti ma vengono spesso problematizzati o contestualizzati, sia dai personaggi indiani che da quelli italiani più consapevoli (es. Thomas spiega le ragioni culturali dietro certe abitudini; i medici indiani rivendicano rispetto e collaborazione). Non ci sono battute o atteggiamenti apertamente razzisti non contestati, e i personaggi positivi si mostrano rispettosi e aperti. Il razzismo non è il tema centrale, ma c'è una consapevolezza critica degli stereotipi e delle dinamiche di potere, anche se solo accennata.";Non assegno un punteggio più basso perché, pur in presenza di alcuni stereotipi e di un certo sguardo occidentale sull'India, questi elementi non sono mai normalizzati né presentati come innocui: vengono discussi, contestati o ridimensionati. I personaggi italiani non sono mai apertamente razzisti e, anzi, si sforzano di comprendere e rispettare la cultura locale. Non c'è normalizzazione del pregiudizio né minimizzazione della diversità.;Non assegno +2 perché il razzismo non viene affrontato come problema sociale esplicito, né c'è un impegno attivo a sfidare i pregiudizi o una crescita esplicita dei personaggi su questi temi. La struttura narrativa rimane focalizzata su dinamiche personali e mediche, senza una vera analisi delle cause sistemiche della discriminazione o una centralità delle voci marginalizzate. La critica agli stereotipi è presente ma non approfondita o trasformativa.
MEDICINA GENERALE;01;13;Medicina generaleS01E13;02/06/2008;8;+1;"L'episodio è ambientato tra Italia e India e presenta personaggi italiani e indiani che collaborano in ambito medico. La narrazione mostra consapevolezza delle differenze culturali (es. il cibo, le abitudini, la religione) e include momenti in cui i personaggi italiani si confrontano con i propri limiti e pregiudizi (ad es. battute sull'igiene, il traffico, la povertà). Tuttavia, questi elementi sono trattati con una certa ironia e autocritica, e i personaggi positivi mostrano rispetto e apertura verso la diversità. Le voci indiane sono presenti e autorevoli, ma non centrali: la prospettiva resta prevalentemente italiana. Non ci sono stereotipi offensivi né discriminazione attiva; i pochi cliché (sul cibo, sul traffico, ecc.) sono contestualizzati e non veicolano un messaggio negativo. In alcuni dialoghi emerge la consapevolezza di non voler 'aggiustare la coscienza' o di non voler essere percepiti come 'salvatori', segno di riflessione critica, anche se non si arriva mai a una vera analisi strutturale del razzismo o delle disuguaglianze.";Non ci sono elementi di normalizzazione o minimizzazione del pregiudizio: i personaggi italiani non esprimono mai giudizi razzisti o superiorità, e quando emergono differenze culturali sono trattate con rispetto o ironia consapevole. Non si trovano stereotipi etnici dannosi né battute razziste incontestate.;L'episodio non affronta il razzismo come problema sociale (manca un vero dibattito o una sfida attiva ai pregiudizi), né offre una critica strutturale alle disuguaglianze. Le voci indiane sono importanti, ma non centrali o trasformative: la narrazione resta focalizzata sui personaggi italiani e sulle loro dinamiche. Non si propongono soluzioni concrete per l'equità, né si esplorano le cause sistemiche della discriminazione.
MEDICINA GENERALE;01;13;Medicina generaleS01E13;02/06/2008;9;+1;L'episodio è ambientato tra Italia e India e presenta diversi personaggi indiani, tra cui Thomas (medico di origine indiana che lavora in Italia) e colleghi indiani a Mumbai. La narrazione mostra una certa consapevolezza delle differenze culturali (es. la scena dei dabbawala, il cibo, i riferimenti alle abitudini locali) e non indulge in stereotipi razzisti marcati. I personaggi italiani a volte fanno domande ingenue o mostrano un certo spaesamento, ma non c'è disprezzo o superiorità esplicita. Le battute su “essere troppo indiano” sono contestualizzate e non offensive. L'episodio affronta anche il tema dello sfruttamento minorile in India, mostrando empatia verso i bambini di strada e criticando chi li sfrutta. I personaggi indiani hanno ruoli professionali e autorevoli (medici, tecnici, ecc.), non sono ridotti a cliché. Alcuni piccoli stereotipi o semplificazioni ci sono (lo spaesamento degli italiani, qualche battuta sulla cultura locale), ma il tono generale è rispettoso e consapevole.;"Non ci sono scene o battute che normalizzano o sostengono il pregiudizio razziale; i personaggi indiani non sono oggetto di scherno, né ridotti a macchiette. Gli italiani non esprimono mai superiorità o disprezzo verso gli indiani, e quando emergono differenze culturali, sono trattate con curiosità o rispetto, non con giudizio.";"L'episodio non sviluppa una vera analisi strutturale del razzismo (+3) né affronta il razzismo come problema sociale esplicito (+2); la questione razziale rimane sullo sfondo, trattata con rispetto ma senza un impegno critico approfondito. Non ci sono dibattiti espliciti su discriminazione o pregiudizi, né viene data centralità alle voci marginalizzate. La consapevolezza è presente, ma non si va oltre il riconoscimento rispettoso."
MEDICINA GENERALE;01;13;Medicina generaleS01E13;02/06/2008;10;+1;L'episodio è ambientato in parte in Italia e in parte in India, con diversi personaggi italiani che si confrontano con la realtà indiana. I personaggi indiani sono rappresentati con dignità e competenza (es. il dottor Vikram Roy è presentato come autorevole e professionale), e la narrazione mostra consapevolezza delle differenze culturali, anche attraverso dialoghi che riflettono sulle abitudini alimentari, la fiducia nel cibo, e le difficoltà di comunicazione. Alcuni stereotipi (es. il traffico, la povertà, la confusione) sono presenti ma vengono spesso problematizzati o contestualizzati, e non sono mai usati per ridicolizzare o sminuire i personaggi indiani. I protagonisti italiani mostrano rispetto e volontà di aiutare, e quando emergono atteggiamenti occidentali presuntuosi, vengono riconosciuti e discussi (es. Thomas che accusa i colleghi di vedere solo ciò che 'li fa restare poveri'). Non c'è un vero approfondimento delle cause strutturali del razzismo, ma c'è una chiara consapevolezza degli stereotipi e una volontà di superarli.;"Non ci sono battute o atteggiamenti razzisti normalizzati o presentati come innocui; i pochi stereotipi presenti sono contestualizzati e non dominano la narrazione. I personaggi indiani non sono ridotti a cliché, e la loro voce è rispettata. La narrazione non normalizza il pregiudizio né minimizza la diversità.";L'episodio non affronta il razzismo come problema sociale né offre una critica strutturale alle disuguaglianze: la discriminazione non è tema centrale, e le voci marginalizzate, pur presenti, non sono al centro della narrazione. L'approccio è consapevole ma non trasformativo o profondamente critico.
MEDICINA GENERALE;02;14;Medicina generaleS02E14;13/01/2010;1;+1;L'episodio presenta diversi personaggi di origine straniera (ad esempio il diabetico musulmano, i bambini e le famiglie del campo nomadi) inseriti nel contesto ospedaliero senza che la loro etnia sia ridotta a puro stereotipo. La narrazione mostra consapevolezza delle difficoltà sociali (ad esempio l'analfabetismo tra i destinatari delle campagne sanitarie, la precarietà igienica nei campi nomadi) e i medici si impegnano attivamente per aiutare anche chi è ai margini (vaccinazioni e cure nel campo rom). I pochi commenti potenzialmente problematici (come la battuta sul diabetico musulmano) non sono enfatizzati né sostenuti dalla narrazione, e i personaggi positivi mostrano rispetto e attenzione verso la diversità. Tuttavia, il razzismo non viene affrontato come problema sociale esplicito e non si arriva a una critica strutturale delle discriminazioni.;Non ci sono stereotipi etnici riprodotti senza consapevolezza, né battute razziste normalizzate o presentate come innocue. I personaggi stranieri non sono ridotti a cliché e vengono trattati con rispetto. La presenza di scene di aiuto concreto ai rom e la consapevolezza delle loro difficoltà sociali escludono punteggi negativi.;L'episodio non sviluppa un vero dibattito sul razzismo, né mostra personaggi che sfidano attivamente pregiudizi o affrontano le cause sistemiche della discriminazione. Le voci marginalizzate non sono centrali nella narrazione e il focus resta sulle dinamiche ospedaliere, non su un impegno critico o trasformativo rispetto al razzismo.
MEDICINA GENERALE;02;14;Medicina generaleS02E14;13/01/2010;2;+1;L'episodio presenta una breve scena ambientata in un campo nomadi, con la presenza di bambini e adulti rom. L'approccio dei medici è pragmatico e rispettoso: si recano sul posto per curare un bambino malato e vaccinare altri, senza mostrare pregiudizi o paternalismo eccessivo. I personaggi rom sono trattati come persone con bisogni sanitari, non ridotti a stereotipi criminali o folkloristici. Viene menzionata la difficoltà di alfabetizzazione, ma il tono è realistico e non derisorio. Non ci sono battute razziste, né distacco ironico o superiorità morale. L'unico accenno problematico è una battuta di un medico (“l’ha acquistata la loro fiducia”), ma viene subito ridimensionata dal contesto e non è centrale. Nel complesso, la narrazione mostra consapevolezza delle condizioni di marginalità e si concentra sull'accesso alle cure, senza spettacolarizzare o stigmatizzare.;Non ci sono stereotipi negativi, né normalizzazione del pregiudizio. I personaggi rom sono trattati con rispetto e la loro condizione è affrontata con empatia. L'episodio non minimizza né ridicolizza la diversità.;L'episodio non offre una vera analisi strutturale del razzismo né un impegno esplicito a sfidare i pregiudizi sociali: la questione razziale è affrontata solo come ostacolo pratico (accesso alle cure, alfabetizzazione), senza approfondire le cause sistemiche della marginalizzazione né dare voce autonoma ai personaggi rom. L'approccio è consapevole ma non trasformativo.
MEDICINA GENERALE;02;14;Medicina generaleS02E14;13/01/2010;3;+1;L'episodio presenta alcune situazioni in cui compaiono personaggi rom (bambini che lavano i vetri, campo nomadi), ma la narrazione evita sia la caricatura che la criminalizzazione. I protagonisti (medici) si avvicinano al campo nomadi con rispetto, si preoccupano della salute dei bambini e offrono cure senza paternalismo o ironia. I personaggi rom vengono chiamati per nome, hanno voce e spazio, e non sono ridotti a semplici stereotipi. Tuttavia, la presenza di alcune battute (es. 'Anche noi laviamo vetri!') e la rappresentazione dei rom come marginalizzati non viene approfondita in chiave strutturale o critica verso la società, ma resta sul piano dell'empatia individuale e della buona volontà. Non ci sono elementi di contestazione esplicita dei pregiudizi, né una vera analisi delle cause della marginalità. Il tono generale è rispettoso e consapevole, ma non si spinge oltre il riconoscimento della dignità e della necessità di cura.;Non assegno un punteggio inferiore perché non ci sono stereotipi negativi non contestati, né battute razziste normalizzate. I personaggi positivi mostrano rispetto e attenzione verso i rom e i migranti, e non si percepisce alcuna normalizzazione del pregiudizio.;Non assegno +2 o +3 perché l'episodio non affronta il razzismo come problema sociale né propone una critica strutturale. Non ci sono discussioni esplicite sui pregiudizi, né una centralità delle voci marginalizzate nella narrazione. L'approccio resta individuale e pragmatico, senza approfondimenti sulle cause o soluzioni sistemiche.
MEDICINA GENERALE;02;14;Medicina generaleS02E14;13/01/2010;4;+1;L'episodio include la presenza di personaggi di minoranze etniche (ad esempio, il diabetico musulmano e i bambini rom del campo nomadi). La narrazione mostra consapevolezza e rispetto: i bambini rom vengono curati con attenzione e senza paternalismo, e non emergono battute o commenti razzisti da parte dei protagonisti. L'unico riferimento potenzialmente problematico è la battuta ironica 'Anche noi laviamo vetri!', ma viene presentata in modo neutro e senza carica offensiva, e non è accompagnata da reazioni negative o stereotipi ulteriori. I personaggi positivi (medici e infermieri) si impegnano attivamente per aiutare i bambini rom, mostrando empatia e professionalità. Non c'è una critica esplicita alle strutture di potere o un'analisi sistemica del razzismo, ma la rappresentazione è consapevole e rispettosa.;Non ci sono stereotipi etnici riprodotti acriticamente, né battute o atteggiamenti razzisti normalizzati. I personaggi di minoranza non sono ridotti a cliché e vengono trattati con dignità. La presenza di diversità non è superficiale, ma integrata nella trama con rispetto.;L'episodio non affronta il razzismo come problema sociale in modo esplicito (+2), né offre una critica strutturale o soluzioni concrete (+3). La questione della discriminazione viene trattata in modo implicito attraverso l'azione dei personaggi, senza un dibattito esplicito o una messa in discussione delle strutture di potere.
MEDICINA GENERALE;02;14;Medicina generaleS02E14;13/01/2010;5;+1;L'episodio presenta alcune situazioni in cui emergono riferimenti a minoranze (ad esempio il campo nomadi, bambini rom, e la battuta 'diabetico musulmano'), ma la narrazione dominante è di rispetto e attenzione medica verso tutti, senza che i personaggi positivi mostrino pregiudizi. Le battute potenzialmente problematiche (come 'diabetico musulmano') sono presentate senza enfasi e non sono centrali, mentre i personaggi principali si impegnano attivamente per aiutare i bambini rom senza paternalismo e con un atteggiamento di cura. Non ci sono stereotipi marcati né discriminazioni normalizzate, e la diversità è trattata con una certa consapevolezza, anche se non si arriva a una critica strutturale del razzismo.;Non assegno un punteggio inferiore perché i pochi riferimenti potenzialmente problematici non sono mai normalizzati o sostenuti dalla narrazione, e i personaggi principali si comportano in modo rispettoso e inclusivo verso i gruppi minoritari. Non c'è minimizzazione né normalizzazione del pregiudizio.;Non assegno +2 o +3 perché l'episodio non affronta il razzismo come problema sociale esplicito, né propone una critica strutturale o soluzioni concrete. La presenza di minoranze è trattata con rispetto, ma senza approfondire le cause sistemiche della discriminazione o dare voce centrale ai soggetti marginalizzati.
MEDICINA GENERALE;02;14;Medicina generaleS02E14;13/01/2010;6;+1;L'episodio presenta alcuni riferimenti a personaggi di origine straniera (ad esempio il 'diabetico musulmano' e la scena nel campo nomadi con bambini rom). I personaggi rom vengono mostrati come destinatari di cure mediche e attenzione, senza particolare pietismo né stereotipi marcati. Il tono generale è pragmatico e rispettoso: la protagonista si reca nel campo nomadi per aiutare i bambini, mostrando attenzione e rispetto, e non ci sono battute o commenti razzisti da parte dei personaggi principali. L'unico accenno potenzialmente problematico è la battuta 'l'ha acquistata la loro fiducia', ma viene subito ridimensionata e contestualizzata come ironia tra colleghi. Nel complesso, l'episodio mostra consapevolezza della diversità e la tratta con rispetto, senza però approfondire le cause strutturali della discriminazione.;Non ci sono stereotipi etnici marcati, né battute o atteggiamenti razzisti normalizzati. I personaggi di origine straniera non sono ridotti a cliché e vengono trattati con rispetto e attenzione. La narrazione non minimizza né normalizza il pregiudizio.;L'episodio non affronta il razzismo come problema sociale né propone un'analisi critica delle sue cause sistemiche. Le voci marginalizzate (es. i rom) non sono centrali nella narrazione e non c'è un vero dibattito o crescita dei personaggi rispetto ai temi razziali. La rappresentazione è rispettosa e consapevole, ma non trasformativa o strutturalmente critica.
MEDICINA GENERALE;02;14;Medicina generaleS02E14;13/01/2010;7;+1;L'episodio presenta la presenza di personaggi rom (bambini che 'lavorano i vetri', famiglie in un campo nomadi) e un medico musulmano. I rom sono rappresentati con alcuni stereotipi (bambini che lavano vetri, difficoltà linguistiche, povertà), ma la narrazione mostra empatia verso di loro: i medici si recano nel campo, curano i bambini, cercano di prevenire un'epidemia e si sforzano di comunicare e aiutare. Non c'è distanza ironica né critica verso la loro condizione, ma nemmeno una problematizzazione profonda delle cause della marginalità. Il medico musulmano viene menzionato come 'diabetico musulmano' in modo neutro, senza battute o pregiudizi. Gli unici commenti potenzialmente problematici ('l'ha acquistata la fiducia dei rom', 'la maggior parte delle persone a cui ci rivolgiamo non sa leggere') sono attribuiti a personaggi che vengono messi in discussione o sono presentati come cinici. Nel complesso, il tono è di rispetto e attenzione, con consapevolezza delle difficoltà sociali, ma senza approfondire le cause strutturali.;Non assegno un punteggio inferiore perché la narrazione non normalizza né minimizza i pregiudizi: i personaggi principali mostrano empatia e rispetto, e non ci sono battute o stereotipi presentati come divertenti o innocui. I pochi commenti problematici sono contestualizzati e non rappresentano la posizione dominante.;"Non assegno +2 o +3 perché l'episodio non affronta il razzismo come problema sociale esplicito, né propone un'analisi strutturale della discriminazione. I rom restano marginali nella narrazione e la loro voce non è centrale; non si discute delle cause della loro esclusione, né si propongono soluzioni concrete per l'equità."
MEDICINA GENERALE;02;14;Medicina generaleS02E14;13/01/2010;8;+2;"L'episodio affronta direttamente la questione della marginalità dei rom/nomadi in Italia, mostrando un campo nomadi e la difficoltà di accesso alle cure. I personaggi principali si impegnano attivamente per aiutare i bambini rom, portando vaccini e cure, e la narrazione sottolinea la necessità di superare le barriere sociali e igieniche. Non ci sono battute o stereotipi negativi sui rom; anzi, i dottori mostrano rispetto e si sforzano di instaurare fiducia. Il razzismo istituzionale (difficoltà di accesso, analfabetismo) viene riconosciuto e affrontato come problema sociale. I protagonisti crescono nella consapevolezza e agiscono per l'inclusione.";Non ci sono elementi di normalizzazione o minimizzazione del pregiudizio: nessun personaggio positivo esprime stereotipi o commenti discriminatori, e la narrazione è chiaramente schierata contro l'esclusione sociale.;L'episodio non arriva a una vera analisi strutturale delle cause sistemiche del razzismo né dà voce centrale ai personaggi rom, che restano in posizione marginale e non protagonisti attivi della narrazione. Le soluzioni proposte sono pratiche e solidali, ma non si discute in profondità di equità o di critica alle strutture di potere.
MEDICINA GENERALE;02;14;Medicina generaleS02E14;13/01/2010;9;+1;L'episodio presenta alcune scene che coinvolgono personaggi rom (bambini che 'lavano vetri', campo nomadi) e un personaggio musulmano. I riferimenti etnici sono presenti ma generalmente neutrali o trattati con rispetto: la scena del campo nomadi mostra i medici che si impegnano per curare i bambini, senza paternalismo e con un atteggiamento di servizio. I bambini rom non sono ridicolizzati né criminalizzati, e la narrazione si concentra sull'accesso alle cure e sulle difficoltà sociali, senza insistere su stereotipi negativi. L'unico commento potenzialmente problematico ('Anche noi laviamo vetri!') è presentato come una constatazione della realtà sociale, non come scherno. Il personaggio musulmano viene menzionato solo per la dieta, senza ironia o giudizio. Non ci sono battute razziste né stereotipi marcati, e i personaggi 'diversi' sono trattati con dignità. Tuttavia, manca un vero approfondimento critico o una discussione strutturale sul razzismo: la narrazione si limita a mostrare empatia e rispetto, senza andare oltre.;Non ci sono stereotipi offensivi, battute razziste o normalizzazione del pregiudizio. I personaggi rom e il musulmano sono trattati con rispetto e la narrazione mostra consapevolezza della loro condizione, evitando cliché e paternalismo.;L'episodio non affronta il razzismo come problema sociale né propone una critica strutturale alle discriminazioni. Non c'è dibattito esplicito sui temi razziali, né vengono esplorate le cause sistemiche o date soluzioni concrete. La rappresentazione resta consapevole ma non trasformativa.
MEDICINA GENERALE;02;14;Medicina generaleS02E14;13/01/2010;10;+1;L'episodio contiene alcune scene che coinvolgono personaggi rom (bambini che lavano i vetri, campo nomadi) e una breve menzione di un 'diabetico musulmano'. La rappresentazione dei rom è neutra o leggermente positiva: i bambini sono mostrati come bambini normali, la dottoressa si reca spontaneamente al campo per curare un bambino malato, mostrando empatia e professionalità. Non ci sono battute o stereotipi negativi espliciti, né atteggiamenti di distanza o diffidenza da parte dei personaggi principali. Il contesto del campo nomadi viene trattato con rispetto e attenzione ai bisogni sanitari, senza pietismo e senza criminalizzazione. La breve battuta sul 'diabetico musulmano' è neutra e non viene usata per ridicolizzare o stigmatizzare. Nel complesso, la narrazione mostra consapevolezza e rispetto verso la diversità, ma non si spinge verso una critica strutturale o un approfondimento delle cause sociali della marginalizzazione.;Non ci sono stereotipi negativi, battute razziste o normalizzazione del pregiudizio. I personaggi di etnia diversa sono trattati con rispetto e la narrazione non li riduce a cliché.;L'episodio non affronta il razzismo come problema sociale né propone una riflessione sulle cause strutturali della discriminazione. La presenza di personaggi rom e migranti è gestita con empatia, ma non viene dato spazio alle loro voci o a una critica esplicita delle condizioni di marginalità.
MEDICINA GENERALE;02;15;Medicina generaleS02E15;28/01/2010;1;+1;L'episodio affronta la presenza di una famiglia rom (Cosmin, Alicia, il padre) in ospedale, mostrando sia le difficoltà di accesso alle cure sia la diffidenza reciproca tra personale sanitario e famiglia. I personaggi rom sono rappresentati con una certa dignità e complessità (preoccupazione per i figli, paura dei servizi sociali, diffidenza verso le istituzioni), e il personale sanitario si sforza di rispettare le loro esigenze e tradizioni, pur mostrando a tratti paternalismo. Gli stereotipi sono presenti (es. il termine 'Zingarello' usato da un personaggio, la diffidenza verso la madre), ma vengono contestualizzati e non sono mai il messaggio dominante. I protagonisti principali (Anna, Giacomo) mostrano empatia, cercano soluzioni inclusive e si oppongono apertamente a decisioni affrettate o punitive. L'episodio riconosce la difficoltà sistemica, ma non arriva a una vera critica strutturale. Il messaggio implicito è che la diversità va compresa e rispettata, anche se permangono alcune ingenuità e un certo sguardo 'da fuori'.;Gli atteggiamenti problematici (sospetto, uso di stereotipi, minaccia di chiamare i servizi sociali) sono presenti ma non normalizzati: i personaggi positivi li contestano o li superano, e la narrazione mostra empatia verso la famiglia rom. Non c'è mai una vera normalizzazione del pregiudizio né una minimizzazione della diversità.;L'episodio non sviluppa una critica strutturale al razzismo né mette al centro le voci marginalizzate: la prospettiva resta quella dei medici italiani, e la soluzione è ancora paternalistica. Non c'è un vero dibattito esplicito sulle cause sociali della discriminazione, né una crescita personale profonda dei personaggi su questi temi.
MEDICINA GENERALE;02;15;Medicina generaleS02E15;28/01/2010;2;+1;"L'episodio mette in scena una famiglia rom (Cosmin, Alicia, i genitori) che si trova in ospedale per gravi problemi di salute del figlio. I personaggi rom sono rappresentati con una certa dignità e umanità: la madre è preoccupata, il padre diffidente ma protettivo, i bambini sono vivaci e affettuosi. I protagonisti italiani (medici e infermieri) mostrano empatia e cercano di aiutare la famiglia, anche quando sorgono tensioni legate alla paura dei servizi sociali e alla diffidenza verso le istituzioni. Alcuni personaggi secondari esprimono sospetti o giudizi (""Hai visto com'è trascurato quel bambino?""), ma questi vengono discussi criticamente e non sono mai la posizione dominante della narrazione. L'episodio mostra consapevolezza delle difficoltà vissute dalle famiglie rom, compresa la paura di perdere i figli per mano dei servizi sociali, e cerca di dare voce alle loro preoccupazioni. Tuttavia, la narrazione non approfondisce le cause sistemiche della discriminazione e non mette mai davvero al centro il punto di vista della famiglia rom, che rimane comunque oggetto dell'intervento dei protagonisti italiani.";Non assegno un punteggio più basso perché i personaggi rom non sono ridotti a stereotipi negativi, né il pregiudizio viene normalizzato o sostenuto. I protagonisti italiani mostrano rispetto e volontà di dialogo, e la narrazione invita lo spettatore a provare empatia per la famiglia rom.;Non assegno +2 perché il razzismo non viene affrontato come problema sociale esplicito: non ci sono dibattiti o prese di posizione forti contro la discriminazione, né una crescita dei personaggi italiani su questo tema. Non assegno +3 perché manca un'analisi strutturale delle cause della marginalizzazione dei rom e la narrazione resta centrata sul punto di vista dei medici italiani.
MEDICINA GENERALE;02;15;Medicina generaleS02E15;28/01/2010;3;+1;L'episodio ruota in parte attorno a una famiglia rom (Cosmin, Alicia e il padre), che si trova in ospedale per problemi di salute del bambino. La narrazione mostra i personaggi rom come persone in difficoltà, ma non li riduce a stereotipi negativi. Alcuni personaggi (medici e infermieri) esprimono sospetti o pregiudizi (es. 'Hai visto com'è trascurato quel bambino?', 'Se fossi governante chiamerei i servizi sociali'), ma questi commenti sono contestualizzati come parte di un dibattito realistico e non sono mai la posizione dominante della narrazione. I protagonisti principali (Anna, Giacomo) mostrano empatia, cercano il dialogo e rispettano le tradizioni della famiglia, pur insistendo sulla necessità di cure mediche. Il disagio e la paura dei genitori rom verso le istituzioni (timore di vedersi portare via i figli) sono rappresentati con rispetto e comprensione, e la soluzione finale è inclusiva: i bambini vengono curati in ospedale senza criminalizzazione delle famiglie. Non c'è una critica strutturale al razzismo, ma la narrazione evita la stereotipizzazione e mostra consapevolezza delle dinamiche di esclusione.;Non assegno un punteggio inferiore perché l'episodio non normalizza né sostiene il pregiudizio: i commenti sospettosi sono bilanciati da empatia e rispetto, e i personaggi rom non sono ridicolizzati né colpevolizzati. Il punto di vista dominante è quello dell'inclusione e della cura.;Non assegno +2 o +3 perché l'episodio non affronta il razzismo come problema sociale esplicito, né propone una critica alle strutture di potere o soluzioni trasformative. La narrazione si limita a una gestione consapevole e rispettosa della diversità, senza approfondire le cause sistemiche della discriminazione.
MEDICINA GENERALE;02;15;Medicina generaleS02E15;28/01/2010;4;+1;L'episodio affronta la presenza di una famiglia rom (Cosmin, Alicia, il padre) in ospedale, mostrando sia le difficoltà di accesso alle cure sia la diffidenza reciproca tra personale sanitario e famiglia. Emergono pregiudizi impliciti (es. sospetti sulla trascuratezza, paura che i servizi sociali portino via i figli), ma i protagonisti principali (Anna, Giacomo) si sforzano di aiutare la famiglia, cercano il dialogo e mostrano empatia. I commenti problematici (es. 'Zingarello', sospetti sulla madre) sono presenti ma non sono il messaggio dominante: il focus resta sull'aiuto concreto e sul superamento delle diffidenze. Non c'è una critica strutturale al razzismo, ma la narrazione mostra consapevolezza delle difficoltà vissute dai rom e delle paure legate all'istituzione.;Nonostante la presenza di stereotipi e diffidenza, il testo non li normalizza né li sostiene: i personaggi positivi cercano di superare i pregiudizi e di aiutare attivamente la famiglia rom. Non c'è complicità o approvazione verso atteggiamenti discriminatori.;L'episodio non sviluppa un discorso strutturale sulle cause del razzismo, né dà centralità alle voci marginalizzate: la prospettiva resta quella dei medici e il problema viene affrontato come caso individuale. Manca un vero impegno critico o trasformativo sul tema della discriminazione sistemica.
MEDICINA GENERALE;02;15;Medicina generaleS02E15;28/01/2010;5;+1;L'episodio rappresenta una famiglia rom (Cosmin, Alicia, il padre) che si trova in ospedale per gravi problemi di salute del bambino. I personaggi rom sono trattati con umanità e rispetto dai protagonisti, che si impegnano attivamente per la loro salute e cercano di mediare con i servizi sociali. Alcuni stereotipi (diffidenza verso le istituzioni, paura di perdere i figli) sono presenti ma contestualizzati come conseguenza di esperienze pregresse e non come tratti caratteriali negativi. I commenti problematici (es. 'Zingarello', sospetti sulla trascuratezza) sono attribuiti a personaggi secondari o vengono subito ridimensionati dal contesto e dalle reazioni dei protagonisti, che mostrano empatia e rispetto. La narrazione mostra consapevolezza delle difficoltà vissute dalle minoranze senza scadere nella retorica salvifica o nella vittimizzazione.;Non assegno punteggi negativi perché la rappresentazione dominante è di rispetto e di attenzione ai bisogni dei personaggi rom, con i protagonisti che si oppongono a pregiudizi e cercano soluzioni inclusive. Gli stereotipi presenti sono contestualizzati e non rafforzati.;Non assegno +2 perché il razzismo non viene affrontato come problema sociale esplicito: non c'è un dibattito diretto su pregiudizi o discriminazione, né una crescita esplicita dei personaggi su questi temi. Non c'è una critica strutturale o un'analisi delle cause sistemiche della discriminazione, e le voci dei personaggi rom, pur presenti, non sono centrali o autorevoli nella narrazione.
MEDICINA GENERALE;02;15;Medicina generaleS02E15;28/01/2010;6;+1;L'episodio presenta una famiglia rom (Cosmin, Alicia, il padre) che affronta una grave emergenza sanitaria. I personaggi rom sono trattati con umanità: vengono ascoltati, curati e difesi dai protagonisti, che si oppongono ai pregiudizi e alle paure (es. rischio di togliere i figli, sospetti di trascuratezza). Alcuni stereotipi (diffidenza verso i servizi sociali, vita nei campi, paura di essere separati dai figli) sono presenti, ma il tono generale è empatico e i protagonisti cercano di comprendere e aiutare, non di giudicare. I commenti problematici (es. 'Zingarello') sono marginali e non sostenuti dalla narrazione. L'episodio mostra consapevolezza delle difficoltà vissute dalle minoranze, ma si ferma a una rappresentazione consapevole e rispettosa, senza approfondire le cause sistemiche del razzismo.;Non assegno un punteggio più basso perché la narrazione non normalizza né sostiene il pregiudizio: i protagonisti principali si schierano attivamente per aiutare la famiglia rom, contestano implicitamente l'idea che i servizi sociali 'rubino' i bambini e mostrano rispetto per le differenze culturali.;"Non assegno +2 o +3 perché l'episodio non affronta esplicitamente il razzismo come problema sociale né analizza le sue cause strutturali; manca un vero dibattito critico o una centralità delle voci marginalizzate. La rappresentazione è positiva e consapevole, ma non trasformativa."
MEDICINA GENERALE;02;15;Medicina generaleS02E15;28/01/2010;7;+1;"L'episodio affronta la situazione di una famiglia rom (Cosmin e i suoi) che si trova in ospedale con un bambino gravemente malato. I personaggi principali (medici e infermieri) mostrano empatia e si impegnano per garantire cure adeguate nonostante le difficoltà burocratiche e la diffidenza della famiglia, dovuta a precedenti esperienze negative con i servizi sociali. Alcuni stereotipi (es. diffidenza verso le istituzioni, paura di 'portare via i bambini') sono presenti ma vengono contestualizzati come conseguenza di traumi reali e non come caratteristiche innate del gruppo. Non ci sono battute o atteggiamenti razzisti normalizzati tra i protagonisti; anzi, i personaggi positivi cercano il dialogo e il rispetto delle tradizioni, pur insistendo sulla necessità di cure mediche. Il punto di vista dominante è quello della solidarietà e della consapevolezza delle difficoltà vissute dalle minoranze, ma non si arriva a una critica strutturale o a una centralità delle voci marginalizzate.";Non ci sono personaggi positivi che esprimano pregiudizi razziali né stereotipi presentati come normali o divertenti. I protagonisti si impegnano a superare la diffidenza e a garantire assistenza, mostrando rispetto e attenzione. Le difficoltà della famiglia rom sono trattate con empatia, non con giudizio.;"L'episodio non sviluppa un vero dibattito esplicito sul razzismo né affronta le cause sistemiche della discriminazione. Le voci dei personaggi rom sono presenti ma non centrali o autorevoli; la narrazione resta focalizzata sui medici italiani. Non si arriva a un impegno critico (+2) né a un inquadramento trasformativo (+3)."
MEDICINA GENERALE;02;15;Medicina generaleS02E15;28/01/2010;8;+1;L'episodio affronta la situazione di una famiglia rom (Cosmin e la sorella) che si rivolge all'ospedale per una grave malattia. I personaggi principali (medici e infermieri) trattano i bambini e la famiglia con rispetto e preoccupazione genuina, mostrando empatia e volontà di aiutarli nonostante le difficoltà burocratiche e i pregiudizi impliciti del sistema. Alcuni personaggi secondari fanno commenti che rivelano stereotipi o sospetti ('Hai visto com'è trascurato quel bambino?', 'Se fossi governante chiamerei i servizi sociali'), ma questi vengono contestualizzati come parte di una discussione reale sulle condizioni di vita e la tutela dei minori, non come giudizio etnico. Non ci sono battute razziste o derisioni, e il focus resta sulla salute e la dignità dei bambini. L'episodio mostra consapevolezza delle difficoltà che i rom affrontano (timore di perdere i figli, diffidenza verso le istituzioni) e, pur senza approfondire le cause sistemiche, evita la stereotipizzazione e offre uno sguardo umano e rispettoso.;Non assegno un punteggio più basso perché non c'è normalizzazione del pregiudizio: i personaggi principali non esprimono mai razzismo, e la narrazione non presenta la discriminazione come accettabile o normale. I pochi sospetti o commenti problematici sono contestualizzati come preoccupazione per la salute dei bambini, non come giudizio etnico.;Non assegno +2 perché l'episodio non affronta il razzismo come problema sociale esplicito: manca un dibattito diretto sui pregiudizi o sulle discriminazioni verso i rom, e non si vedono conseguenze negative per comportamenti discriminatori. Non c'è analisi delle cause strutturali né centralità delle voci marginalizzate, quindi non può essere +3.
MEDICINA GENERALE;02;15;Medicina generaleS02E15;28/01/2010;9;+1;L'episodio affronta la situazione di una famiglia rom (Cosmin e i suoi parenti) che si trova in ospedale per gravi problemi di salute. Emergono tensioni legate al timore dei servizi sociali e alla diffidenza verso le istituzioni, ma la narrazione mostra empatia e rispetto per i personaggi rom, che vengono trattati con attenzione e umanità dai protagonisti. I medici cercano di comprendere il contesto familiare e sociale, evitando giudizi sommari e mostrando la volontà di aiutare. Alcuni stereotipi (diffidenza verso i servizi sociali, paura di 'portare via i bambini') sono presenti, ma vengono trattati come problemi reali e non come motivo di scherno. I personaggi principali mostrano rispetto e cercano il dialogo, anche quando le differenze culturali creano incomprensioni. Non c'è una critica esplicita alle strutture di potere, ma la narrazione è consapevole e critica verso i pregiudizi impliciti.;Nonostante la presenza di alcuni stereotipi e la rappresentazione della diffidenza dei rom verso le istituzioni, questi elementi non sono mai normalizzati né trattati con leggerezza. I protagonisti non esprimono pregiudizi razziali e anzi si impegnano a superare le barriere culturali, mostrando empatia e volontà di aiuto. Non ci sono battute o atteggiamenti razzisti incontestati.;L'episodio non arriva a un impegno critico strutturale (+2) o a una vera analisi delle cause sistemiche del razzismo (+3). Le voci marginalizzate sono ascoltate e rispettate, ma non sono centrali o autorevoli nella narrazione. Il razzismo viene riconosciuto come problema, ma non è oggetto di dibattito esplicito o di crescita personale significativa dei personaggi principali su questo tema.
MEDICINA GENERALE;02;15;Medicina generaleS02E15;28/01/2010;10;+1;L'episodio ruota attorno a un bambino rom (Cosmin) gravemente malato e alla sua famiglia, che vive in un campo. I personaggi principali (medici e infermieri) si impegnano per curarlo e mostrano empatia, cercando anche di comprendere la diffidenza della famiglia verso le istituzioni. Vengono menzionati i servizi sociali e la paura, da parte del padre, di vedersi portare via i figli, ma la narrazione non indulge in stereotipi negativi né ridicolizza i personaggi rom. Alcuni personaggi secondari fanno commenti sospettosi o paternalistici (es. 'Hai visto com'è trascurato quel bambino?'), ma questi non sono il messaggio dominante e vengono bilanciati da atteggiamenti di rispetto e ascolto. Il tono generale è di consapevolezza e attenzione, con i protagonisti che cercano soluzioni e mostrano rispetto per la diversità culturale, pur senza approfondire le cause strutturali della discriminazione.;Non assegno un punteggio più basso perché l'episodio non normalizza né sostiene il pregiudizio: i personaggi rom sono trattati con dignità, i protagonisti non esprimono razzismo e il focus è sull'aiuto concreto. I pochi commenti problematici sono marginali e non rappresentano la posizione dominante.;"Non assegno +2 o +3 perché l'episodio non affronta il razzismo come problema sociale esplicito né analizza le cause strutturali della discriminazione. Non c'è un dibattito aperto sul razzismo né una critica alle istituzioni; la narrazione si limita a mostrare empatia e rispetto individuale, senza un vero impegno trasformativo."
MENTAL;01;01;MentalS01E01;18/12/2020;1;+1;L'episodio presenta un gruppo di adolescenti in una clinica psichiatrica, tra cui almeno un personaggio di origine marocchina. Le battute a sfondo etnico (es. 'Black Power', 'Tandori Power', 'marocchino, che sfigato') sono esplicitamente presentate come provocazioni tra ragazzi e vengono subito ridicolizzate o corrette: il personaggio risponde con ironia e corregge lo stereotipo geografico, mostrando consapevolezza della propria identità. Non c'è alcuna normalizzazione del razzismo: le battute non sono mai sostenute dalla narrazione, né dagli altri personaggi, che anzi le trattano come parte di una dinamica giovanile di sfida e autoironia. Nessun personaggio positivo sostiene idee razziste, e la diversità etnica è trattata con una certa naturalezza, senza ridurre il personaggio a uno stereotipo.;Le battute a sfondo etnico sono isolate, contestate o ridicolizzate, e non vengono mai presentate come normali o accettabili. Il personaggio di origine marocchina non è definito solo dalla sua etnia e mostra autonomia e ironia. Non c'è minimizzazione né normalizzazione del pregiudizio.;L'episodio non affronta il razzismo come problema sociale strutturale, né mette al centro le voci marginalizzate o propone soluzioni. La questione razziale rimane sullo sfondo, trattata con consapevolezza ma senza un vero impegno critico o trasformativo.
MENTAL;01;01;MentalS01E01;18/12/2020;2;+1;"L'episodio presenta un gruppo di adolescenti in una clinica psichiatrica, tra cui un ragazzo marocchino. La sua etnia viene menzionata in modo esplicito e anche oggetto di battute (""Tandori Power"", ""marocchino, che sfigato""). Tuttavia, il personaggio risponde con consapevolezza, corregge lo stereotipo (""Tandori in realtà è indiano, io sono marocchino"") e non mostra disagio o sottomissione. Non ci sono conseguenze negative per lui, né la narrazione lo riduce a cliché etnici: il gruppo lo accetta e la sua presenza è trattata con normalità. I commenti problematici sono attribuiti a personaggi che fanno battute su tutti, non solo su base etnica, e il tono suggerisce una consapevolezza ironica e non una vera ostilità. L'episodio mostra quindi una consapevolezza critica degli stereotipi senza però affrontare il razzismo come problema sociale strutturale.";Non assegno un punteggio più basso perché la rappresentazione del personaggio marocchino non è ridotta a stereotipo, né i commenti razzisti sono normalizzati o sostenuti dalla narrazione. Il personaggio ha agency, corregge gli altri e viene integrato nel gruppo.;Non assegno un punteggio più alto perché l'episodio non affronta il razzismo come problema sociale, non c'è dibattito esplicito né una critica alle strutture di potere. La questione razziale rimane sullo sfondo e non è centrale nella trama.
MENTAL;01;01;MentalS01E01;18/12/2020;3;+1;L'episodio presenta un gruppo di adolescenti in una clinica psichiatrica, tra cui un ragazzo marocchino. Il riferimento etnico emerge in una scena di pranzo, dove il personaggio subisce una battuta ironica ('Black Power!'), subito seguita da una seconda ('Tandori Power!'), che lui stesso corregge spiegando di essere marocchino, non indiano. La scena mostra consapevolezza degli stereotipi e li espone in modo ironico, con il personaggio che risponde con calma e senza subire umiliazione o isolamento. Non ci sono altri riferimenti o discriminazioni etniche nel resto dell'episodio, e il personaggio marocchino è integrato nel gruppo, con un ruolo che va oltre la sua etnia. La narrazione non approfondisce il razzismo come problema sociale, ma mostra una consapevolezza critica e un uso controllato dell'ironia sugli stereotipi.;Le battute sugli stereotipi etnici sono subito contestualizzate e ridimensionate dal personaggio stesso, che corregge e si difende senza subire conseguenze negative. Non c'è normalizzazione né minimizzazione del pregiudizio: il tono è consapevole e non offensivo.;L'episodio non affronta il razzismo come problema sociale, non c'è dibattito esplicito né crescita dei personaggi rispetto ai pregiudizi, né una critica strutturale alle dinamiche discriminatorie. La questione razziale rimane marginale e non centrale nella narrazione.
MENTAL;01;01;MentalS01E01;18/12/2020;4;0;L'episodio presenta un gruppo di adolescenti in una clinica psichiatrica, tra cui almeno un personaggio di origine marocchina. Ci sono alcune battute e riferimenti etnici (ad es. 'Black Power', 'Tandori Power', 'marocchino, che sfigato'), ma questi vengono trattati come parte del linguaggio giovanile e non sono accompagnati da una vera contestazione o da una riflessione critica. Tuttavia, il personaggio marocchino risponde con ironia e corregge lo stereotipo (Tandori è indiano, io sono marocchino). Non ci sono né una vera normalizzazione del pregiudizio né una chiara critica o approfondimento del tema razziale: la questione etnica rimane marginale, inserita nel flusso di dialoghi tra ragazzi problematici, senza che la narrazione prenda una posizione netta. Gli elementi di stereotipo sono presenti ma non dominanti, e la rappresentazione non è né chiaramente problematica né chiaramente progressista.;Non assegno un punteggio negativo perché le battute a sfondo etnico sono isolate, non sostenute dalla narrazione, e il personaggio coinvolto mostra consapevolezza e risponde senza subire umiliazione o esclusione. Non si percepisce una normalizzazione del pregiudizio o una convalida attiva di stereotipi.;Non assegno un punteggio positivo perché manca una vera consapevolezza critica o un impegno nel trattare il razzismo come problema sociale. Gli stereotipi vengono solo accennati e non c'è una risposta significativa da parte dei personaggi positivi né una morale esplicita contro il pregiudizio.
MENTAL;01;01;MentalS01E01;18/12/2020;5;+1;"L'episodio presenta un gruppo di adolescenti in una clinica psichiatrica, tra cui almeno un personaggio (Mirko) di origine marocchina. La questione etnica emerge in una scena in cui viene fatto un commento ironico ('Black Power', 'Tandori Power') che Mirko stesso contesta, correggendo l'origine dello stereotipo ('Tandori in realtà è indiano, io sono marocchino'). Il tono è leggero e tra pari, e Mirko non viene mai ridicolizzato o marginalizzato per la sua etnia; anzi, la sua risposta mostra consapevolezza e autoaffermazione. Non ci sono altri riferimenti etnici o razziali problematici, né stereotipi gravi. La rappresentazione della diversità è dignitosa e consapevole, anche se non c'è un approfondimento strutturale del razzismo.";Non assegno un punteggio più basso perché il commento stereotipato viene immediatamente contestato dal personaggio stesso, e non c'è alcuna normalizzazione o accettazione del pregiudizio. Nessun personaggio positivo sostiene idee discriminatorie, e la narrazione non riproduce stereotipi in modo acritico.;Non assegno un punteggio più alto perché il tema del razzismo non viene affrontato come problema sociale né tantomeno analizzato in modo strutturale. La questione etnica è solo accennata e risolta rapidamente, senza conseguenze narrative o crescita dei personaggi su questo tema.
MENTAL;01;01;MentalS01E01;18/12/2020;6;+1;L'episodio presenta un gruppo di adolescenti in una clinica psichiatrica, tra cui almeno un personaggio di origine marocchina. Il tema razziale emerge in una scena di pranzo, dove il ragazzo viene chiamato 'Tandori Power' (con riferimento errato all'India) e 'marocchino, che sfigato', in modo scherzoso e stereotipato. Tuttavia, la scena mostra che il ragazzo risponde con ironia e corregge l'errore, e la battuta viene subito spostata sul piano della presa in giro reciproca tra ragazzi, senza che il razzismo venga normalizzato o sostenuto dalla narrazione. Non ci sono altri elementi di discriminazione razziale né stereotipi gravi o non contestati. Il personaggio marocchino è integrato nel gruppo, ha voce propria e non è ridotto a un cliché etnico. La narrazione mostra consapevolezza degli stereotipi, li espone in modo ironico e non li approva.;Le battute a sfondo razziale sono presenti ma non sono mai sostenute come verità né normalizzate: il personaggio risponde, corregge e non subisce conseguenze negative o marginalizzazione. Non c'è approvazione né complicità della narrazione verso il pregiudizio.;"L'episodio non affronta il razzismo come problema sociale né lo tematizza in modo esplicito; non c'è dibattito o crescita dei personaggi su questo tema, né vengono esplorate cause strutturali. La consapevolezza resta a livello di ironia e autoconsapevolezza, senza un impegno critico più profondo."
MENTAL;01;01;MentalS01E01;18/12/2020;7;+1;L'episodio presenta un gruppo di adolescenti in una clinica psichiatrica, tra cui almeno un personaggio di origine marocchina (Mirko). Il riferimento etnico emerge in una scena di pranzo, dove Mirko viene coinvolto in una battuta stereotipata ('Black Power', 'Tandori Power'), ma lui stesso corregge l'origine dello stereotipo ('Tandori in realtà è indiano, io sono marocchino') e la scena prosegue senza che il razzismo venga normalizzato o sostenuto. Il tono generale è di consapevolezza: la battuta viene subito ridicolizzata e Mirko non viene ridotto al suo essere straniero, ma partecipa pienamente alla vita del gruppo, con una personalità definita e autonoma. Non ci sono altri riferimenti a razza o etnia che suggeriscano discriminazione o stereotipi reiterati. La narrazione mostra quindi una consapevolezza critica degli stereotipi, attribuendo i commenti problematici a dinamiche adolescenziali più che a un endorsement della discriminazione.;Non assegno un punteggio più basso perché la battuta stereotipata è isolata, subito contestualizzata e non normalizzata dal gruppo o dalla narrazione. Mirko viene trattato come un pari e non subisce conseguenze negative o marginalizzazione per la sua origine. Non c'è sostegno né normalizzazione del pregiudizio.;Non assegno un punteggio più alto perché l'episodio non affronta il razzismo come problema sociale né propone un dibattito esplicito o una crescita dei personaggi su questo tema. La questione razziale rimane marginale e viene solo accennata, senza un impegno critico o una riflessione strutturale più profonda.
MENTAL;01;01;MentalS01E01;18/12/2020;8;+1;"L'episodio presenta un gruppo eterogeneo di adolescenti in una clinica psichiatrica, tra cui almeno un personaggio di origine marocchina (Mirko). La sua etnia viene menzionata esplicitamente in una scena in cui gli altri ragazzi fanno battute su stereotipi (""Black Power!"", ""Tandori Power!""), ma Mirko risponde con ironia e corregge gli altri, chiarendo la sua vera origine. Le battute sono attribuite a personaggi che appaiono problematici o provocatori, e la narrazione non le valorizza né le presenta come normali: Mirko non viene ridicolizzato, anzi mostra sicurezza e consapevolezza. Non ci sono conseguenze negative per lui legate alla sua etnia, né la sua presenza è ridotta a uno stereotipo. L'episodio mostra consapevolezza degli stereotipi e li mette in scena in modo che il pubblico possa riconoscerli come tali, senza però approfondire il tema del razzismo in modo strutturale o critico.";Le battute sugli stereotipi etnici sono contestualizzate come provocazioni tra adolescenti problematici e vengono subito ridimensionate dal personaggio coinvolto, che mostra consapevolezza e corregge gli altri. Non c'è normalizzazione né approvazione implicita del pregiudizio, e la narrazione non sostiene né minimizza la discriminazione.;L'episodio si limita a mostrare consapevolezza degli stereotipi e a gestirli con ironia e autoconsapevolezza, ma non affronta il razzismo come problema sociale, né mette in scena un vero dibattito o una crescita dei personaggi rispetto ai pregiudizi. Non c'è analisi delle cause sistemiche né centralità delle voci marginalizzate.
MENTAL;01;01;MentalS01E01;18/12/2020;9;+1;"L'episodio presenta un gruppo di adolescenti in una clinica psichiatrica, tra cui almeno un personaggio di origine marocchina. La diversità etnica viene esplicitamente nominata (""Tandori Power"", ""marocchino""), ma i riferimenti sono usati come battute tra ragazzi e non sono accompagnati da un'atmosfera di ostilità reale o esclusione. Il personaggio marocchino risponde con ironia e correzione (""Tandori in realtà è indiano, io sono marocchino""), mostrando consapevolezza e autoaffermazione. Non ci sono stereotipi gravi o ridicolizzazioni sistematiche; la battuta viene contestualizzata come parte di uno scambio tra pari. Nessun personaggio positivo sostiene idee razziste, e la narrazione non normalizza il pregiudizio. Tuttavia, non si va oltre il riconoscimento consapevole: il razzismo non è affrontato come problema sociale, né si esplorano cause sistemiche.";Non ci sono elementi di normalizzazione o sostegno attivo al pregiudizio: le battute sono isolate, contestate o ridimensionate, e non sono presentate come normali o accettabili. Il personaggio di origine marocchina non è ridotto a uno stereotipo e partecipa pienamente alla dinamica di gruppo.;L'episodio non mostra un impegno critico esplicito contro il razzismo: non ci sono discussioni o conflitti centrati sul tema, né vengono esplorate le cause strutturali della discriminazione. La rappresentazione si limita a una consapevolezza e a una gestione ironica degli stereotipi, senza approfondire o proporre soluzioni.
MENTAL;01;01;MentalS01E01;18/12/2020;10;+1;L'episodio presenta un gruppo di adolescenti in una clinica psichiatrica, tra cui almeno un personaggio di origine marocchina. Il tema della diversità etnica viene affrontato in modo esplicito in una scena a tavola, dove il ragazzo marocchino viene preso in giro con battute su 'Black Power' e 'Tandori Power'. Tuttavia, il personaggio risponde con ironia e corregge gli altri ('Tandori in realtà è indiano, io sono marocchino'), mostrando consapevolezza e autoironia. Non ci sono segnali di approvazione o rinforzo positivo per i commenti stereotipati: il tono generale è di presa in giro adolescenziale, ma la narrazione non li valorizza né li normalizza come accettabili. Il personaggio marocchino non viene ridotto a uno stereotipo e partecipa alle dinamiche del gruppo come gli altri, con una sua voce e agency. Non ci sono elementi di denuncia strutturale o approfondimento sistemico, ma c'è una chiara consapevolezza e una lieve critica implicita agli stereotipi.;Non assegno un punteggio più basso perché i commenti stereotipati vengono subito contestualizzati, ridicolizzati o corretti dal diretto interessato, e non sono mai presentati come normali o accettabili dalla narrazione. Non c'è normalizzazione del pregiudizio né minimizzazione: il personaggio di origine marocchina non è marginalizzato né ridicolizzato, e la sua presenza non è solo funzionale allo stereotipo.;Non assegno un punteggio più alto perché l'episodio non affronta il razzismo come problema sociale né propone un'analisi delle sue cause strutturali. Non ci sono conseguenze esplicite per i comportamenti discriminatori, né un dibattito approfondito sul tema. La rappresentazione si limita a una consapevolezza critica e ironica, senza arrivare a un vero impegno critico o trasformativo.
NATI IERI;01;13;Nati ieriS01E13;29/01/2007;1;+1;L'episodio affronta il caso di Satia, una ragazza di origine indiana cresciuta in Italia, alle prese con le pressioni familiari per un matrimonio combinato e la paura di essere ripudiata per non essere più 'vergine'. Il tema della violenza non è fisica ma culturale e sociale, e viene riconosciuto come tale dai personaggi principali, che mostrano empatia e cercano soluzioni non punitive. L'episodio evita stereotipi etnici: Satia è un personaggio complesso, con desideri e paure, e la sua italianità viene esplicitamente sottolineata. Le tradizioni indiane sono presentate senza giudizio sprezzante, ma con un confronto rispettoso tra culture. I commenti problematici (es. la richiesta del certificato per 'salvare' l'onore) sono contestualizzati come parte di un conflitto generazionale e culturale, non come normalità. I personaggi positivi mostrano disagio e cercano di aiutare Satia a trovare una soluzione che rispetti la sua autonomia.;"Non ci sono personaggi positivi che esprimano idee razziste o che normalizzino il pregiudizio; la narrazione non sostiene né minimizza stereotipi etnici. I momenti critici sono affrontati con empatia e consapevolezza, e la diversità non è trattata in modo superficiale.";"L'episodio non offre una vera analisi strutturale del razzismo né una critica esplicita alle strutture di potere; il focus è sulla vicenda personale e familiare, non su questioni sistemiche. Il razzismo è riconosciuto e affrontato, ma non viene proposto un cambiamento sociale concreto né vengono centrati in modo dominante punti di vista marginalizzati. L'impegno critico è presente, ma non si arriva a una trasformazione profonda."
NATI IERI;01;13;Nati ieriS01E13;29/01/2007;2;+2;"L'episodio affronta in modo esplicito il tema della discriminazione e delle pressioni culturali su una giovane donna indiana, Satia, cresciuta in Italia ma sottoposta alle regole di un matrimonio combinato. La narrazione mostra chiaramente il disagio della protagonista, la sua richiesta di aiuto, e la difficoltà di conciliare identità e aspettative familiari. I personaggi principali (medici e infermieri) si schierano dalla parte della ragazza, la ascoltano, la supportano e cercano di mediare con la famiglia, sottolineando il valore della scelta e della felicità personale. Il razzismo e la discriminazione non sono solo menzionati, ma vengono trattati come problemi sociali da affrontare, con conseguenze emotive e pratiche. Il dialogo finale con il padre di Satia è un tentativo esplicito di farlo riflettere sulle conseguenze delle sue scelte e di promuovere una maggiore apertura. Non ci sono stereotipi etnici negativi né battute razziste normalizzate; la narrazione è consapevole e critica.";Non ci sono elementi di normalizzazione o minimizzazione del pregiudizio: la sofferenza di Satia è presa sul serio, i personaggi positivi la sostengono e nessuno giustifica o minimizza le pressioni culturali. Non si vedono stereotipi né battute razziste incontestate.;L'episodio non arriva a una vera analisi strutturale del razzismo in Italia né dà voce centrale alle comunità marginalizzate. La critica è forte e consapevole, ma rimane focalizzata sul caso personale di Satia e sulle dinamiche familiari, senza proporre soluzioni concrete o una riflessione sistemica più ampia.
NATI IERI;01;13;Nati ieriS01E13;29/01/2007;3;+2;L'episodio affronta la storia di Satia, una giovane di origine indiana cresciuta in Italia, che si trova schiacciata tra le aspettative familiari tradizionali (matrimonio combinato) e la sua vita personale. Il tema della violenza non è fisica ma culturale/sociale: la narrazione mostra chiaramente il disagio di Satia, la sua paura di essere ripudiata, e il conflitto tra identità italiana e indiana. I personaggi principali (medici e ostetriche) si schierano apertamente dalla parte della ragazza, cercano di aiutarla a comunicare con i genitori e criticano le imposizioni tradizionali. La questione del permesso di soggiorno viene trattata con rispetto, senza stereotipi. La narrazione non si limita a riconoscere il problema, ma lo affronta apertamente: si cerca una soluzione che metta al centro la voce della ragazza e il suo diritto all'autodeterminazione. Il razzismo e la discriminazione sono esplicitamente trattati come problemi sociali, con conseguenze emotive e familiari. Non si arriva a una critica strutturale delle leggi o delle istituzioni italiane, ma il dibattito è esplicito e la crescita dei personaggi è evidente.;Non ci sono stereotipi etnici, né normalizzazione o minimizzazione del pregiudizio. I personaggi di origine straniera sono trattati con rispetto e complessità, e la narrazione si schiera chiaramente contro la discriminazione culturale e sociale. I personaggi positivi contestano le imposizioni e aiutano la protagonista.;Non si arriva a un'analisi strutturale del razzismo né a una critica delle istituzioni italiane o delle leggi sull'immigrazione. Le voci marginalizzate sono centrali, ma non si propongono soluzioni concrete per l'equità sociale oltre il supporto personale e familiare. Il focus resta sul caso individuale, non sulle cause sistemiche.
NATI IERI;01;13;Nati ieriS01E13;29/01/2007;4;+2;"L'episodio affronta il tema della violenza e delle pressioni culturali su una giovane donna di origine indiana, Satia, cresciuta in Italia. La sua storia viene trattata con empatia e attenzione: il personale sanitario si interroga sulle conseguenze psicologiche e sociali della sua situazione, distinguendo tra violenza fisica e culturale. Viene esplicitamente problematizzata la questione del matrimonio combinato, con dialoghi che mettono in discussione le tradizioni familiari e il diritto all'autodeterminazione. I personaggi positivi (medici, amici) mostrano rispetto per la diversità e cercano soluzioni che tutelino Satia, coinvolgendo anche i genitori in un processo di comprensione. Non ci sono stereotipi etnici né battute razziste; la narrazione si concentra sulle difficoltà di integrazione e sulle tensioni tra identità italiana e indiana, senza mai ridurre Satia a un cliché. Il razzismo non è analizzato in senso sistemico, ma il pregiudizio e la discriminazione culturale vengono affrontati come problemi sociali, con conseguenze emotive e familiari ben evidenziate.";"Non ci sono elementi di normalizzazione, minimizzazione o sostegno alla discriminazione. La protagonista non è mai ridicolizzata o stereotipata; anzi, la sua voce è ascoltata e rispettata. I personaggi positivi contestano attivamente le pressioni familiari e cercano di aiutare Satia a trovare una soluzione che rispetti la sua volontà.";Il razzismo non viene analizzato in modo strutturale o sistemico: non ci sono riflessioni sulle cause profonde della discriminazione né vengono proposte soluzioni concrete per l'equità sociale. Le voci marginalizzate sono centrali e autorevoli, ma la narrazione si limita al caso individuale e familiare, senza una critica esplicita alle strutture di potere.
NATI IERI;01;13;Nati ieriS01E13;29/01/2007;5;+2;L'episodio affronta il tema della violenza sessuale e delle pressioni culturali su una giovane donna di origine indiana, Satia, cresciuta in Italia. La narrazione mostra chiaramente il conflitto tra le aspettative familiari (matrimonio combinato, verginità) e la sua identità italiana, centrando la sua voce e il suo vissuto. I personaggi positivi (medici, amici) si schierano dalla sua parte, la ascoltano, la supportano, e cercano soluzioni che rispettino la sua autodeterminazione. Il razzismo non è presentato come normalità, né minimizzato: viene esplicitamente riconosciuto il disagio di Satia, la sua paura di essere ripudiata, e la difficoltà di vivere tra due mondi. La narrazione non si limita a una rappresentazione superficiale, ma mostra empatia, dibattito e crescita, sia da parte di Satia che dei suoi genitori, che vengono invitati a capire la figlia. Non emergono stereotipi etnici, e la questione razziale è trattata con rispetto e profondità.;Non ci sono elementi di normalizzazione del pregiudizio, né minimizzazione: la questione razziale è centrale e trattata con sensibilità. I personaggi di origine straniera non sono ridotti a cliché, né subiscono commenti razzisti incontestati. La narrazione non sostiene né giustifica discriminazioni.;Non si arriva al livello +3 perché l'episodio non propone una vera analisi strutturale delle cause sistemiche del razzismo in Italia, né soluzioni concrete per l'equità sociale. La voce di Satia è centrale e autorevole, ma il focus resta sul suo caso personale e familiare, senza una critica esplicita alle strutture di potere o una riflessione ampia sulla condizione dei migranti e degli italiani di seconda generazione.
NATI IERI;01;13;Nati ieriS01E13;29/01/2007;6;+1;"L'episodio introduce una ragazza di origine indiana (Satia) che si trova tra due mondi: la sua famiglia, legata a tradizioni come il matrimonio combinato, e la sua vita da giovane cresciuta in Italia. La narrazione mostra empatia verso la sua posizione e sottolinea la difficoltà di essere 'schiacciata fra due mondi'. I personaggi principali (medici e ostetriche) si pongono in modo rispettoso e cercano di aiutarla a trovare una soluzione che tenga conto sia delle sue esigenze personali che del contesto familiare. Il tema dell'identità e della pressione culturale viene trattato con una certa consapevolezza, senza ridurre Satia a uno stereotipo, ma senza approfondire in modo strutturale le cause sistemiche della discriminazione. Non ci sono battute o atteggiamenti razzisti normalizzati; la narrazione è chiaramente dalla parte della ragazza e invita il pubblico a empatizzare con lei.";Non ci sono stereotipi etnici riprodotti né battute o commenti razzisti normalizzati. La ragazza non è ridotta a un cliché e la sua storia è trattata con rispetto. I personaggi positivi la sostengono e non c'è nessuna normalizzazione del pregiudizio.;L'episodio non arriva a un impegno critico esplicito (+2): non c'è un dibattito aperto sul razzismo nella società italiana, né una critica alle strutture di potere o una centralità delle voci marginalizzate in senso trasformativo. La questione viene affrontata come dilemma personale e familiare, non come problema sociale più ampio.
NATI IERI;01;13;Nati ieriS01E13;29/01/2007;7;+2;L'episodio affronta in modo esplicito la situazione di una ragazza di origine indiana, Satia, alle prese con un conflitto tra le tradizioni familiari (matrimonio combinato, verginità) e la sua identità italiana. Il tema del razzismo non è trattato in senso diretto (non ci sono insulti o discriminazioni esplicite), ma viene esplorato il disagio di Satia come 'schiacciata fra due mondi', la paura di essere ripudiata e la difficoltà di essere accettata come italiana. I personaggi principali (medici, amici) si schierano chiaramente dalla parte della ragazza, la supportano, contestano le pressioni familiari e cercano di aiutare i genitori a capirla. La narrazione mostra empatia e rispetto per la sua condizione, evidenziando le conseguenze negative delle imposizioni culturali e promuovendo il dialogo e la comprensione. Non si limita a una rappresentazione superficiale, ma mette in scena un dibattito esplicito su identità, appartenenza e diritti, con personaggi che crescono e imparano. Le voci marginalizzate (Satia) sono ascoltate e rispettate, ma non sono centrali in senso assoluto.;Non ci sono stereotipi etnici riprodotti né battute razziste normalizzate. La narrazione non minimizza né normalizza il pregiudizio, ma lo problematizza e lo affronta. I personaggi positivi contestano le imposizioni e mostrano disagio verso le pressioni familiari, schierandosi a favore della protagonista.;Non si arriva a una vera e propria analisi strutturale del razzismo o delle sue cause sistemiche, né vengono proposte soluzioni concrete per l'equità sociale. Satia ha voce e viene rispettata, ma la narrazione rimane focalizzata sul suo caso personale e sul conflitto familiare, senza una critica esplicita alle strutture di potere o una centralità assoluta delle voci marginalizzate.
NATI IERI;01;13;Nati ieriS01E13;29/01/2007;8;+1;"L'episodio introduce una giovane donna di origine indiana (Satia) che si trova tra due mondi: la cultura della sua famiglia e la sua vita in Italia. La narrazione mostra empatia verso la sua situazione, evidenziando le difficoltà di chi cresce in Italia ma è sottoposto a pressioni familiari legate alle tradizioni del paese d'origine. I personaggi principali (medici e infermieri) trattano Satia con rispetto, cercano di aiutarla e mostrano comprensione per il suo conflitto identitario e culturale. Il tema del matrimonio combinato viene affrontato con spirito critico, e si sottolinea che nessun genitore vuole vedere la propria figlia infelice. Non ci sono stereotipi etnici offensivi né battute razziste; la narrazione è consapevole e rispettosa, ma non si spinge fino a una critica strutturale del razzismo o delle discriminazioni sistemiche. La posizione dominante è di rispetto e consapevolezza, senza però approfondire le cause sociali o proporre soluzioni concrete.";Non ci sono elementi di normalizzazione o minimizzazione del pregiudizio: la protagonista non è ridotta a uno stereotipo, i personaggi italiani non fanno battute o commenti razzisti, e la narrazione non presenta mai la discriminazione come normale o accettabile. Anzi, la storia si concentra sull'aiutare Satia e sul rispetto della sua autonomia.;L'episodio non offre una vera e propria analisi strutturale delle discriminazioni (manca la critica alle strutture di potere o la centralità delle voci marginalizzate nel senso più ampio). Pur mostrando empatia e rispetto, i personaggi italiani restano comunque i veri protagonisti e la soluzione proposta è individuale (dialogo con i genitori), non collettiva o trasformativa. Non c'è un dibattito esplicito sul razzismo nella società italiana, né vengono proposte soluzioni concrete per l'equità.
NATI IERI;01;13;Nati ieriS01E13;29/01/2007;9;+2;L'episodio affronta esplicitamente il tema della discriminazione culturale e razziale attraverso la storia di Satia, una giovane di origine indiana cresciuta in Italia. Il suo conflitto tra le tradizioni familiari (matrimonio combinato, verginità, paura del ripudio) e la sua identità italiana viene trattato con empatia e profondità. I personaggi principali (medici e infermieri) si schierano dalla sua parte, cercando soluzioni e dialogo con i genitori, sottolineando il diritto all'autodeterminazione e la sofferenza causata dalle pressioni culturali. Il razzismo e la discriminazione non vengono mai normalizzati né minimizzati: anzi, il disagio di Satia viene riconosciuto come una forma di violenza, anche se non certificabile sul piano medico. Il messaggio finale è chiaramente critico verso le imposizioni culturali e a favore dell'inclusione e della comprensione.;Non ci sono stereotipi etnici negativi, né battute razziste normalizzate. La narrazione non minimizza né normalizza il pregiudizio, ma lo affronta come problema sociale, mostrando le conseguenze negative delle discriminazioni e il percorso di crescita dei personaggi. I personaggi razzisti o portatori di pregiudizi non sono mai valorizzati.;L'episodio non arriva a una vera analisi strutturale delle cause sistemiche del razzismo in Italia, né propone soluzioni concrete per l'equità sociale. Le voci marginalizzate (Satia) sono centrali e ascoltate, ma la critica resta focalizzata sul singolo caso e sulle dinamiche familiari, senza una riflessione più ampia sulle strutture di potere o sulle politiche migratorie.
NATI IERI;01;13;Nati ieriS01E13;29/01/2007;10;+1;"L'episodio affronta il caso di Satia, una ragazza di origine indiana cresciuta in Italia, alle prese con il conflitto tra le aspettative familiari (matrimonio combinato, verginità) e la sua identità personale. Il tema della violenza non è razziale, ma culturale, e viene trattato con empatia e rispetto: i personaggi principali (medici, ostetriche) si schierano dalla parte della ragazza, la ascoltano, la rassicurano e cercano soluzioni che rispettino la sua volontà. La narrazione mostra consapevolezza delle difficoltà di chi vive tra due mondi, e il messaggio finale è di apertura e dialogo. Non ci sono stereotipi etnici né battute razziste; Satia è un personaggio tridimensionale, non ridotta a cliché. Tuttavia, l'episodio non approfondisce le cause sistemiche della discriminazione, né mette davvero al centro la voce della protagonista in modo trasformativo: il focus rimane sul dramma personale e familiare, non su un'analisi sociale più ampia.";Non ci sono elementi di normalizzazione o minimizzazione del pregiudizio: nessun personaggio positivo esprime stereotipi o pregiudizi, e la narrazione non tratta la situazione di Satia come 'normale' o 'divertente'. L'episodio mostra rispetto e attenzione ai temi della diversità e del conflitto culturale.;Non raggiunge il livello +2 o +3 perché manca un impegno esplicito nel denunciare il razzismo come problema sociale più ampio, e non c'è una critica strutturale alle cause della discriminazione. La voce di Satia è ascoltata, ma non diventa centrale e autorevole rispetto alla struttura narrativa, e non vengono proposte soluzioni concrete per l'equità oltre il singolo caso.
TERAPIA D URGENZA;01;07;Terapia d urgenzaS01E07;10/10/2008;1;+1;L'episodio presenta alcuni personaggi stranieri (pakistani, indiani) e affronta un conflitto culturale tra una ragazza pakistana e il padre, che si oppone alle sue scelte di vita e alla relazione con un ragazzo. La narrazione mostra consapevolezza critica: i personaggi italiani principali (medici e infermieri) esprimono chiaramente disaccordo e disagio di fronte all'atteggiamento rigido e punitivo del padre, e cercano di aiutare la ragazza. Il razzismo e il controllo patriarcale sono attribuiti a un personaggio negativo, mentre la narrazione invita lo spettatore a empatizzare con la ragazza e il suo fidanzato. Tuttavia, la rappresentazione rimane focalizzata sul conflitto e non si spinge a una critica strutturale o a una vera esplorazione delle cause sistemiche del razzismo o dell'esclusione sociale. Le voci marginalizzate sono presenti ma non centrali o pienamente sviluppate.;"Non assegno un punteggio più basso perché i personaggi italiani non normalizzano né minimizzano il pregiudizio; anzi, lo contestano apertamente e cercano di aiutare la ragazza. Non ci sono stereotipi etnici usati come battute innocue o normalizzati, e il punto di vista dominante è critico verso l'atteggiamento discriminatorio del padre.";Non assegno +2 o +3 perché, pur mostrando consapevolezza e critica, l'episodio non approfondisce il tema del razzismo come problema sociale più ampio, né esplora le cause sistemiche o dà centralità e piena agency alle voci marginalizzate. La narrazione resta su un piano di conflitto familiare e culturale, senza proporre soluzioni concrete o un'analisi strutturale.
TERAPIA D URGENZA;01;07;Terapia d urgenzaS01E07;10/10/2008;2;+1;L'episodio presenta una trama secondaria che coinvolge una ragazza pakistana (Adila) vittima di un incendio, il cui padre si oppone sia alla sua relazione con un ragazzo che alla possibilità di sottoporla a chirurgia ricostruttiva, motivando il tutto con valori religiosi e culturali. I personaggi italiani (medici e infermieri) reagiscono con incomprensione e disapprovazione verso l'atteggiamento del padre, e cercano attivamente di trovare una soluzione che tuteli la ragazza. Il razzismo non è mai esplicitamente sostenuto o normalizzato: i pochi riferimenti etnici sono funzionali alla trama e vengono trattati con una certa consapevolezza critica. La narrazione attribuisce le idee più problematiche (controllo patriarcale, punizione per la trasgressione) al personaggio negativo (il padre), mentre i personaggi positivi mostrano empatia e rispetto per la giovane e cercano di difenderla. Non ci sono battute o stereotipi etnici gratuiti, e l'unico accenno a 'stranierità' (il ragazzo che parla male l'italiano) è neutro e contestualizzato. Nel complesso, la posizione dominante è di riconoscimento consapevole delle dinamiche di discriminazione, pur senza un approfondimento strutturale.;Non ci sono elementi di normalizzazione o sostegno al pregiudizio: i personaggi italiani non condividono mai le idee discriminatorie del padre di Adila, anzi, le contestano e cercano di opporsi. Gli stereotipi sono evitati e non vi è alcuna ironia o leggerezza su temi razziali.;L'episodio non arriva a un vero impegno critico (+2): manca un dibattito esplicito e approfondito sulle cause sistemiche del razzismo o sulle difficoltà di integrazione in Italia. Le voci marginalizzate (Adila e il suo fidanzato) non sono mai davvero centrali o autorevoli, e la soluzione resta parziale e affidata all'iniziativa individuale dei medici. Non si raggiunge l'analisi strutturale o la proposta di soluzioni concrete per l'equità.
TERAPIA D URGENZA;01;07;Terapia d urgenzaS01E07;10/10/2008;3;+1;"L'episodio presenta diversi personaggi di origine straniera (pakistani, indiani) e almeno una storyline centrale ruota attorno a una ragazza pakistana (Adila) vittima di un incendio e alle reazioni della sua famiglia. Il razzismo o la discriminazione emergono soprattutto nel rapporto tra Adila e il padre, che si oppone a che la figlia adotti abitudini più occidentali e rifiuta l'operazione ricostruttiva come 'punizione' per la trasgressione. Tuttavia, la narrazione non normalizza né giustifica questa posizione: i medici italiani si mostrano apertamente contrariati e cercano di convincere il padre, esprimendo giudizi negativi sulla sua scelta e sottolineando come sia ingiusto che un genitore condizioni così la vita della figlia. C'è anche una riflessione esplicita su come i padri possano sbagliare e su quanto sia difficile cambiare mentalità. Gli stereotipi non vengono usati per ridicolizzare o marginalizzare i personaggi stranieri, e la loro presenza è trattata con rispetto (ad esempio, il ragazzo pakistano è mostrato come innamorato e rispettoso, ma anche spaventato dal confronto col padre). Non si arriva però a una vera analisi strutturale del razzismo, né a un approfondimento sulle cause sociali o sulle possibili soluzioni sistemiche; la narrazione si limita a mostrare empatia e a prendere posizione critica contro il pregiudizio, senza però spingersi oltre.";Non assegno un punteggio più basso perché la posizione dominante del testo è chiaramente critica verso il comportamento discriminatorio del padre di Adila. I personaggi italiani contestano apertamente la sua scelta e la narrazione invita lo spettatore a empatizzare con la ragazza e con chi la difende. Non c'è normalizzazione né minimizzazione del pregiudizio.;"Non assegno +2 o +3 perché manca un vero impegno critico attivo (i personaggi non riescono a cambiare la situazione, si limitano a esprimere dissenso) e non c'è una riflessione sulle cause strutturali del razzismo o sulle soluzioni possibili. La voce della ragazza è presente ma non centrale e autorevole rispetto al conflitto; la narrazione resta su un livello di consapevolezza e critica, senza arrivare a una trasformazione o a una proposta concreta."
TERAPIA D URGENZA;01;07;Terapia d urgenzaS01E07;10/10/2008;4;+1;L'episodio presenta alcune presenze di personaggi stranieri (pakistani, indiani) e una storyline centrale riguarda Adila, una ragazza pakistana ustionata in un incendio, e il conflitto tra la sua volontà e quella del padre. La narrazione mostra consapevolezza critica: i medici e altri personaggi italiani si schierano chiaramente contro la posizione rigida e punitiva del padre, considerandola ingiusta e dannosa. Viene esplicitamente detto che 'non è giusto che un padre condizioni la vita di una figlia in questo modo', e si cerca di coinvolgere un giudice per tutelare la ragazza. I personaggi italiani non sono mai complici di discriminazione, anzi, la contestano. Tuttavia, la rappresentazione delle famiglie straniere è un po' stereotipata (padre autoritario, figlia vittima), e i personaggi non italiani non hanno una vera voce autonoma o una prospettiva complessa. La narrazione mostra rispetto e solidarietà, ma non arriva a una critica strutturale o a un approfondimento delle cause sociali del razzismo.;Non assegno un punteggio più basso perché la narrazione non normalizza né minimizza il pregiudizio: anzi, i personaggi positivi contestano attivamente la discriminazione e si schierano dalla parte della ragazza. Non ci sono battute razziste né stereotipi presentati come normali o divertenti. Il disagio e la disapprovazione verso il comportamento del padre sono espliciti.;Non assegno +2 o +3 perché, pur mostrando consapevolezza e critica, l'episodio non affronta il razzismo come problema sociale più ampio, né esplora le cause sistemiche della discriminazione. Le voci marginalizzate non sono centrali e autorevoli: la prospettiva resta principalmente italiana e medica, e la soluzione si cerca tramite le istituzioni italiane. Non c'è una vera analisi strutturale o proposta di equità.
TERAPIA D URGENZA;01;07;Terapia d urgenzaS01E07;10/10/2008;5;0;L'episodio presenta una pluralità di situazioni e personaggi, tra cui una storyline rilevante su Adila, una ragazza pakistana vittima di un incendio, e il conflitto con il padre che rifiuta la chirurgia ricostruttiva come 'punizione' per aver trasgredito le regole familiari e culturali. Il tema della discriminazione e del razzismo emerge soprattutto in relazione al controllo patriarcale e al conflitto generazionale/culturale, ma non ci sono veri e propri stereotipi etnici offensivi né battute razziste normalizzate. I personaggi italiani mostrano disagio e tentano di aiutare Adila, ma la narrazione non prende una posizione chiaramente critica verso il padre, limitandosi a mostrare il suo punto di vista come 'altro' e problematico, senza però demonizzarlo né approfondire le cause sistemiche della discriminazione. Altri personaggi stranieri (il fidanzato di Adila) sono rappresentati in modo abbastanza neutro. Non ci sono segnali dominanti di razzismo, ma nemmeno un impegno esplicito contro il pregiudizio: la questione rimane sul piano del conflitto familiare/culturale, senza una vera presa di posizione morale o sociale. Gli altri subplot non presentano riferimenti etnici significativi.;Non ci sono battute, commenti o atteggiamenti razzisti normalizzati o sostenuti dalla narrazione. Gli stereotipi sono presenti solo in forma di conflitto culturale, non come pregiudizio etnico italiano verso i migranti. Nessun personaggio positivo sostiene idee discriminatorie.;L'episodio non affronta il razzismo come problema sociale né offre una critica strutturale. La posizione della narrazione resta ambigua: il padre di Adila viene contrastato solo blandamente e non c'è un messaggio chiaro di condanna del suo atteggiamento. Non si va oltre la rappresentazione del conflitto individuale/familiare.
TERAPIA D URGENZA;01;07;Terapia d urgenzaS01E07;10/10/2008;6;0;L'episodio presenta una sola sottotrama rilevante rispetto al tema razziale: la vicenda di Adila, ragazza pakistana ustionata, e del suo fidanzato. La questione razziale emerge solo marginalmente: viene detto che il ragazzo 'è straniero, indiano, giù di lì', e che 'non capisce molto bene la nostra lingua', ma senza caricare la scena di stereotipi o giudizi negativi. La trama si concentra soprattutto sul conflitto generazionale e culturale tra Adila e il padre, che rifiuta di autorizzare le cure ricostruttive come punizione per la trasgressione delle regole familiari e religiose. Il personale medico mostra disagio e disapprovazione verso la posizione del padre, ma la narrazione non si sofferma né approfondisce il razzismo sistemico o la discriminazione sociale: il focus resta sul dramma familiare e sulle difficoltà di mediazione culturale. Non ci sono battute razziste, né stereotipi etnici marcati, ma neppure una vera analisi critica del razzismo o delle sue cause sociali. Gli altri personaggi di background migrante sono marginali e non caratterizzati da cliché. Nel complesso, l'episodio oscilla tra la rappresentazione di una situazione problematica (il padre che nega le cure per motivi religiosi/culturali) e la reazione empatica dei medici, senza però prendere una posizione netta o proporre una riflessione strutturale sulla discriminazione.;Non ci sono elementi di sostegno attivo o normalizzazione del pregiudizio: nessun personaggio positivo esprime idee razziste, non si fanno battute o commenti discriminatori, e la narrazione non presenta la posizione del padre come 'normale' o condivisibile, ma anzi mostra disagio e tentativi di mediazione.;Non si va oltre una generica disapprovazione: manca un vero impegno critico (+2) o una riflessione strutturale (+3) sul razzismo. La questione viene trattata come problema individuale/familiare e culturale, non come questione sociale o sistemica, e le voci marginalizzate non sono centrali né autorevoli. L'episodio non mette in discussione le strutture di potere né propone soluzioni concrete per l'equità.
TERAPIA D URGENZA;01;07;Terapia d urgenzaS01E07;10/10/2008;7;+1;"L'episodio presenta una varietà di personaggi, tra cui almeno due di origine straniera (pakistani/indiani), e affronta un tema di conflitto culturale e generazionale: la ragazza pakistana Adila, vittima di un incendio, viene ostacolata dal padre che si oppone a cure ricostruttive per motivi religiosi e di controllo patriarcale. I personaggi italiani (medici e infermieri) mostrano empatia, cercano di convincere il padre a firmare per l'intervento e discutono criticamente la situazione, esprimendo disaccordo verso la sua posizione e solidarietà verso la ragazza. Tuttavia, la narrazione si mantiene su un piano di consapevolezza critica degli stereotipi e delle difficoltà di integrazione, senza però approfondire le cause sistemiche del razzismo o dare voce centrale ai personaggi stranieri. Il ragazzo pakistano ha un ruolo attivo ma limitato; la posizione dominante è quella dei personaggi italiani che si pongono come 'salvatori' e mediatori. Non ci sono battute razziste o stereotipi etnici non contestati, e la rappresentazione dei migranti è dignitosa, ma la prospettiva rimane prevalentemente italiana e paternalista.";Non assegno un punteggio più basso perché gli atteggiamenti problematici (il controllo patriarcale del padre, la sua opposizione alle cure) sono attribuiti a un personaggio straniero e vengono chiaramente contestati sia dai personaggi italiani sia dalla narrazione. Non c'è normalizzazione o minimizzazione del pregiudizio: i medici si schierano a favore della ragazza e criticano apertamente la posizione del padre.;Non assegno un punteggio più alto perché manca un vero impegno critico o trasformativo: la struttura narrativa non esplora le cause sistemiche della discriminazione, né dà voce centrale e autorevole ai personaggi migranti. Il conflitto viene risolto (o lasciato irrisolto) all'interno di una dinamica in cui gli italiani restano i protagonisti e i portatori di valori positivi, mentre i personaggi stranieri restano in ruoli marginali o problematici.
TERAPIA D URGENZA;01;07;Terapia d urgenzaS01E07;10/10/2008;8;+1;"L'episodio presenta diversi personaggi di origine straniera (pakistani, indiani) e almeno una storyline centrale ruota attorno a una ragazza pakistana, Adila, vittima di un incendio al Luna Park. Il conflitto principale riguarda il padre di Adila, che si oppone a cure ricostruttive per la figlia gravemente ustionata, motivando la scelta con valori religiosi e culturali. I personaggi italiani (medici e infermieri) si mostrano empatici, cercano di convincere il padre a firmare per l'intervento e si indignano per la sua posizione, sottolineando come sia ingiusto che un padre condizioni così la vita della figlia. Il fidanzato di Adila, anch'egli pakistano, viene coinvolto e spronato a prendere posizione. L'episodio mostra consapevolezza dei conflitti interculturali e delle difficoltà di integrazione, attribuendo le posizioni più rigide ai personaggi stranieri, ma senza ridurli a semplici stereotipi negativi: il ragazzo pakistano è positivo, la ragazza è vittima e desiderosa di autonomia. Gli italiani sono rappresentati come alleati e mediatori. Non si fa ironia sugli stereotipi, né si normalizzano atteggiamenti razzisti; la narrazione mostra rispetto per la diversità e un approccio critico ai pregiudizi culturali.";Non ci sono battute o atteggiamenti razzisti normalizzati o presentati come divertenti. I personaggi stranieri hanno agency e profondità, e la narrazione non li riduce a cliché etnici. Gli atteggiamenti problematici (il padre che rifiuta le cure) sono contestati dai personaggi italiani e dal tono generale dell'episodio.;L'episodio non arriva a una critica strutturale del razzismo o delle dinamiche di potere nella società italiana (+3), né mette davvero al centro le voci marginalizzate (+2): la prospettiva dominante resta quella dei medici italiani che cercano di aiutare. Il razzismo non è affrontato come problema sistemico, ma come questione di conflitto culturale e familiare. L'impegno critico c'è, ma non si spinge oltre la consapevolezza e la presa di posizione morale.
TERAPIA D URGENZA;01;07;Terapia d urgenzaS01E07;10/10/2008;9;+1;L'episodio presenta una rappresentazione della diversità etnica attraverso la vicenda di Adila, una ragazza pakistana vittima di un incendio, e il suo fidanzato. Il conflitto ruota intorno alle regole imposte dal padre, che rifiuta la chirurgia ricostruttiva per la figlia come 'giusta punizione' per aver trasgredito le regole familiari e religiose. I personaggi italiani (medici e infermieri) reagiscono con disagio, incomprensione e critica verso l'atteggiamento del padre, mostrando empatia verso Adila e sottolineando la problematicità delle sue condizioni. Il razzismo o la discriminazione non vengono sostenuti né normalizzati: gli stereotipi (padre autoritario, controllo sulle figlie) sono contestati e il punto di vista dominante è quello della critica e della solidarietà verso la ragazza. Tuttavia, la narrazione non approfondisce le cause sistemiche del razzismo né dà voce centrale ai personaggi non italiani, che restano in ruoli secondari e poco sviluppati.;Non ci sono elementi di sostegno o normalizzazione della discriminazione: gli atteggiamenti problematici sono attribuiti a personaggi negativi (il padre), e il contesto li mette in discussione. I personaggi italiani mostrano rispetto e consapevolezza, evitando la riproduzione acritica di stereotipi.;L'episodio non arriva a un impegno critico strutturato (+2): manca un vero dibattito esplicito sul razzismo come problema sociale, e i personaggi non italiani non hanno ruoli centrali o autorevoli. Non si affrontano le cause sistemiche della discriminazione né si propongono soluzioni concrete.
TERAPIA D URGENZA;01;07;Terapia d urgenzaS01E07;10/10/2008;10;+1;"L'episodio presenta una varietà di personaggi, tra cui almeno due di origine straniera (pakistani), inseriti in una trama ospedaliera corale. Il caso di Adila e del suo fidanzato pakistano è il più rilevante: il padre di Adila esprime posizioni molto rigide e patriarcali, ma queste vengono messe in discussione sia dai medici italiani che dal giovane fidanzato, che pur con esitazione cerca di difendere la ragazza. I medici italiani si mostrano empatici e contrari alla posizione del padre, sottolineando come la felicità della figlia dovrebbe essere centrale e criticando la sua scelta di negare le cure ricostruttive come 'punizione'. Tuttavia, la narrazione non si spinge a una critica strutturale del razzismo o delle discriminazioni sistemiche, né le voci dei personaggi stranieri sono centrali o particolarmente autorevoli: il focus rimane sul punto di vista dei medici italiani. Non ci sono battute o stereotipi etnici normalizzati, né personaggi stranieri ridotti a cliché; la presenza di personaggi di origine straniera è trattata con rispetto e consapevolezza, anche se non si va oltre la critica individuale. L'episodio mostra quindi consapevolezza critica e rispetto per la diversità, ma non arriva a un impegno critico o trasformativo.";Non ci sono stereotipi etnici ripetuti, né battute razziste o pregiudizi normalizzati. I personaggi stranieri non sono ridicolizzati o ridotti a cliché, e le posizioni discriminatorie (del padre) sono chiaramente messe in discussione. Il tono generale è rispettoso e consapevole.;L'episodio non affronta il razzismo come problema sociale strutturale, né mette al centro le voci marginalizzate. La critica rimane su un piano individuale e morale, senza approfondire le cause sistemiche o proporre soluzioni concrete. Il punto di vista dominante resta quello dei personaggi italiani.
L ALLIEVA;01;11;L allievaS01E11;31/10/2016;1;+1;L'episodio affronta il tema della discriminazione verso una persona transgender (Valerio), mostrando chiaramente il disagio, la sofferenza e l'emarginazione subita sia in famiglia che nel condominio. La narrazione non normalizza i pregiudizi: i personaggi positivi (Alice, la signora Margiotta, i medici) esprimono rispetto, empatia e rifiuto della discriminazione. I commenti transfobici e omofobi sono attribuiti ai personaggi negativi (padre, fratello, alcuni vicini), ma non vengono mai avallati dalla narrazione, che li mostra come ignoranti e incapaci di comprendere. L'episodio evidenzia anche le conseguenze tragiche dell'intolleranza, ma non entra in una vera analisi strutturale del razzismo/transfobia né propone soluzioni concrete: il focus resta sulle dinamiche personali e sulle reazioni individuali.;Non assegno un punteggio più basso perché la narrazione non normalizza né minimizza la discriminazione: i personaggi positivi contestano i pregiudizi, mostrano disagio e solidarietà, e il tono generale è critico verso chi discrimina. Non c'è sostegno né normalizzazione attiva della transfobia.;Non assegno +2 o +3 perché, pur mostrando consapevolezza e critica verso la discriminazione, l'episodio non sviluppa un vero impegno critico collettivo né una riflessione sulle cause sistemiche. Non c'è dibattito esplicito sul tema sociale, né le voci marginalizzate diventano centrali e autorevoli nella narrazione. Il racconto resta focalizzato sulle vicende personali e non propone soluzioni concrete per l'equità.
L ALLIEVA;01;11;L allievaS01E11;31/10/2016;2;N/A;L'episodio non presenta alcun riferimento diretto o indiretto a razza, etnia, migranti, rom, italiani di seconda generazione o questioni razziali nel contesto italiano. I temi affrontati riguardano principalmente l'identità di genere, l'orientamento sessuale, le dinamiche familiari e sentimentali, senza alcun accenno a discriminazioni o stereotipi etnici.;Non è possibile assegnare un punteggio negativo perché non ci sono elementi di discriminazione razziale, stereotipi etnici o pregiudizi legati alla razza/etnia.;Non è possibile assegnare un punteggio positivo perché l'episodio non affronta né tematizza in alcun modo il razzismo o la questione etnica.
L ALLIEVA;01;11;L allievaS01E11;31/10/2016;3;+1;L'episodio affronta il tema della discriminazione verso una persona transgender (Valerio), mostrando sia il pregiudizio ambientale (commenti sprezzanti della famiglia, il quartiere che lo disprezza, la vergogna della moglie dell'amante) sia la sofferenza personale e le conseguenze tragiche. Tuttavia, la narrazione dominante non normalizza né minimizza la discriminazione: i personaggi positivi (Alice, la signora Margiotta, il team medico) mostrano rispetto, empatia e cercano la verità senza pregiudizi. Il razzismo/transfobia è attribuito a personaggi negativi o ignoranti, e viene esplicitamente chiamato 'ignoranza', non malvagità. Non c'è analisi strutturale né dibattito sociale esplicito, ma c'è consapevolezza critica e rispetto per la diversità.;Non assegno un punteggio più basso perché la narrazione non normalizza né minimizza la discriminazione: i personaggi positivi contestano o si dissociano dai pregiudizi, e la sofferenza della vittima è trattata con rispetto. Gli stereotipi non sono presentati come divertenti o normali, e la morale implicita è che il pregiudizio è sbagliato.;Non assegno +2 o +3 perché manca un vero impegno critico: non c'è dibattito esplicito sul problema sociale, né crescita dei personaggi nel superare i pregiudizi, né analisi delle cause sistemiche o soluzioni concrete. La voce della vittima è presente ma non centrale, e la critica alle strutture di potere è solo implicita.
L ALLIEVA;01;11;L allievaS01E11;31/10/2016;4;+2;L'episodio affronta il suicidio (inizialmente presunto) di una persona transgender, Valerio, e la sua relazione con un uomo sposato. Il tema della discriminazione è centrale: vengono mostrati i pregiudizi della famiglia (padre e fratello che volevano cacciarlo di casa, vergogna sociale, ignoranza), il disprezzo e le prese in giro da parte dei vicini, e le conseguenze psicologiche e sociali della marginalizzazione. I personaggi positivi (Alice, la dottoressa, la signora Margiotta) mostrano empatia, rispetto e cercano la verità, contestando implicitamente e talvolta esplicitamente i pregiudizi. La narrazione evidenzia la sofferenza causata dall'intolleranza e dal rifiuto familiare, e mostra come la società italiana sia ancora fortemente condizionata da stereotipi e tabù, ma non li normalizza né li minimizza. Il tono è critico e invita a riflettere sulle cause e sugli effetti del pregiudizio, senza però arrivare a una vera analisi sistemica o a proporre soluzioni concrete.;Non è -1 o -2 perché i pregiudizi e le discriminazioni sono chiaramente presentati come problematici e dolorosi, non normalizzati né minimizzati. I personaggi positivi non partecipano alla discriminazione e la narrazione non la giustifica o la rende 'normale'. Non è -3 perché non c'è alcun sostegno attivo alla discriminazione: i personaggi razzisti/transfobici non sono mai presentati come modelli positivi.;Non è +3 perché, pur mostrando empatia e critica verso la discriminazione, l'episodio non offre una vera analisi strutturale delle cause sistemiche del razzismo/transfobia né dà voce centrale e autorevole alle persone marginalizzate (Valerio è presente solo come vittima, non come soggetto attivo). Non vengono proposte soluzioni concrete per l'equità sociale, né si va oltre la denuncia individuale e familiare.
L ALLIEVA;01;11;L allievaS01E11;31/10/2016;5;N/A;L'episodio non presenta alcun riferimento diretto o indiretto a razza, etnia, migranti, rom, italiani di seconda generazione, né a questioni di discriminazione razziale. I temi centrali sono l'identità di genere, l'orientamento sessuale, le dinamiche familiari e le relazioni personali. Non emergono battute, stereotipi, personaggi o situazioni che rimandino a razzismo o questioni etniche nel contesto italiano.;Non è applicabile nessun punteggio negativo perché il razzismo non è presente né normalizzato, né minimizzato, né sostenuto.;Non è applicabile nessun punteggio positivo perché l'episodio non affronta né tematizza la questione razziale in alcun modo.
L ALLIEVA;01;11;L allievaS01E11;31/10/2016;6;N/A;Nell'episodio, non ci sono riferimenti, espliciti o impliciti, a razza, etnia, migranti, rom, italiani di seconda generazione o altre questioni razziali rilevanti per il contesto italiano. I conflitti e le tematiche affrontate ruotano attorno all'identità di genere, all'orientamento sessuale, alle dinamiche familiari e sentimentali, senza mai toccare la dimensione razziale o etnica.;Non è possibile assegnare un punteggio negativo, poiché il razzismo o la discriminazione etnica non sono presenti né normalizzati, né minimizzati o sostenuti.;Non è possibile assegnare un punteggio positivo, poiché la narrazione non affronta in alcun modo la questione razziale o etnica, né in senso critico né trasformativo.
L ALLIEVA;01;11;L allievaS01E11;31/10/2016;7;N/A;Nell'episodio non sono presenti riferimenti, dialoghi o situazioni che riguardino la razza, l'etnia, il razzismo o la discriminazione etnica. Le tematiche affrontate ruotano principalmente intorno all'identità di genere, all'orientamento sessuale, alle dinamiche familiari e alle relazioni personali. Non emergono personaggi migranti, rom, o italiani di seconda generazione, né vengono discussi stereotipi o pregiudizi etnici.;Non ci sono elementi di discriminazione razziale o etnica, né impliciti né espliciti, quindi non è possibile assegnare un punteggio negativo.;Non si può assegnare un punteggio positivo perché il tema del razzismo non viene mai affrontato o menzionato. La scala non si applica all'episodio in questione.
L ALLIEVA;01;11;L allievaS01E11;31/10/2016;8;N/A;L'episodio, basato sui sottotitoli forniti, non presenta alcun riferimento diretto a razza, etnia, migranti, rom, italiani di seconda generazione o questioni razziali. I temi centrali riguardano identità di genere, orientamento sessuale, relazioni familiari e sentimentali, ma non emergono elementi che coinvolgano la rappresentazione del razzismo o della diversità etnica nel contesto italiano.;Non è possibile assegnare un punteggio negativo perché non ci sono contenuti razziali, né stereotipi, né battute, né personaggi di minoranze etniche.;Non è possibile assegnare un punteggio positivo perché l'episodio non affronta né tematizza la questione razziale in alcun modo.
L ALLIEVA;01;11;L allievaS01E11;31/10/2016;9;N/A;Nell'episodio non vi sono riferimenti, situazioni o personaggi che riguardino la razza, l'etnia, il razzismo o la discriminazione etnica. I temi centrali sono l'identità di genere, le relazioni familiari e sentimentali, e le difficoltà personali dei protagonisti. La questione della discriminazione affrontata riguarda l'omofobia e la transfobia, non il razzismo o le dinamiche etniche, che sono il focus della scala richiesta.;Non si può assegnare un punteggio negativo perché il razzismo non viene rappresentato né sostenuto, né normalizzato, né minimizzato: semplicemente non è presente.;Non si può assegnare un punteggio positivo perché non ci sono elementi di rappresentazione, discussione o critica del razzismo o delle questioni etniche. L'episodio si concentra su altri tipi di discriminazione (identità di genere, orientamento sessuale) che non rientrano nei criteri della scala specifica per il razzismo nei media italiani.
L ALLIEVA;01;11;L allievaS01E11;31/10/2016;10;+2;L'episodio affronta il suicidio (inizialmente presunto, poi indagato come omicidio) di una persona transgender, Valerio, esplorando le reazioni della famiglia, del condominio e delle istituzioni. Il razzismo/omotransfobia è presentato come problema sociale: il padre e il fratello sono esplicitamente accusati di aver discriminato e cacciato Valerio, e la narrazione mostra chiaramente che il loro comportamento è ignorante e dannoso. Le voci marginalizzate (Valerio, la moglie di Domenico) sono ascoltate e rispettate, e il percorso di transizione viene trattato con dignità. I personaggi positivi (Alice, i medici, la signora Margiotta) mostrano rispetto, empatia e consapevolezza, mentre i personaggi che esprimono pregiudizi sono messi in discussione o presentati in modo critico. L'episodio include anche riferimenti a commenti violenti sui social, sottolineando il clima di ostilità. Il messaggio finale è che il pregiudizio e la paura delle conseguenze sociali portano alla tragedia, e che la comprensione e il rispetto sono necessari. Il tono generale è di impegno critico: la discriminazione non è normalizzata né minimizzata, ma affrontata come un problema da superare.;Non assegno -1, -2 o -3 perché la narrazione non normalizza né sostiene la discriminazione: i personaggi razzisti sono presentati come ignoranti e problematici, e le conseguenze negative del loro comportamento sono evidenti. Non c'è ambiguità: il messaggio prevalente è di condanna del pregiudizio.;"Non assegno +3 perché, pur affrontando in modo critico la discriminazione, l'episodio non offre una vera analisi strutturale delle cause sistemiche né soluzioni concrete per l'equità. Le voci marginalizzate sono rispettate, ma non completamente centrali o autorevoli; la narrazione si concentra soprattutto sulla dimensione personale e relazionale, non su quella sociale e politica più ampia."
LA DOTTORESSA GIO;01;05;La dottoressa GioS01E05;25/11/1997;1;+1;"L'episodio affronta la storia di Martina, una ragazza italiana di seconda generazione, nera, che vive una situazione drammatica di malattia e gravidanza. Il razzismo è presente in modo esplicito: battute e commenti stereotipati ('visetto nero nero', 'prodigio per essere italiana', 'negra, mica sono scema'), pregiudizi sul lavoro degli 'extracomunitari', e la storia della madre che si vergogna della figlia perché nera. Tuttavia, la narrazione mostra una consapevolezza critica: i personaggi positivi (la dottoressa Basile, Paolo, altri colleghi) contestano o si dissociano dai commenti razzisti; la sofferenza di Martina è trattata con empatia e dignità; la madre affronta il suo percorso di pentimento e riconciliazione. Il razzismo non viene mai presentato come giustificato o normale, ma come un problema che causa dolore e isolamento. La storia non si limita a stereotipi, ma dà spazio alla soggettività di Martina e al suo vissuto. Il messaggio implicito è che il razzismo è sbagliato e che la diversità merita rispetto.";Non assegno un punteggio negativo perché la narrazione non normalizza né sostiene il razzismo: i personaggi positivi si dissociano dai pregiudizi, la protagonista è trattata con rispetto, e il razzismo è mostrato come fonte di sofferenza e conflitto. Gli atteggiamenti discriminatori non sono mai presentati come accettabili.;Non assegno +2 o +3 perché l'episodio non sviluppa un vero impegno critico o analisi strutturale del razzismo: il tema è presente e contestato, ma non c'è un dibattito esplicito sulle cause sociali, né vengono proposte soluzioni concrete o centrata la voce delle persone marginalizzate. Il razzismo viene riconosciuto e criticato, ma resta sul piano personale e relazionale, senza una riflessione sistemica.
LA DOTTORESSA GIO;01;05;La dottoressa GioS01E05;25/11/1997;2;+1;L'episodio affronta esplicitamente il tema del razzismo verso una giovane donna nera, Martina, che lavora come infermiera e affronta sia pregiudizi quotidiani (commenti sugli 'extracomunitari', battute sul colore della pelle, sospetti di incompetenza) sia una storia personale di discriminazione familiare (madre bianca che si vergogna della figlia 'negra'). Questi episodi di razzismo sono rappresentati in modo consapevole: i personaggi che li esprimono sono messi in una luce negativa, e la protagonista risponde con ironia o dignità. La narrazione mostra empatia verso Martina, ne racconta il dolore e la resilienza, e la sua storia è centrale e trattata con rispetto. Tuttavia, la critica rimane soprattutto a livello interpersonale e non si arriva a un'analisi strutturale del razzismo nella società italiana. Il razzismo è riconosciuto e contestato, ma non viene tematizzato come problema sistemico.;Non assegno un punteggio più basso perché i comportamenti razzisti sono chiaramente presentati come problematici, vengono contestati dai personaggi positivi e la narrazione mostra solidarietà verso la vittima. Martina non è ridotta a uno stereotipo e la sua storia personale è raccontata con empatia.;Non assegno +2 o +3 perché, pur mostrando consapevolezza e critica verso il razzismo, l'episodio non sviluppa un vero impegno critico o una riflessione sulle cause sistemiche della discriminazione. Il razzismo viene affrontato a livello individuale e familiare, senza un approfondimento sulle strutture sociali o sulle soluzioni collettive.
LA DOTTORESSA GIO;01;05;La dottoressa GioS01E05;25/11/1997;3;+1;L'episodio affronta il tema del razzismo principalmente attraverso la storia di Martina, una giovane donna nera, figlia di madre bianca e padre africano, che deve affrontare sia una grave malattia che il pregiudizio sociale. Il razzismo viene esplicitato in diversi dialoghi: battute e commenti stereotipati, difficoltà nell'accesso al lavoro ('da quando possono fare gli infermieri anche gli ex... Gli extracomunitari'), e soprattutto la storia di abbandono e vergogna della madre bianca verso la figlia nera. Tuttavia, la narrazione mostra consapevolezza critica: i personaggi positivi (la dottoressa Basile, Paolo) contestano o si oppongono ai pregiudizi, e la sofferenza di Martina è trattata con empatia e rispetto. Il razzismo non viene mai giustificato o normalizzato, ma presentato come fonte di dolore e ingiustizia. La madre di Martina ha un percorso di pentimento e riconciliazione. L'episodio non offre una vera analisi strutturale del razzismo né soluzioni concrete, ma il tono generale è di riconoscimento e rispetto verso la diversità, con una morale implicita contro il pregiudizio.;Non è -1 o -2 perché il razzismo non viene minimizzato né normalizzato: i commenti discriminatori sono contestati o attribuiti a personaggi negativi, e la narrazione mostra chiaramente che il pregiudizio è fonte di sofferenza. Martina ha una sua dignità e complessità, non è ridotta a un cliché etnico.;Non è +2 o +3 perché, pur mostrando consapevolezza e contestazione del razzismo, l'episodio non sviluppa un vero impegno critico: non c'è dibattito esplicito sulle cause sociali o sistemiche del razzismo, né una critica alle strutture di potere. Le voci marginalizzate sono centrali ma non pienamente autorevoli, e la soluzione resta personale e familiare, non sociale.
LA DOTTORESSA GIO;01;05;La dottoressa GioS01E05;25/11/1997;4;+1;L'episodio affronta in modo esplicito il tema del razzismo, soprattutto attraverso la storia di Martina, una giovane donna nera, e le reazioni che suscita nel contesto ospedaliero e familiare. Vengono mostrati episodi di razzismo verbale e pregiudizio (es. battute su 'extracomunitari', la madre che si vergogna della figlia 'negra', difficoltà nell'affitto della casa), ma questi atteggiamenti sono attribuiti a personaggi secondari o negativi e vengono sempre presentati come problematici, mai normalizzati o giustificati. I personaggi principali (es. la dottoressa Basile) mostrano empatia, rispetto e supporto verso Martina, e la narrazione sottolinea la sua dignità e il suo dolore. Il razzismo viene riconosciuto come problema reale, ma non si arriva a un'analisi strutturale o a una critica profonda delle sue cause sistemiche.;Non assegno un punteggio più basso perché la narrazione non normalizza né minimizza il razzismo: gli episodi discriminatori sono sempre contestualizzati come ingiusti o dolorosi, e i personaggi positivi si schierano dalla parte della vittima.;Non assegno +2 o +3 perché l'episodio non sviluppa un vero e proprio impegno critico o trasformativo: manca un dibattito esplicito sulle cause sociali del razzismo, non ci sono conseguenze concrete per i comportamenti discriminatori, né una centralità delle voci marginalizzate oltre la singola vicenda di Martina.
LA DOTTORESSA GIO;01;05;La dottoressa GioS01E05;25/11/1997;5;+1;L’episodio affronta apertamente temi di razzismo e discriminazione, in particolare attraverso la storia di Martina, una giovane donna nera, italiana di seconda generazione, che subisce pregiudizi sia in ambito lavorativo che familiare. Gli episodi di razzismo sono rappresentati in modo realistico: vengono espressi sia tramite battute e pregiudizi da parte di personaggi secondari (es. 'perché possono fare gli infermieri anche gli extracomunitari?', 'sei negra, mica sei scema'), sia attraverso la storia dolorosa della madre bianca che ha abbandonato Martina per vergogna. Tuttavia, la narrazione attribuisce i commenti e gli atteggiamenti razzisti a personaggi secondari o negativi, mentre i protagonisti (medici e amici) mostrano empatia, rispetto e supporto verso Martina. Il razzismo non viene mai giustificato o normalizzato: è anzi mostrato come causa di sofferenza e isolamento. Il focus resta però sulle dinamiche personali e familiari, senza un’analisi strutturale delle cause sociali del razzismo o una critica esplicita alle strutture di potere. La presenza di una protagonista nera trattata con complessità e dignità, e la chiara condanna morale delle discriminazioni, portano a un punteggio positivo, ma non si raggiunge l’impegno critico o trasformativo.;Non assegno un punteggio inferiore perché il razzismo non è mai normalizzato o sostenuto dalla narrazione. I personaggi positivi reagiscono con disagio o condanna ai commenti discriminatori, e la sofferenza di Martina è trattata con serietà e rispetto. Gli stereotipi vengono evidenziati per essere criticati, non per essere accettati.;Non assegno +2 o +3 perché l’episodio non sviluppa un vero dibattito sociale sul razzismo, né affronta le sue cause sistemiche. La questione razziale resta circoscritta alle esperienze individuali di Martina e non si propone una riflessione collettiva o soluzioni strutturali. Le voci marginalizzate sono rappresentate, ma non diventano centrali in senso trasformativo.
LA DOTTORESSA GIO;01;05;La dottoressa GioS01E05;25/11/1997;6;+1;L'episodio affronta la storia di Martina, una giovane donna nera (italiana di seconda generazione) che lavora come infermiera e affronta una gravidanza complicata da una grave malattia. Il testo include diversi momenti di razzismo esplicito, soprattutto nei dialoghi con pazienti e colleghi ('da quando possono fare gli infermieri anche gli extracomunitari', 'sei brava per essere... italiana', 'con sto visetto nero nero'), e stereotipi ('in Africa i bambini muoiono di fame, lei è fortunata'). Tuttavia, la narrazione dominante non sostiene né normalizza questi pregiudizi: Martina è ritratta come una persona seria, competente, amata dai colleghi e dal compagno, e la sua storia personale viene trattata con empatia. I commenti razzisti sono attribuiti a personaggi secondari o negativi, e spesso vengono ridicolizzati o contestati, anche se non sempre in modo diretto. La vicenda della madre bianca che si vergogna della figlia nera viene affrontata con sensibilità, mostrando il dolore e la complessità del vissuto di Martina. Il tono generale è di rispetto verso la diversità, con una consapevolezza dei problemi di razzismo, ma senza un vero approfondimento strutturale o una critica sistemica.;Non assegno -1 o -2 perché la narrazione non riduce Martina a uno stereotipo né normalizza il razzismo: la protagonista è centrale, dignitosa e il suo vissuto viene valorizzato. I commenti razzisti non sono mai presentati come normali o accettabili, e la storia punta chiaramente a suscitare empatia per Martina.;Non assegno +2 o +3 perché, pur mostrando consapevolezza e rispetto, l'episodio non affronta il razzismo come problema sociale in modo esplicito, né propone una critica alle strutture di potere o soluzioni concrete. La rappresentazione resta principalmente individuale e non si sviluppa un vero dibattito o analisi sulle cause sistemiche della discriminazione.
LA DOTTORESSA GIO;01;05;La dottoressa GioS01E05;25/11/1997;7;+1;L'episodio affronta apertamente la questione del razzismo, soprattutto attraverso la storia di Martina, una giovane donna nera, figlia di madre bianca e padre africano. Il razzismo emerge sia come pregiudizio sociale (commenti sull'infermiera 'extracomunitaria', battute sulla lingua, la madre che si vergogna della figlia 'negra') sia come sofferenza personale. Tuttavia, i personaggi positivi (la dottoressa Basile, Paolo, altri colleghi) mostrano rispetto e affetto verso Martina, contestano le idee razziste e la narrazione non normalizza né minimizza il pregiudizio: anzi, lo presenta come fonte di dolore e isolamento. La madre di Martina viene umanizzata e il suo percorso di pentimento è centrale, ma il testo non arriva a una critica strutturale del razzismo né a una vera analisi delle sue cause sistemiche. Gli stereotipi sono presenti (commenti sulla lingua, sul 'visetto nero nero'), ma sono contestualizzati come parte della sofferenza di Martina e non sono mai celebrati. L'episodio mostra consapevolezza e sensibilità, ma si ferma a un livello di riconoscimento critico, senza proporre soluzioni o mettere al centro le voci marginalizzate.;Non assegno un punteggio più basso perché il razzismo non viene normalizzato né minimizzato: i personaggi positivi contestano i pregiudizi, la narrazione mostra empatia per Martina e la sua sofferenza, e i comportamenti razzisti sono presentati come problematici. Non c'è sostegno attivo alla discriminazione né stereotipi celebrati.;Non assegno +2 o +3 perché, pur mostrando consapevolezza e contestazione del razzismo, l'episodio non sviluppa un vero impegno critico: manca un dibattito esplicito sulle cause sociali, non ci sono soluzioni concrete né una critica alle strutture di potere. Le voci marginalizzate (Martina) sono centrali ma non pienamente autorevoli, e il razzismo resta una cornice personale più che sociale.
LA DOTTORESSA GIO;01;05;La dottoressa GioS01E05;25/11/1997;8;+1;"L'episodio affronta la storia di Martina, giovane donna nera, infermiera e incinta, che si trova a dover scegliere tra la propria vita e quella della figlia a causa di una grave malattia. La narrazione include diversi episodi di razzismo esplicito e implicito: battute e pregiudizi da parte di colleghi e conoscenti (es. 'perché possono fare gli infermieri anche gli extracomunitari?', 'lei parla benissimo per essere... italiana', 'sono negra, mica sono scema'), la storia di abbandono materno legata al colore della pelle, e la difficoltà di trovare casa. Tuttavia, questi episodi sono presentati come problematici: i personaggi positivi (la protagonista Jo, Paolo, altri colleghi) mostrano rispetto, affetto e solidarietà verso Martina; le battute razziste sono attribuite a personaggi secondari o negativi e spesso vengono ridicolizzate o ignorate con ironia dalla stessa Martina. Il razzismo è riconosciuto come parte della sua esperienza, ma non è mai giustificato o normalizzato dalla narrazione. La storia si concentra sul valore della vita di Martina e della sua bambina, sulla sua dignità e sulle sue scelte, mostrando empatia e umanità. Non si arriva però a una vera analisi strutturale delle cause del razzismo, né a una centralità delle voci marginalizzate: Martina è importante, ma la prospettiva resta quella dei personaggi italiani bianchi.";Non assegno un punteggio più basso perché la narrazione non normalizza né minimizza il razzismo: i pregiudizi sono sempre presentati come tali, e la protagonista nera è un personaggio positivo, complesso e centrale, non ridotto a uno stereotipo. I commenti discriminatori non sono mai approvati dal testo.;Non assegno +2 o +3 perché, pur mostrando consapevolezza e rispetto, l'episodio non affronta il razzismo come problema sociale da superare attivamente (manca un vero dibattito o una crescita esplicita dei personaggi su questo tema) e non offre una critica strutturale o soluzioni concrete. La voce di Martina è centrale ma non autorevole rispetto al tema razziale: la sua storia personale è al centro, ma la narrazione resta guidata da personaggi bianchi.
LA DOTTORESSA GIO;01;05;La dottoressa GioS01E05;25/11/1997;9;+1;L'episodio affronta esplicitamente la questione del razzismo, soprattutto attraverso la storia di Martina, una giovane donna nera, figlia di madre bianca e padre africano. Sono presenti diversi commenti e atteggiamenti razzisti, sia espliciti ('sono negra, mica sono scema', 'non sopportava l'idea di aver messo al mondo una figlia negra', battute sui migranti e sugli extracomunitari), sia impliciti (difficoltà nell'affitto della casa, stereotipi sulle competenze linguistiche). Tuttavia, il testo mostra una consapevolezza critica: i personaggi positivi (la dottoressa Basile, Paolo, altri colleghi) contestano e si oppongono ai pregiudizi, e la narrazione non normalizza né sostiene il razzismo. La sofferenza di Martina per la discriminazione subita è rappresentata con empatia, e la madre viene mostrata come una persona che ha fallito ma cerca redenzione. Il razzismo è presentato come un problema che causa dolore e isolamento, ma non viene analizzato in modo strutturale né vengono proposte soluzioni concrete. L'episodio si limita a una consapevolezza critica e a una rappresentazione dignitosa della protagonista, senza però arrivare a un vero impegno critico o a una denuncia sistemica.;Non assegno un punteggio più basso perché il razzismo non viene mai normalizzato né sostenuto dalla narrazione o dai personaggi positivi. I commenti discriminatori sono contestati, e la sofferenza di Martina è trattata con rispetto e empatia. Non c'è complicità o minimizzazione da parte dei protagonisti.;"Non assegno +2 o +3 perché, pur mostrando consapevolezza e rispetto, l'episodio non sviluppa un vero dibattito sociale sul razzismo né una crescita attiva dei personaggi rispetto ai pregiudizi. Non c'è analisi delle cause sistemiche né vengono proposte soluzioni concrete; le voci marginalizzate sono centrali ma non autorevoli in senso trasformativo. Il razzismo resta un elemento di contesto e sofferenza, non il fulcro di una riflessione strutturale."
LA DOTTORESSA GIO;01;05;La dottoressa GioS01E05;25/11/1997;10;+1;L'episodio affronta la storia di Martina, giovane donna nera, infermiera, incinta e malata di leucemia. La sua condizione etnica è esplicitamente tematizzata: subisce battute e pregiudizi (sia espliciti che paternalistici), viene chiamata 'negra' sia da sé che dagli altri, e la sua storia familiare è segnata dal rifiuto della madre bianca. Tuttavia, la narrazione dominante non sostiene né normalizza il razzismo: i personaggi positivi (la dottoressa Basile, Paolo) si schierano con Martina, la supportano e la difendono, mentre i commenti razzisti sono attribuiti a personaggi secondari o vengono ironizzati. L'episodio mostra consapevolezza del problema, fa emergere la sofferenza legata alla discriminazione e offre una rappresentazione dignitosa e complessa della protagonista, senza ridurla a uno stereotipo. Non c'è però una vera analisi strutturale delle cause del razzismo né una critica sociale esplicita: il focus resta sulla dimensione personale e relazionale.;"Non assegno un punteggio inferiore perché il razzismo non viene mai convalidato o normalizzato come giusto; i personaggi principali si oppongono ai pregiudizi e la narrazione invita all'empatia verso Martina. Gli episodi di discriminazione sono contestualizzati come problemi, non come normalità.";Non assegno +2 o +3 perché l'episodio non sviluppa un impegno critico esplicito contro il razzismo come problema sociale, né offre una critica alle strutture di potere o soluzioni concrete. La questione razziale resta sul piano personale e non diventa oggetto di dibattito o analisi sistemica.
TERAPIA D URGENZA;01;16;Terapia d urgenzaS01E16;27/08/2009;1;-2;L'episodio presenta numerosi momenti di razzismo esplicito e stereotipi verso migranti e persone di colore (espressioni come 'negro', sospetti di bomba, associazione con malattie, battute e commenti sprezzanti). Questi atteggiamenti sono ripetuti da diversi personaggi, soprattutto utenti del pronto soccorso, e vengono trattati come parte della normalità sociale, spesso con tono ironico o leggero. Solo in pochi casi c'è una contestazione esplicita (ad esempio, il personale sanitario invita a scusarsi o mostra disagio), ma la narrazione non si impegna in una vera critica né mostra conseguenze significative per chi esprime pregiudizi. Il razzismo è normalizzato e raramente problematizzato, con la maggioranza dei segnali che lo presenta come parte del quotidiano.;Non assegno -3 perché l'episodio non glorifica né premia i personaggi razzisti: chi esprime pregiudizi non è mai ritratto come modello positivo, e in alcuni casi viene invitato a scusarsi o riceve una minima contestazione. Non c'è sostegno attivo alla discriminazione da parte dei protagonisti o della narrazione principale.;Non assegno -1 perché la rappresentazione del razzismo non è solo superficiale o limitata a singoli stereotipi: è diffusa, reiterata e trattata come normale, senza distanza critica sufficiente. Non c'è consapevolezza o ironia sugli stereotipi, né una vera contestazione o crescita dei personaggi rispetto ai pregiudizi razziali.
TERAPIA D URGENZA;01;16;Terapia d urgenzaS01E16;27/08/2009;2;-2;L'episodio presenta numerosi atteggiamenti e battute razziste, soprattutto nei confronti di Omar, il ragazzo tunisino, e di altri personaggi non italiani. Frasi come 'ci abbiamo pure il negro con la borsa figa', 'questo viene dal Burundi', 'non è un barbone, questo è arabo e negro', e il sospetto automatico di bomba e malattie sono ripetuti da diversi personaggi senza che ci sia una vera distanza critica o una contestazione forte. I personaggi positivi (medici, infermieri) in alcuni casi cercano di rassicurare, ma il tono generale normalizza il pregiudizio: le battute razziste vengono trattate come normali, e le reazioni indignate sono minime o assenti. La narrazione non offre una vera analisi critica né conseguenze negative per chi esprime pregiudizi, e il personaggio razzializzato resta marginale e oggetto di sospetto.;Non assegno -3 perché, pur essendo presenti molte frasi e atteggiamenti razzisti, non sono i protagonisti o i personaggi positivi a sostenerli in modo attivo e non vengono mai presentati come 'giusti' o vincenti. Inoltre, c'è qualche tentativo di rassicurazione e di rispetto da parte di alcuni medici, che impedisce una totale convalida della discriminazione.;Non assegno un punteggio più alto perché la narrazione non problematizza il razzismo in modo consapevole, non c'è un vero impegno critico né una crescita dei personaggi rispetto ai pregiudizi. Gli stereotipi vengono normalizzati e non c'è una morale esplicita che li contesti: il posizionamento dominante è di normalizzazione del pregiudizio.
TERAPIA D URGENZA;01;16;Terapia d urgenzaS01E16;27/08/2009;3;+1;L'episodio presenta numerosi episodi di razzismo e pregiudizio, soprattutto nei confronti di Omar, il ragazzo tunisino, e in generale verso migranti e persone di origine africana. I commenti razzisti sono espliciti e ripetuti ('ci abbiamo pure il negro con la borsa figa', 'questo è arabo e negro', 'loro li curate', ecc.), ma sono sempre attribuiti a personaggi negativi o ignoranti, e vengono contrastati o ridicolizzati da altri personaggi (es. la caposala chiede scuse, i medici mostrano rispetto e umanità verso Omar, i commenti vengono spesso messi in ridicolo o contestati). La narrazione mostra consapevolezza degli stereotipi e li problematizza, ma non si spinge fino a una critica strutturale o a un approfondimento delle cause sistemiche del razzismo. Le voci marginalizzate (Omar) sono umanizzate e al centro di alcune scene, ma non sono mai veramente centrali o autorevoli. L'episodio si posiziona quindi su un riconoscimento consapevole e critico degli stereotipi, ma senza un impegno trasformativo o una vera analisi strutturale.;Non assegno un punteggio più basso perché i commenti razzisti vengono esplicitamente contestati o ridicolizzati, e la narrazione mostra chiaramente che il razzismo è sbagliato. I personaggi positivi si schierano contro i pregiudizi e mostrano empatia verso i migranti.;"Non assegno +2 o +3 perché, pur mostrando consapevolezza e critica degli stereotipi, l'episodio non affronta il razzismo come problema sociale in modo esplicito né esplora le cause sistemiche. Non c'è un vero dibattito approfondito né soluzioni concrete per l'equità; le voci marginalizzate non sono centrali nella narrazione."
TERAPIA D URGENZA;01;16;Terapia d urgenzaS01E16;27/08/2009;4;-2;L'episodio presenta numerosi casi di linguaggio e atteggiamenti razzisti espliciti, soprattutto nei confronti di Omar, il ragazzo tunisino: viene chiamato 'negro', associato a bombe e malattie, e più volte i personaggi italiani (specialmente le donne in sala d'attesa) esprimono pregiudizi pesanti ('non è un barbone, questo è arabo e negro', 'chi gli ha detto di venire qui?', 'non sono razzista, ma...'). Questi commenti sono ripetuti, spesso in tono di battuta o di allarmismo, e non vengono contestati in modo deciso dai personaggi positivi, se non con qualche risposta formale ('Signora, per favore', 'tutti paghiamo le tasse'). Il clima generale normalizza il pregiudizio: la paura verso l'extracomunitario è trattata come una reazione quasi comprensibile, e la distanza critica è minima. L'unico momento di contestazione è una richiesta di scuse formale, ma la signora razzista si limita a un 'scusa' svogliato e subito dopo ribadisce il suo disgusto. Il personaggio di Omar non viene mai davvero valorizzato come individuo, ma resta definito dalla sua condizione di migrante e di 'caso clinico'.;Non assegno -3 perché, pur nella normalizzazione del pregiudizio, non c'è una vera glorificazione attiva delle idee razziste: i personaggi razzisti non sono presentati come modelli positivi, né le loro idee sono esplicitamente celebrate dalla narrazione. La narrazione non sostiene apertamente la discriminazione, ma la lascia passare come parte del contesto.;Non assegno -1 perché la rappresentazione non si limita a una minimizzazione superficiale o a cliché etnici: qui il razzismo è strutturale all'episodio, ripetuto e normalizzato, e i commenti problematici sono numerosi e mai davvero contestati. Non c'è consapevolezza critica né ironia, e la posizione dominante è quella della normalizzazione del pregiudizio.
TERAPIA D URGENZA;01;16;Terapia d urgenzaS01E16;27/08/2009;5;-2;L'episodio presenta numerosi momenti di razzismo esplicito e stereotipi nei confronti di persone nere e migranti (ad es. 'negro con la borsa figa', 'questo viene dal Burundi', 'non sono razzista ma... se ne restino al loro paese', 'sono tutti portatori di malattie', 'il negro ha lasciato una bomba'). Questi commenti sono ripetuti da più personaggi e spesso trattati come battute o reazioni 'normali' all'interno del contesto ospedaliero. Anche il sospetto di terrorismo e malattie infettive viene associato automaticamente al migrante nero, con reazioni di panico e allarmismo. Sebbene alcuni personaggi contestino o minimizzino le affermazioni razziste ('Signora, credo che lei debba delle scuse a questo giovane', 'Signora, per favore, si contenga'), il tono generale dell'episodio normalizza il pregiudizio: le battute razziste sono frequenti, non c'è una vera discussione critica sul razzismo, e la distanza critica è debole. Il migrante viene spesso trattato come 'caso clinico' o 'problema sociale', ma non come persona con voce autonoma. Il razzismo è quindi presentato come parte del quotidiano, raramente contestato in modo deciso.;Non assegno -3 perché, sebbene il razzismo sia normalizzato e presente in modo diffuso, non c'è una vera e propria glorificazione o sostegno attivo della discriminazione: i personaggi razzisti non sono ritratti come eroi, e alcuni vengono messi in discussione o invitati a scusarsi. Inoltre, il migrante non viene completamente demonizzato, ma riceve cure e attenzione medica.;Non assegno -1 perché la rappresentazione del razzismo è troppo pervasiva e normalizzata per essere considerata una semplice minimizzazione o superficialità: i pregiudizi sono ripetuti da più personaggi e il contesto non offre una distanza critica sufficiente. Non c'è consapevolezza o ironia sugli stereotipi, né un vero tentativo di problematizzare il razzismo.
TERAPIA D URGENZA;01;16;Terapia d urgenzaS01E16;27/08/2009;6;+1;L'episodio presenta numerosi episodi di razzismo esplicito (uso ripetuto della parola 'negro', sospetto automatico di bomba, associazione tra migranti e malattie, ecc.) da parte di personaggi secondari e pazienti. Tuttavia, la narrazione assume una posizione critica: i personaggi positivi (medici, infermieri) reagiscono con disagio, disapprovazione o ironia, contestando apertamente i pregiudizi e difendendo i pazienti stranieri. Il personaggio migrante (Omar) è umanizzato, la sua storia personale viene raccontata con empatia, e la narrazione mostra consapevolezza delle difficoltà sistemiche (es. difficoltà di accesso alle cure per gli extracomunitari). Non si arriva però a un'analisi strutturale del razzismo: le cause sistemiche vengono solo accennate, non approfondite, e le voci marginalizzate non sono centrali nella risoluzione. Il messaggio dominante è che il razzismo è sbagliato e che i pregiudizi sono infondati, ma la critica rimane a livello interpersonale e morale, non strutturale.;Nonostante la presenza di molti stereotipi e insulti razzisti, questi sono sempre attribuiti a personaggi negativi o ignoranti e vengono contestati dai protagonisti. La narrazione non normalizza né minimizza il pregiudizio, ma lo problematizza e lo condanna implicitamente.;L'episodio non raggiunge i livelli di +2 o +3 perché manca un vero impegno critico o trasformativo: non c'è un dibattito esplicito sulle cause sociali del razzismo, né una centralità delle voci marginalizzate nella risoluzione. Il razzismo viene affrontato come problema morale individuale, non come questione sociale o strutturale.
TERAPIA D URGENZA;01;16;Terapia d urgenzaS01E16;27/08/2009;7;-2;L'episodio presenta numerosi momenti di razzismo esplicito e stereotipi contro migranti e persone nere (es. ripetuti insulti 'negro', sospetti immotivati di bomba, associazione automatica tra extracomunitari e malattie come HIV e rabbia, battute sull'ospitalità italiana, paura irrazionale e reazioni isteriche). Questi atteggiamenti sono espressi da diversi personaggi, spesso in modo normale o scherzoso, e la narrazione li inserisce come parte della quotidianità. Le contestazioni sono minime e quasi sempre formali (il personale medico chiede di contenersi, invita a scusarsi, ma non c'è una vera presa di posizione o conseguenza negativa per chi esprime razzismo). Il tono generale normalizza il pregiudizio: i commenti razzisti sono trattati come battute o reazioni comprensibili, senza una distanza critica netta. L'episodio non si impegna in una riflessione strutturale sul razzismo, né offre una morale chiara contro la discriminazione.;Non assegno -3 perché, sebbene il razzismo sia normalizzato e diffuso, non viene attivamente celebrato o sostenuto dai personaggi positivi principali. I protagonisti non sono apertamente razzisti né le loro idee discriminatorie sono presentate come giuste o vincenti. Alcuni personaggi invitano alla calma, chiedono scuse, e il personale medico si comporta in modo professionale con il paziente migrante, evitando umiliazioni dirette. Il razzismo non è il valore centrale e vincente della narrazione.;Non assegno -1 o valori positivi perché la maggioranza dei segnali punta verso la normalizzazione del pregiudizio: il razzismo è presente, ripetuto e raramente contestato con convinzione. Non c'è consapevolezza critica, né impegno attivo contro la discriminazione. Le voci marginalizzate non sono centrali, e la narrazione non offre crescita o soluzioni concrete. Gli stereotipi etnici sono accettati come parte del contesto, senza ironia o riflessione.
TERAPIA D URGENZA;01;16;Terapia d urgenzaS01E16;27/08/2009;8;-2;L'episodio presenta numerosi momenti di razzismo esplicito e stereotipi verso migranti e persone di colore: il termine 'negro' è usato più volte, si ipotizza che il personaggio africano abbia lasciato una bomba, e viene associato a malattie come AIDS e rabbia. La maggior parte dei personaggi reagisce con indifferenza o normalizza questi pregiudizi: i commenti razzisti vengono trattati come battute o semplici paure, spesso senza una vera distanza critica. Solo in rare occasioni, un personaggio invita a scusarsi o mostra disagio, ma la narrazione nel complesso non condanna né problematizza realmente il razzismo, che resta sullo sfondo come parte 'normale' della vita ospedaliera. Non c'è un vero dibattito, né conseguenze negative per chi esprime pregiudizi, e la posizione dominante è di normalizzazione.;"Non assegno -3 perché, sebbene il razzismo sia presente e normalizzato, non viene mai esplicitamente sostenuto dai protagonisti positivi né celebrato come valore; i personaggi razzisti non sono ritratti in modo eroico o vincente, e in alcuni casi vengono invitati a scusarsi, anche se in modo superficiale.";Non assegno -1 perché la presenza di stereotipi e commenti razzisti è troppo diffusa e accettata dal contesto, senza alcuna vera contestazione o consapevolezza critica. Non ci sono segnali di ironia, crescita o rispetto per la diversità: la posizione dominante è la normalizzazione del pregiudizio, non la sua minimizzazione.
TERAPIA D URGENZA;01;16;Terapia d urgenzaS01E16;27/08/2009;9;-2;L'episodio presenta numerosi momenti di razzismo esplicito e stereotipi verso migranti e persone di colore, soprattutto nei dialoghi dei personaggi comuni (es. 'negro con la borsa figa', 'questo viene dal Burundi', 'non sono razzista, mi sono spaventata', 'questo è arabo e negro', 'loro li curate', 'se ne restino al loro paese'). Questi commenti sono ripetuti e diffusi tra diversi personaggi, spesso trattati come battute o reazioni 'normali' alla presenza di migranti. La narrazione mostra una distanza critica minima: alcuni personaggi (medici, infermieri) contestano o correggono le paure e i pregiudizi, ma lo fanno in modo burocratico o poco incisivo, senza una vera presa di posizione morale. Non c'è una vera conseguenza negativa per chi esprime razzismo, né un dibattito esplicito sul tema. L'atmosfera generale normalizza il pregiudizio, e i personaggi migranti sono quasi sempre definiti dalla loro condizione di marginalità o dalla paura che suscitano. L'episodio non si limita a minimizzare, ma mostra il razzismo come parte integrante e accettata della quotidianità, senza una vera contestazione.;Non assegno -3 perché, sebbene il razzismo sia normalizzato e diffuso, non viene sostenuto attivamente dalla narrazione principale: i personaggi più positivi (medici, caposala) non sono apertamente razzisti, e in alcuni casi invitano a scusarsi o correggono le paure infondate. Non c'è una glorificazione dei personaggi razzisti né una morale che giustifica la discriminazione.;Non assegno punteggi più alti perché la narrazione non mostra consapevolezza critica, né un impegno a sfidare i pregiudizi. I personaggi di diverse etnie sono marginali e definiti dai loro stereotipi, e le voci razziste non vengono mai realmente messe in discussione o affrontate come problema sociale.
TERAPIA D URGENZA;01;16;Terapia d urgenzaS01E16;27/08/2009;10;+1;"L'episodio presenta numerosi episodi di razzismo esplicito (insulti, sospetti infondati, associazione tra migranti e malattie/bombe), ma questi sono attribuiti a personaggi secondari e vengono sempre contestati o ridicolizzati dai personaggi positivi o dal contesto narrativo. Il personaggio migrante (Omar) è umanizzato, riceve cure e comprensione, e la narrazione mostra empatia verso la sua solitudine e difficoltà. I commenti razzisti sono seguiti da richieste di scuse o da interventi critici (""Signora, credo che lei debba delle scuse a questo giovane""), e la narrazione non lascia mai spazio a una normalizzazione del pregiudizio. Tuttavia, la rappresentazione non arriva mai a un'analisi strutturale delle cause del razzismo né a una centralità delle voci marginalizzate: il focus resta sugli italiani e sul loro percorso di crescita o consapevolezza.";Non assegno un punteggio più basso perché il razzismo non viene mai normalizzato o sostenuto: i personaggi positivi prendono le distanze, contestano o correggono i pregiudizi, e la narrazione suggerisce chiaramente che il razzismo è sbagliato.;Non assegno un punteggio più alto perché l'episodio non affronta il razzismo come problema sociale strutturale (+2), né offre una critica sistemica o soluzioni concrete (+3). La prospettiva resta quella dei personaggi italiani, e le voci dei migranti non sono centrali o autorevoli.
CUORI;02;12;CuoriS02E12;05/11/2023;1;N/A;L'episodio, basato sui sottotitoli forniti, non presenta alcun riferimento esplicito o implicito a razza, etnia, discriminazione razziale o stereotipi etnici. I dialoghi si concentrano su questioni familiari, mediche, relazionali e professionali, senza menzionare personaggi migranti, rom, italiani di seconda generazione o dinamiche razziali. L'unico riferimento potenzialmente ambiguo ('se era nera lo sa sta cosa') non viene sviluppato né contestualizzato come elemento razziale, ma sembra solo una battuta di passaggio senza alcuna rilevanza tematica.;Non ci sono elementi discriminatori, stereotipi o normalizzazione di pregiudizi razziali, quindi non è possibile assegnare un punteggio negativo.;Non ci sono neanche elementi di consapevolezza, impegno critico o analisi strutturale della discriminazione razziale, quindi non è possibile assegnare un punteggio positivo.
CUORI;02;12;CuoriS02E12;05/11/2023;2;N/A;Nell'episodio non ci sono riferimenti espliciti o impliciti a razza, etnia, migrazione o questioni razziali. I personaggi e le dinamiche ruotano attorno a temi familiari, sentimentali e professionali, senza mai toccare argomenti legati al razzismo o alla diversità etnica. L'unico accenno potenzialmente rilevante ('Oddio, ma se era nera lo sa sta cosa') è un riferimento isolato e non sviluppato, che non viene contestualizzato né tematizzato, risultando più una constatazione neutra che un elemento di rappresentazione razziale.;Non ci sono elementi discriminatori, stereotipi, battute o atteggiamenti che normalizzino o minimizzino il razzismo. L'assenza di riferimenti rende impossibile attribuire un punteggio negativo.;Non ci sono nemmeno elementi di riconoscimento, critica o approfondimento delle tematiche razziali, né personaggi di minoranze etniche con ruoli significativi. L'argomento semplicemente non è presente.
CUORI;02;12;CuoriS02E12;05/11/2023;3;N/A;L'episodio, basato sui sottotitoli forniti, non presenta alcun riferimento esplicito o implicito a razza, etnia, discriminazione razziale o stereotipi etnici. I dialoghi ruotano attorno a questioni familiari, mediche, relazionali e professionali, senza che emergano personaggi, situazioni o battute legate alle tematiche razziali rilevanti per il contesto italiano (migranti, rom, italiani di seconda generazione, ecc.).;Non ci sono elementi che suggeriscano discriminazione, stereotipi o normalizzazione di pregiudizi razziali, quindi non è possibile assegnare un punteggio negativo.;Non ci sono nemmeno elementi di riconoscimento, impegno critico o analisi strutturale del razzismo, quindi non è possibile assegnare un punteggio positivo.
CUORI;02;12;CuoriS02E12;05/11/2023;4;N/A;Nell'episodio, non ci sono riferimenti espliciti o impliciti a razza, etnia, migranti, rom, italiani di seconda generazione, né vengono affrontati temi legati al razzismo o alla discriminazione etnica. I dialoghi e le situazioni ruotano esclusivamente attorno a dinamiche familiari, sentimentali e professionali, senza alcun accenno a questioni razziali.;Non è possibile assegnare un punteggio negativo, perché non vi è alcuna rappresentazione di razzismo, né normalizzazione, né minimizzazione, né sostegno alla discriminazione.;Non è possibile assegnare un punteggio positivo, perché l'episodio non affronta in alcun modo il tema della diversità etnica o razziale, né mostra consapevolezza, impegno critico o inquadramento trasformativo su questi temi.
CUORI;02;12;CuoriS02E12;05/11/2023;5;N/A;Nell'episodio, non ci sono riferimenti espliciti o impliciti a razza, etnia, migrazione o questioni legate al razzismo. I personaggi e le dinamiche ruotano attorno a temi familiari, lavorativi e sentimentali, senza alcuna menzione o rappresentazione di diversità etnica o di stereotipi razziali. L'unico accenno potenzialmente rilevante è la frase 'Oddio, ma se era nera lo sa sta cosa', ma dal contesto appare come una semplice informazione sul colore della pelle della bambina, senza alcuna carica discriminatoria, giudizio o stereotipo associato. Non ci sono battute, atteggiamenti o narrazioni che normalizzino, minimizzino o critichino il razzismo.;Non sono presenti elementi discriminatori, stereotipi o normalizzazione del pregiudizio che giustificherebbero un punteggio negativo.;Non ci sono nemmeno elementi di riconoscimento consapevole, impegno critico o inquadramento trasformativo rispetto al razzismo, perché il tema non viene affrontato in alcun modo.
CUORI;02;12;CuoriS02E12;05/11/2023;6;N/A;L'episodio, basato sui sottotitoli forniti, non presenta alcun riferimento esplicito o implicito a razza, etnia o questioni di discriminazione razziale. I dialoghi ruotano attorno a dinamiche familiari, relazioni sentimentali, problemi di salute e questioni lavorative, senza mai evocare stereotipi, pregiudizi o situazioni che coinvolgano migranti, rom, italiani di seconda generazione o altri gruppi etnici. L'unico accenno potenzialmente rilevante ('ma se era nera lo sa sta cosa') è un commento marginale e non sviluppato, che non introduce né stereotipi né dinamiche razziali nell'intreccio.;Non si può assegnare un punteggio negativo perché non ci sono elementi di discriminazione o normalizzazione del pregiudizio: il tema razziale è assente.;"Non si può assegnare un punteggio positivo perché l'episodio non affronta né tematizza in alcun modo il razzismo o la diversità etnica; la questione non è presente."
CUORI;02;12;CuoriS02E12;05/11/2023;7;N/A;L'episodio non presenta riferimenti espliciti a razza, etnia, migrazione, né a personaggi che siano identificati come appartenenti a minoranze etniche o migranti. L'unico accenno potenzialmente rilevante ('se era nera lo sa sta cosa') è ambiguo e non contestualizzato: non è chiaro se si riferisca a una questione razziale, ma non viene sviluppato né tematizzato nel corso della narrazione. Nessun personaggio viene descritto o trattato in modo differente per motivi etnici o razziali, e la trama ruota esclusivamente intorno a dinamiche familiari, professionali e sentimentali.;"Non ci sono elementi di discriminazione, stereotipi o pregiudizi razziali; nessun personaggio viene rappresentato in modo problematico rispetto alla questione razziale.";Non ci sono neppure elementi di riconoscimento, consapevolezza o critica del razzismo, né personaggi marginalizzati che assumano centralità o voce autorevole. La questione razziale è semplicemente assente.
CUORI;02;12;CuoriS02E12;05/11/2023;8;N/A;L'episodio, basato sui sottotitoli forniti, non presenta alcun riferimento diretto o indiretto a razza, etnia, discriminazione razziale o stereotipi etnici. L'unico accenno potenzialmente rilevante è una breve frase ('Oddio, ma se era nera lo sa sta cosa'), che però non viene sviluppata né contestualizzata come elemento di razzismo o pregiudizio. La narrazione si concentra su dinamiche familiari, professionali e relazionali senza alcun approfondimento o rappresentazione di questioni razziali.;Non si può assegnare un punteggio negativo perché non ci sono elementi di discriminazione, stereotipi o normalizzazione del pregiudizio razziale.;Non si può assegnare un punteggio positivo perché non viene affrontato il tema del razzismo, né in modo critico né trasformativo.
CUORI;02;12;CuoriS02E12;05/11/2023;9;N/A;Nell'episodio, non ci sono riferimenti espliciti o impliciti a razza, etnia, migranti, rom, o italiani di seconda generazione. La narrazione si concentra su dinamiche familiari, problemi lavorativi, relazioni sentimentali e questioni mediche. L'unico accenno potenzialmente rilevante è la frase 'ma se era nera lo sa sta cosa', che appare in un contesto di pettegolezzo tra personaggi secondari, ma non viene sviluppata né tematizzata: la bambina in questione non viene mai caratterizzata per la sua etnia, né la questione razziale diventa oggetto di discussione, stereotipo o conflitto. Non ci sono personaggi che subiscono o agiscono discriminazione razziale, né la narrazione mostra consapevolezza o critica su questi temi.;Non è applicabile un punteggio negativo perché il razzismo non viene né sostenuto, né normalizzato, né minimizzato: semplicemente non è presente come tema.;"Non è applicabile un punteggio positivo perché non c'è alcun riconoscimento, impegno critico o analisi trasformativa sul razzismo; il tema non viene affrontato."
CUORI;02;12;CuoriS02E12;05/11/2023;10;N/A;Nell'episodio, non ci sono riferimenti espliciti o impliciti a razza, etnia, migranti, rom, italiani di seconda generazione o tematiche legate al razzismo. I dialoghi e le dinamiche ruotano esclusivamente attorno a questioni familiari, sentimentali e professionali (medicina, lavoro, relazioni personali). L'unico accenno che potrebbe essere vagamente collegato è la frase 'Oddio, ma se era nera lo sa sta cosa', ma si riferisce solo al colore della pelle della bambina, senza alcun giudizio, stereotipo, discriminazione o discussione sul tema razziale. Non viene mai tematizzato il razzismo, né in senso positivo né negativo.;Non ci sono elementi razzisti o discriminatori, né stereotipi, né normalizzazione del pregiudizio, né minimizzazione. L'assenza totale di riferimenti rende impossibile assegnare un punteggio negativo.;Non ci sono nemmeno elementi di riconoscimento, impegno critico o analisi strutturale del razzismo. Il tema non è presente, quindi non si può valutare positivamente la rappresentazione.
OLTRE LA SOGLIA;01;04;Oltre la sogliaS01E04;27/11/2019;1;+1;L'episodio affronta la questione del razzismo principalmente attraverso la storia di Adila, ragazza italiana di origine burkinabé. La sua esperienza di alienazione e doppia vita viene esplicitata, così come la pressione familiare e sociale. I personaggi principali (medici, compagni) mostrano consapevolezza dei problemi di integrazione e delle microaggressioni (es. la domanda 'da dove vieni?'), e viene sottolineato che non sempre questi comportamenti sono mossi da cattiveria, ma hanno comunque effetti negativi. La narrazione non normalizza né minimizza il razzismo, anzi lo riconosce come fonte di disagio e sofferenza. Tuttavia, il razzismo non è il tema centrale: viene trattato come uno dei fattori di stress nella vita di Adila, ma non viene analizzato in modo strutturale né messo al centro della trama. Le voci marginalizzate (Adila e la madre) sono ascoltate e rispettate, ma non sono centrali o autorevoli rispetto alla risoluzione. L'episodio mostra consapevolezza critica, ma non arriva a un impegno esplicito o a una critica sistemica.;Il razzismo non è mai normalizzato né minimizzato: i commenti potenzialmente problematici vengono contestualizzati e spiegati, e il disagio di Adila è riconosciuto come reale e importante. Non ci sono stereotipi etnici riprodotti acriticamente, né personaggi razzisti positivi.;L'episodio non si spinge fino a un impegno critico (+2): il razzismo non viene affrontato come problema sociale da risolvere, non c'è dibattito esplicito né crescita dei personaggi rispetto ai pregiudizi. Manca anche una vera analisi strutturale (+3): le cause sistemiche non vengono esplorate, né vengono proposte soluzioni concrete per l'equità.
OLTRE LA SOGLIA;01;04;Oltre la sogliaS01E04;27/11/2019;2;+1;L'episodio presenta diversi personaggi di origine straniera (Amir, Adila e i suoi genitori) e italiani di seconda generazione. La questione razziale viene affrontata in modo consapevole: Adila è una ragazza nata in Italia da genitori del Burkina Faso, e la narrazione mostra sia le sue difficoltà di integrazione sia le microaggressioni quotidiane (ad esempio, la domanda 'da dove vieni?' o il commento sulla lingua italiana). Viene esplicitato che questi atteggiamenti, anche se non sempre malevoli, fanno sentire Adila alienata. La madre esprime la paura che la figlia possa essere discriminata per il colore della pelle, e la narrazione le dà spazio e dignità. Tuttavia, il razzismo non è il tema centrale: viene riconosciuto, ma non c'è una critica strutturale o un approfondimento sistemico. Gli stereotipi vengono evitati, i personaggi sono complessi e non ridotti a cliché etnici. Le reazioni dei personaggi principali sono rispettose e consapevoli, e quando emergono atteggiamenti problematici (la domanda sull'origine), vengono contestualizzati e corretti. L'episodio mostra consapevolezza critica, ma non arriva a un impegno esplicito o trasformativo.;Non assegno un punteggio più basso perché la rappresentazione della diversità è rispettosa e consapevole. Gli stereotipi vengono riconosciuti e problematizzati, non normalizzati. I personaggi di origine straniera hanno profondità e non sono ridotti a funzioni etniche. Le microaggressioni vengono esplicitate come fonte di disagio, non come normalità.;Non assegno +2 o +3 perché il razzismo non è affrontato come problema sociale centrale dell'episodio, né si sviluppa un dibattito esplicito o una critica alle strutture di potere. Non ci sono soluzioni concrete o una narrazione centrata sulle voci marginalizzate in chiave trasformativa. La consapevolezza è presente, ma resta a livello di riconoscimento e sensibilizzazione.
OLTRE LA SOGLIA;01;04;Oltre la sogliaS01E04;27/11/2019;3;+1;L'episodio affronta la questione razziale attraverso il personaggio di Adila, ragazza italiana di origine burkinabé. La narrazione mostra consapevolezza delle difficoltà di integrazione e delle microaggressioni (es. la domanda 'da dove vieni?' e il commento sulla lingua italiana), ma si sofferma soprattutto sul disagio interiore di Adila e sul rapporto con i genitori, evitando stereotipi negativi. I personaggi principali (medici, amici) reagiscono con rispetto e comprensione, e la questione razziale viene tematizzata con delicatezza, senza però approfondire le cause sistemiche o proporre soluzioni strutturali. Il razzismo viene riconosciuto come problema sociale (la madre teme che la figlia sia discriminata per il colore della pelle), ma non è al centro della narrazione, che resta focalizzata sull'identità e il disagio adolescenziale.;Non ci sono elementi di normalizzazione o minimizzazione del pregiudizio: i pochi riferimenti a stereotipi o domande inappropriate vengono subito contestualizzati o corretti (es. 'esistono anche neri italiani'). Nessun personaggio positivo esprime idee razziste, e la narrazione mostra empatia verso l'esperienza di Adila.;L'episodio non offre un'analisi strutturale del razzismo né dà voce centrale e autorevole a personaggi marginalizzati. Il tema viene trattato con consapevolezza, ma resta sullo sfondo rispetto alla trama principale (la salute mentale e i conflitti familiari), senza un vero impegno critico o trasformativo verso le strutture di potere.
OLTRE LA SOGLIA;01;04;Oltre la sogliaS01E04;27/11/2019;4;+1;L'episodio affronta la questione razziale principalmente attraverso il personaggio di Adila, ragazza italiana di seconda generazione con genitori del Burkina Faso. Viene esplicitato il disagio che Adila prova per le domande sulla sua origine e per la doppia pressione culturale (famiglia e società italiana). La narrazione mostra consapevolezza critica: i commenti stereotipati ('Da dove vieni?', 'Parli bene italiano') sono contestualizzati come fonte di alienazione, e la dottoressa Tosca interviene per sottolineare che 'esistono anche neri italiani'. I genitori di Adila esprimono la loro preoccupazione per il rischio di discriminazione, e il testo evidenzia la difficoltà di vivere tra due mondi. Tuttavia, il razzismo non viene affrontato come problema strutturale: non ci sono discussioni approfondite sulle cause sistemiche né soluzioni concrete, e la voce di Adila, pur centrale, rimane legata alla sua esperienza personale. Il tono generale è rispettoso e consapevole, ma non si arriva a un impegno critico o trasformativo.;Non assegno un punteggio più basso perché gli stereotipi e le microaggressioni sono esplicitamente riconosciuti come problematici, sia dai personaggi che dalla narrazione. Non vengono normalizzati né minimizzati, e la rappresentazione di Adila è dignitosa e complessa.;Non assegno +2 o +3 perché il razzismo non è affrontato come problema sociale o sistemico: manca una critica alle strutture di potere, non ci sono dibattiti espliciti né soluzioni proposte. La narrazione si limita al riconoscimento consapevole e all'empatia verso la protagonista, senza andare oltre.
OLTRE LA SOGLIA;01;04;Oltre la sogliaS01E04;27/11/2019;5;+1;L'episodio affronta il tema della diversità etnica e delle seconde generazioni in Italia attraverso il personaggio di Adila, figlia di immigrati dal Burkina Faso, nata e cresciuta in Italia. Viene mostrato il disagio di Adila rispetto alle domande sull'origine, il suo sentirsi alienata, e la pressione familiare tra integrazione e tradizione. La narrazione riconosce la difficoltà di essere 'neri italiani' e include momenti di consapevolezza critica: una battuta sull'origine viene immediatamente contestata ('esistono anche neri italiani'), la storia di Adila è trattata con empatia e rispetto, e la madre esplicita la paura del razzismo verso la figlia. Tuttavia, il razzismo non è centrale né analizzato in profondità: non ci sono personaggi apertamente razzisti, né viene mostrato un dibattito sociale o una critica strutturale. Il focus resta sulle dinamiche familiari, sull'identità e sulle difficoltà di crescita, con il razzismo evocato come rischio e paura, ma non come esperienza diretta o tema dominante.;"Non ci sono stereotipi etnici riprodotti né battute razziste normalizzate; la narrazione mostra rispetto e consapevolezza, contestando anche le domande sull'origine. Il disagio di Adila viene trattato con empatia e non ridotto a cliché.";Il razzismo viene solo evocato come rischio e paura, non affrontato come problema sociale né analizzato nelle sue cause sistemiche. Le voci marginalizzate sono presenti ma non centrali nella narrazione, e non si propongono soluzioni concrete per l'equità. Manca un vero impegno critico o trasformativo.
OLTRE LA SOGLIA;01;04;Oltre la sogliaS01E04;27/11/2019;6;+1;"L'episodio mostra una rappresentazione consapevole e problematizzata della diversità etnica e delle difficoltà di integrazione di una ragazza italiana di seconda generazione (Adila), figlia di genitori del Burkina Faso. Vengono esplicitate le pressioni culturali, i pregiudizi subiti (come la domanda 'da dove vieni?' e il sentirsi alienata), e la paura dei genitori che la figlia possa essere discriminata per il colore della pelle. Tuttavia, questi temi sono trattati con delicatezza e rispetto, senza mai scadere in stereotipi o battute razziste; i personaggi principali (medici, amici) mostrano empatia e comprensione. La narrazione attribuisce eventuali commenti ingenui o poco sensibili a personaggi secondari e li corregge subito (es: 'esistono anche neri italiani'). Non c'è una critica strutturale al razzismo sistemico, ma si riconosce la difficoltà di crescere in bilico tra due culture e si dà spazio alla voce della protagonista e dei suoi genitori.";Non ci sono stereotipi etnici riprodotti acriticamente, né battute o atteggiamenti razzisti normalizzati. Gli unici momenti di potenziale pregiudizio (la domanda sull'origine di Adila) vengono subito contestualizzati e corretti. L'episodio non minimizza né normalizza il pregiudizio, ma anzi lo riconosce e lo problematizza.;L'episodio non arriva a un impegno critico esplicito (+2): non ci sono personaggi che sfidano attivamente il razzismo sociale o che ingaggiano un dibattito esplicito sul tema, né una critica alle strutture di potere o una proposta di soluzioni concrete per l'equità. La narrazione si limita a mostrare consapevolezza e rispetto, senza approfondire le cause sistemiche della discriminazione.
OLTRE LA SOGLIA;01;04;Oltre la sogliaS01E04;27/11/2019;7;+1;L'episodio presenta una rappresentazione consapevole e rispettosa della diversità etnica e delle problematiche legate all'integrazione e al razzismo in Italia. Il personaggio di Adila, figlia di migranti dal Burkina Faso, è centrale e viene trattato con dignità, complessità e umanità. La narrazione evidenzia le difficoltà di essere 'neri italiani', le microaggressioni (come la domanda 'da dove vieni?'), e il disagio di vivere tra due culture, ma lo fa con empatia e senza stereotipi offensivi. I personaggi positivi (medici, amici) mostrano rispetto e comprensione, contestando implicitamente atteggiamenti superficiali o pregiudizi. Il razzismo è riconosciuto come problema sociale (la madre teme per la figlia a causa del colore della pelle), ma non viene analizzato in modo strutturale o sistemico: manca un vero dibattito esplicito sulle cause profonde, e la soluzione resta individuale e familiare. L'episodio non normalizza né minimizza il pregiudizio, ma nemmeno lo affronta con impegno critico o trasformativo.;"Non ho assegnato un punteggio più basso perché l'episodio non presenta stereotipi etnici offensivi, né normalizza o minimizza il razzismo. I personaggi di origine straniera sono complessi e non ridotti a cliché; le difficoltà di Adila sono trattate con rispetto e consapevolezza, e i personaggi positivi mostrano empatia e apertura.";"Non ho assegnato +2 o +3 perché l'episodio non sviluppa un vero impegno critico: non c'è una contestazione attiva dei pregiudizi da parte dei personaggi, né conseguenze negative chiare per comportamenti discriminatori. Manca una critica esplicita alle strutture di potere o una proposta di soluzioni concrete per l'equità; il razzismo è riconosciuto, ma resta sullo sfondo e non viene tematizzato in modo strutturale."
OLTRE LA SOGLIA;01;04;Oltre la sogliaS01E04;27/11/2019;8;+1;L'episodio presenta una rappresentazione consapevole e rispettosa delle questioni razziali e identitarie nel contesto italiano. Adila, ragazza italiana di origine burkinabé, è trattata come una persona complessa, non ridotta a cliché etnici. I pochi riferimenti all'origine (es. 'Da dove vieni? Da Montesacro' e la correzione 'esistono anche neri italiani') sono gestiti con consapevolezza e ironia, sottolineando la banalità e l'inconsapevolezza di certi automatismi razziali. Il conflitto generazionale e culturale è affrontato senza stereotipi: i genitori sono mediatori culturali e universitari, non caricature. Il disagio di Adila per le domande sull'identità, la pressione a 'integrarsi' senza omologarsi, e la paura della madre per il razzismo sono esplicitati e trattati con empatia. Non ci sono battute razziste normalizzate, né stereotipi etnici riprodotti acriticamente. Il tema del razzismo emerge soprattutto come pressione sociale sottile e interiorizzata, non come pregiudizio esplicito. Gli unici commenti problematici (la domanda sull'origine) sono subito contestualizzati e corretti da altri personaggi. La narrazione mostra consapevolezza critica e rispetto per la diversità, ma non si spinge fino a un'analisi strutturale o a una centralità delle voci marginalizzate.;Non ci sono elementi di normalizzazione o minimizzazione del pregiudizio: nessun personaggio positivo esprime idee razziste, e i pochi automatismi sono subito smascherati. La presenza di Adila e della sua famiglia è dignitosa e complessa, senza riduzioni a cliché.;L'episodio non offre un impegno critico esplicito (+2): non c'è un dibattito diretto sul razzismo come problema sociale, né vengono mostrate conseguenze dirette per atteggiamenti discriminatori. Manca anche una vera analisi delle strutture di potere o una centralità delle voci marginalizzate che caratterizzerebbe il +3.
OLTRE LA SOGLIA;01;04;Oltre la sogliaS01E04;27/11/2019;9;+1;"L'episodio affronta la questione razziale principalmente attraverso il personaggio di Adila, ragazza italiana di seconda generazione con genitori del Burkina Faso. La narrazione mostra consapevolezza delle difficoltà di integrazione, delle microaggressioni (la domanda 'da dove vieni?' e il sentirsi alienata), e delle pressioni familiari e sociali. Viene esplicitamente detto che i compagni evitano di parlare di possibili episodi di razzismo, e la madre di Adila esprime la paura che la figlia possa essere discriminata per il colore della pelle. Tuttavia, la questione razziale non è centrale né analizzata in modo strutturale: il focus rimane sulla salute mentale e sulle dinamiche familiari. Non ci sono stereotipi negativi attribuiti ai personaggi di origine straniera, né battute razziste normalizzate; anzi, viene mostrata empatia e rispetto. I personaggi positivi (medici, ragazzi) contestano implicitamente le microaggressioni e mostrano apertura. La narrazione non minimizza né normalizza il pregiudizio, ma non arriva a una critica strutturale o a un dibattito esplicito sulla discriminazione.";Non ci sono personaggi razzisti ritratti positivamente, né stereotipi etnici dannosi o battute razziste normalizzate. La diversità non è trattata in modo superficiale o ridotta a cliché. Le microaggressioni sono riconosciute e contestate, sia pure in modo implicito.;L'episodio non sviluppa un vero impegno critico (+2): il razzismo non è affrontato come problema sociale centrale, non ci sono conseguenze esplicite per comportamenti discriminatori, né dibattiti o crescita dei personaggi su questi temi. Manca anche una vera analisi strutturale (+3): le cause sistemiche della discriminazione non vengono esplorate, le voci marginalizzate non sono centrali nella narrazione, e non vengono proposte soluzioni concrete per l'equità.
OLTRE LA SOGLIA;01;04;Oltre la sogliaS01E04;27/11/2019;10;+1;"L'episodio affronta il tema della diversità etnica e delle difficoltà di integrazione in Italia, in particolare attraverso il personaggio di Adila, figlia di migranti dal Burkina Faso, nata in Italia. Viene mostrata la pressione culturale e familiare, il disagio nel sentirsi 'alienata' e la tendenza degli altri a chiederle 'da dove viene', evidenziando una consapevolezza critica dei micro-razzismi quotidiani. Il dialogo tra Adila e la dottoressa, così come quello con i genitori, mette in luce il conflitto tra integrazione e omologazione, e la paura dei genitori che la figlia possa subire discriminazioni. Tuttavia, il razzismo non è mai affrontato come problema sociale strutturale, né viene analizzato in profondità; la narrazione si limita a riconoscere le difficoltà e i pregiudizi senza proporre una vera critica sistemica o soluzioni concrete. Gli stereotipi vengono contestati (ad esempio, la risposta 'esistono anche neri italiani'), ma non sono al centro della trama.";Non assegno un punteggio più basso perché l'episodio non normalizza né minimizza il pregiudizio: la narrazione mostra empatia verso Adila, evidenzia le difficoltà di chi è percepito come 'diverso', e i personaggi positivi (medici, amici) contestano le domande e i comportamenti problematici. Non ci sono personaggi razzisti ritratti positivamente né stereotipi riprodotti senza distanza critica.;Non assegno un punteggio più alto perché il razzismo non è affrontato come problema sociale strutturale (+2) né viene proposta una critica alle strutture di potere o una centralità delle voci marginalizzate (+3). Il tema rimane circoscritto alle difficoltà individuali e familiari, senza un vero impegno critico o trasformativo.
L ALLIEVA;02;01;L allievaS02E01;25/10/2018;1;N/A;Nell'episodio non sono presenti riferimenti, battute, situazioni o personaggi che riguardino direttamente la razza o l'etnia in senso rilevante per la scala. Le uniche menzioni sono di tipo tecnico (ad esempio, 'razza caucasica' e 'razza negroide' in ambito medico/forense), senza alcuna valenza narrativa, stereotipica o morale. Non ci sono personaggi identificati come stranieri, migranti, rom o italiani di seconda generazione che abbiano un ruolo significativo nella trama, né vengono affrontati temi di discriminazione, pregiudizio o diversità etnica.;"Non ci sono elementi discriminatori, stereotipi o battute a sfondo razziale/etnico; nessun personaggio subisce o perpetua discriminazione su base razziale.";Non ci sono nemmeno elementi di riconoscimento consapevole, critica o valorizzazione della diversità etnica, né viene affrontato il tema del razzismo in alcuna forma. L'argomento è semplicemente assente.
L ALLIEVA;02;01;L allievaS02E01;25/10/2018;2;N/A;L'episodio non presenta alcun riferimento esplicito o implicito a razza, etnia, migranti, rom, o italiani di seconda generazione. I personaggi principali e secondari sono italiani, e le interazioni non toccano mai temi di discriminazione razziale o stereotipi etnici. L'unica menzione di 'razza' è in senso biologico (analisi delle ossa: 'razza caucasica', 'madre di razza negroide'), utilizzata esclusivamente come dato scientifico in ambito medico-legale, senza alcuna implicazione sociale, culturale o discriminatoria. Non ci sono battute, commenti, né situazioni che rimandino a questioni razziali nel contesto italiano.;Non ci sono elementi che suggeriscano discriminazione, stereotipi, o normalizzazione del pregiudizio. L'assenza totale di riferimenti razziali esclude punteggi negativi.;Non vengono affrontati temi di razzismo, né c'è consapevolezza critica, impegno sociale o analisi strutturale della discriminazione. L'argomento razziale è semplicemente assente, quindi non si può assegnare un punteggio positivo.
L ALLIEVA;02;01;L allievaS02E01;25/10/2018;3;N/A;L'episodio non presenta riferimenti espliciti o impliciti a razza, etnia, migranti, rom, o italiani di seconda generazione come oggetto di discriminazione, stereotipi o pregiudizi. I personaggi principali e secondari sono rappresentati senza alcun accento sulle loro origini etniche o razziali, e le interazioni non includono battute, commenti o situazioni che rimandino a questioni di razzismo o diversità etnica nel contesto italiano. L'unico riferimento alla 'razza' è in senso medico/antropologico (analisi delle ossa), senza alcuna connotazione sociale o discriminatoria.;Non ci sono elementi di discriminazione, stereotipi o normalizzazione del pregiudizio razziale, né minimizzazione o ironia sugli stereotipi etnici. Nessun personaggio esprime idee razziste, né la narrazione li sostiene.;Non ci sono elementi di riconoscimento consapevole, impegno critico o analisi trasformativa del razzismo, semplicemente perché il tema non viene affrontato in alcun modo. L'assenza totale di riferimenti rende impossibile attribuire un punteggio positivo.
L ALLIEVA;02;01;L allievaS02E01;25/10/2018;4;N/A;L'episodio non presenta riferimenti espliciti a razza, etnia, migranti, rom, o italiani di seconda generazione. Le uniche menzioni potenzialmente rilevanti sono di tipo scientifico (analisi del DNA: 'madre di razza negroide'), ma sono usate esclusivamente in contesto medico/forense senza alcuna implicazione sociale, stereotipica o discriminatoria. Non ci sono personaggi o situazioni che trattano temi di razzismo, pregiudizio etnico, o diversità culturale in senso sociale.;"Non ci sono elementi che suggeriscano discriminazione o stereotipi razziali; l'assenza di contenuti rilevanti esclude punteggi negativi.";"L'episodio non affronta la questione del razzismo né in modo critico né trasformativo; semplicemente il tema non è presente."
L ALLIEVA;02;01;L allievaS02E01;25/10/2018;5;N/A;L'episodio non presenta alcun riferimento diretto o indiretto a razza, etnia, migrazione o questioni razziali. I personaggi sono tutti italiani e le interazioni non includono stereotipi, battute, o narrazioni relative al razzismo o alla diversità etnica. L'unico accenno alla provenienza è relativo a una ragazza tedesca e a una madre egiziana/etiope menzionata in un contesto strettamente genetico, senza alcuna valenza sociale o narrativa sul tema del razzismo.;Non ci sono elementi discriminatori, stereotipi etnici, né normalizzazione o minimizzazione di pregiudizi. La questione razziale non viene affrontata in alcun modo.;Non ci sono elementi di riconoscimento, critica o analisi del razzismo, né rappresentazioni di diversità etnica che abbiano rilievo nella narrazione. L'argomento semplicemente non è presente.
L ALLIEVA;02;01;L allievaS02E01;25/10/2018;6;N/A;L'episodio non presenta alcun riferimento diretto o indiretto a razza, etnia, migranti, rom, italiani di seconda generazione, né a questioni di discriminazione razziale. I personaggi sono tutti italiani (o comunque non caratterizzati etnicamente), e le interazioni, battute e conflitti ruotano esclusivamente attorno a dinamiche personali, lavorative e familiari. L'unico accenno alla 'razza' è in senso medico/forense (caucasica, negroide) durante l'analisi dei resti, ma è usato esclusivamente in contesto scientifico, senza alcuna implicazione sociale, morale o narrativa.;Non ci sono stereotipi, battute, normalizzazione, né minimizzazione di questioni razziali: semplicemente il tema non è presente.;Non ci sono elementi di riconoscimento, impegno critico o analisi trasformativa sul razzismo, perché il tema non viene mai affrontato.
L ALLIEVA;02;01;L allievaS02E01;25/10/2018;7;N/A;L'episodio non presenta alcun riferimento diretto o indiretto alla questione razziale o etnica nel contesto italiano. I personaggi principali e secondari non sono identificati tramite etnia o razza, né vengono affrontati temi di discriminazione, stereotipi o pregiudizi razziali. L'unico riferimento alla 'razza' è di tipo medico/antropologico (analisi delle ossa e del DNA), senza implicazioni sociali o narrative di tipo razziale. Non ci sono migranti, rom, italiani di seconda generazione o personaggi che subiscono o agiscono discriminazioni etniche.;Non applicabile: nessun contenuto razzista o discriminatorio, né normalizzazione di stereotipi.;Non applicabile: nessun contenuto che affronti il razzismo in modo consapevole, critico o trasformativo.
L ALLIEVA;02;01;L allievaS02E01;25/10/2018;8;N/A;L'episodio non presenta alcun riferimento diretto o indiretto a razza, etnia, migranti, rom, italiani di seconda generazione, né a questioni razziali nel contesto italiano. I personaggi e le situazioni ruotano attorno a dinamiche familiari, amorose, lavorative e di amicizia, senza alcun accenno a discriminazione razziale o stereotipi etnici. L'unico riferimento alla 'razza' è in senso medico (caucasica, negroide) durante l'identificazione dei resti, usato in modo tecnico e non sociale o discriminatorio.;Non ci sono elementi che suggeriscano discriminazione, stereotipi o normalizzazione di pregiudizi razziali. L'assenza totale di contenuti razziali rende impossibile assegnare un punteggio negativo.;Non ci sono nemmeno elementi di riconoscimento, impegno critico o analisi trasformativa sul tema del razzismo, semplicemente perché il tema non è presente.
L ALLIEVA;02;01;L allievaS02E01;25/10/2018;9;N/A;L'episodio non presenta alcun riferimento esplicito o implicito a razza, etnia, migranti, rom, italiani di seconda generazione o dinamiche razziali nel contesto italiano. I personaggi e le situazioni ruotano esclusivamente attorno a questioni personali, lavorative, familiari e sentimentali. L'unico uso del termine 'razza' è in senso biologico/antropologico (ad esempio, 'razza caucasica' riferito a resti umani), senza alcuna implicazione sociale, culturale o discriminatoria. Non emergono stereotipi, battute, commenti o dinamiche che riguardino la diversità etnica o razziale.;Non ci sono elementi di discriminazione, normalizzazione, minimizzazione o stereotipizzazione razziale: semplicemente il tema non è presente.;Non ci sono elementi di riconoscimento, impegno critico o analisi trasformativa sul razzismo, né voci marginalizzate o discussioni sulle strutture di potere: il tema è completamente assente.
L ALLIEVA;02;01;L allievaS02E01;25/10/2018;10;N/A;L'episodio non presenta alcun riferimento diretto o indiretto al razzismo, né a questioni etniche o migratorie rilevanti nel contesto italiano. I personaggi sono tutti italiani e le interazioni non toccano mai temi di discriminazione razziale, stereotipi etnici, o pregiudizi legati all'origine. L'unico riferimento alla 'razza' è di tipo medico/antropologico (ad esempio, 'razza caucasica' durante l'autopsia), usato in senso tecnico e non sociale o discriminatorio. Non ci sono battute, commenti o situazioni che coinvolgano migranti, rom, italiani di seconda generazione o altre minoranze.;Non è stato assegnato un punteggio negativo perché non si riscontrano né normalizzazione né sostegno di pregiudizi razziali: semplicemente il tema non è presente.;Non è stato assegnato un punteggio positivo perché l'episodio non affronta in alcun modo il razzismo, né lo riconosce, né lo critica, né lo analizza. La questione è completamente assente.
NATI IERI;01;15;Nati ieriS01E15;05/02/2007;1;+1;L'episodio è ambientato in un ospedale italiano e mostra diversi personaggi di origine straniera, in particolare una giovane donna cinese (Zizi) che partorisce. La sua condizione di migrante e 'clandestina' viene esplicitata, ma il tono generale non è di condanna o ironia. I personaggi principali (medici, ostetriche) si impegnano ad aiutarla, spiegano che ha diritto all'assistenza e si preoccupano per il suo benessere. Alcuni personaggi secondari fanno commenti stereotipati ('sono tutte clandestine', 'sfruttatrice'), ma questi vengono contestati o ridimensionati dai protagonisti, che mantengono un atteggiamento rispettoso e protettivo. Non c'è una vera analisi critica delle cause del razzismo, né una centralità delle voci marginalizzate, ma la narrazione mostra consapevolezza delle difficoltà dei migranti e attribuisce i pregiudizi ai personaggi meno positivi. Il razzismo non viene normalizzato né minimizzato, ma nemmeno affrontato in modo strutturale.;Non assegno -1 o meno perché i personaggi positivi contestano i pregiudizi e si impegnano per aiutare la ragazza cinese, mostrando rispetto e consapevolezza. I commenti stereotipati non sono mai la posizione dominante e il tono generale non normalizza il razzismo.;Non assegno +2 o +3 perché l'episodio non affronta il razzismo come problema sociale in modo esplicito, né analizza le cause sistemiche. Le voci dei migranti non sono centrali o autorevoli, e la narrazione si limita a una consapevolezza critica senza proporre soluzioni o una vera trasformazione.
NATI IERI;01;15;Nati ieriS01E15;05/02/2007;2;+1;L'episodio presenta la presenza di personaggi stranieri (in particolare una ragazza cinese, Zizi) e affronta alcune difficoltà legate alla maternità e all'accesso alle cure. Alcuni personaggi fanno commenti stereotipati o minimizzano la situazione (es. 'sono queste cinesi', 'tutte clandestine'), ma questi atteggiamenti sono contestati o messi in discussione da altri personaggi, in particolare dal personale medico che si preoccupa per la salute della ragazza e della bambina, si attiva per garantirle assistenza e spiega i suoi diritti. La narrazione mostra consapevolezza delle difficoltà vissute dai migranti, senza però approfondire le cause strutturali della discriminazione. Gli stereotipi sono presenti ma non dominanti, e i personaggi positivi mostrano rispetto e attenzione verso la diversità, anche se con qualche paternalismo.;Non assegno un punteggio più basso perché i commenti problematici non sono mai la posizione dominante né vengono lasciati incontestati: il personale sanitario si impegna per aiutare la ragazza cinese, spiega i suoi diritti e si oppone apertamente alla sfruttatrice. La narrazione non normalizza il pregiudizio, ma lo riconosce e lo problematizza almeno in parte.;Non assegno +2 o +3 perché l'episodio non affronta il razzismo come problema sociale in modo esplicito né analizza le cause sistemiche della discriminazione. Le voci marginalizzate (come Zizi) non sono centrali o autorevoli, e la soluzione proposta è paternalistica e individuale, senza una critica strutturale o un vero dibattito esplicito sul tema.
NATI IERI;01;15;Nati ieriS01E15;05/02/2007;3;+1;L'episodio presenta diversi personaggi di origine straniera (in particolare una ragazza cinese, Zizi) e affronta situazioni di marginalità e difficoltà legate all'immigrazione e alla condizione di clandestinità. Il tono generale è di empatia e assistenza: le ostetriche e i medici si preoccupano per la salute della ragazza e del bambino, cercano di aiutarla nonostante le barriere linguistiche e sociali, e si oppongono alle logiche punitive o discriminatorie (ad esempio, spiegano che la madre ha diritto all'assistenza gratuita, contestano chi la vorrebbe denunciare). Tuttavia, emergono anche stereotipi e battute superficiali (“sono queste cinesi”, “chissà perché l’avevamo capito che erano tutte clandestine qua”), ma vengono contestati o ridimensionati dai personaggi positivi. Non c'è un approfondimento strutturale del razzismo, ma la narrazione mostra consapevolezza e rispetto per la diversità, attribuendo i commenti problematici a personaggi secondari o in modo ironico.;Non assegno un punteggio inferiore perché la maggior parte dei personaggi principali mostra rispetto e volontà di aiutare le persone straniere, contestando o ignorando i pregiudizi. Gli stereotipi non sono il fulcro della narrazione e non vengono mai presentati come 'normali' o accettabili senza distanza critica.;Non assegno un punteggio più alto perché l'episodio non affronta il razzismo come problema sociale in modo esplicito (+2), né analizza le cause sistemiche o dà voce centrale alle persone marginalizzate (+3). La consapevolezza è presente, ma manca un vero impegno critico o trasformativo.
NATI IERI;01;15;Nati ieriS01E15;05/02/2007;4;+1;L'episodio presenta la presenza di una ragazza cinese incinta (Zì/Zizi) e la sua amica, che gestisce un appartamento dove vivono altre donne cinesi. La situazione di marginalità e precarietà viene mostrata con una certa empatia: il personale ospedaliero si preoccupa per la salute di Zizi e della bambina, cerca di informarla dei suoi diritti (assistenza gratuita, possibilità di iscrivere la figlia al nido) e minaccia la 'sfruttatrice' di denuncia. Tuttavia, alcuni personaggi secondari fanno commenti stereotipati ('queste cinesi', 'sono tutte clandestine'), ma questi vengono immediatamente contestati o ridicolizzati dal contesto e dai personaggi positivi. L'episodio non offre una riflessione strutturale sul razzismo, ma mostra consapevolezza delle difficoltà delle migranti e attribuisce i commenti problematici a personaggi minori o negativi. Non ci sono stereotipi pesanti o ridicolizzazione delle minoranze, e la narrazione si concentra sull'aiuto e il rispetto.;Non assegno un punteggio più basso perché i commenti stereotipati sono contestualizzati come problematici, non sono mai la posizione dominante, e la narrazione mostra empatia e rispetto verso la protagonista cinese. I personaggi positivi si impegnano per aiutarla e contrastano la marginalizzazione.;Non assegno un punteggio più alto perché manca una vera analisi critica delle cause strutturali della discriminazione e le voci marginalizzate (le donne cinesi) non sono centrali o autorevoli nella narrazione. L'episodio si limita a una rappresentazione consapevole e rispettosa, senza approfondire il tema del razzismo come problema sociale o sistemico.
NATI IERI;01;15;Nati ieriS01E15;05/02/2007;5;+1;L'episodio è ambientato in un ospedale romano e presenta una pluralità di personaggi, tra cui una ragazza cinese (Zizi) che partorisce e viene aiutata dal personale sanitario. La sua condizione di migrante e di 'clandestina' viene esplicitata, ma la narrazione dominante è di assistenza, empatia e rispetto: le ostetriche e i medici si preoccupano per lei, la rassicurano, la accompagnano a casa e si impegnano a garantirle assistenza sanitaria. Alcuni personaggi secondari fanno commenti stereotipati o problematici (ad esempio, 'sono queste cinesi', 'chissà perché l'avevamo capito che erano tutte clandestine', 'sei una sfruttatrice'), ma questi vengono immediatamente controbilanciati da altri che contestano o correggono, e il tono generale è di solidarietà. Non c'è ironia sugli stereotipi, né minimizzazione: la difficoltà di Zizi è trattata con serietà e la sua voce, pur non centrale, viene rispettata. L'episodio mostra consapevolezza delle difficoltà dei migranti, ma non offre una critica strutturale né soluzioni concrete, limitandosi all'empatia individuale.;Non assegno un punteggio inferiore perché i personaggi positivi (medici, ostetriche) sono chiaramente dalla parte della ragazza cinese e si impegnano per aiutarla, contestando i pregiudizi e mostrando rispetto. Gli stereotipi sono presenti ma non normalizzati né sostenuti dalla narrazione dominante.;Non assegno +2 o +3 perché l'episodio non affronta il razzismo come problema sociale in modo esplicito, né offre una critica alle strutture di potere o soluzioni concrete. La voce della ragazza cinese non è centrale né autorevole: la sua storia resta marginale e mediata dai personaggi italiani.
NATI IERI;01;15;Nati ieriS01E15;05/02/2007;6;+1;L'episodio presenta alcuni personaggi di origine straniera (una ragazza cinese, il marito francese di Giuliana) e affronta temi come la solitudine delle migranti, le difficoltà linguistiche, la mancanza di documenti e la diffidenza verso le istituzioni. La narrazione mostra empatia verso la ragazza cinese, con le ostetriche che la aiutano e si preoccupano per lei, e cerca di garantire che abbia accesso all'assistenza sanitaria e ai diritti. Viene riconosciuta la sua condizione di vulnerabilità e si sottolinea la necessità di tutela. Tuttavia, emergono anche alcuni stereotipi e battute (“sono queste cinesi”, “chissà perché l’avevamo capito che erano tutte clandestine qua”), ma sono attribuiti a personaggi secondari e non vengono mai presentati come positivi o giustificati. L’atteggiamento prevalente dei protagonisti è di rispetto e aiuto, anche se non si arriva a una critica strutturale del razzismo.;"Non assegno un punteggio più basso perché i personaggi positivi contestano implicitamente i pregiudizi, aiutano la ragazza cinese e si impegnano per garantirle assistenza. Le battute e gli stereotipi non sono mai la posizione dominante e non vengono normalizzati; anzi, la narrazione si concentra sulla tutela e sulla dignità della persona migrante.";Non assegno un punteggio più alto perché manca un vero impegno critico o una discussione esplicita sulle cause sistemiche del razzismo. La questione viene trattata in modo pragmatico e umano, ma non c’è dibattito sociale né approfondimento sulle strutture di potere o sulle soluzioni concrete per l’equità. Le voci marginalizzate non sono centrali nella narrazione.
NATI IERI;01;15;Nati ieriS01E15;05/02/2007;7;+1;L'episodio presenta diversi personaggi di origine straniera (una ragazza cinese, il marito francese di Giuliana, riferimenti a migranti e 'clandestini'), ma la narrazione non indulge in stereotipi negativi né in battute razziste. Le difficoltà della ragazza cinese vengono trattate con empatia: le ostetriche si preoccupano per lei, cercano di aiutarla e di garantirle assistenza, anche se emergono problemi burocratici e di documenti. I personaggi positivi mostrano rispetto e attenzione verso la sua condizione, spiegano i diritti che le spettano e si oppongono a chi vorrebbe denunciarla o trattarla come una 'sfruttatrice'. Non c'è un approfondimento strutturale del razzismo, ma il tono generale è di consapevolezza e di sostegno, con i personaggi positivi che si impegnano per il benessere della donna e della bambina. Gli unici accenni a pregiudizi (ad esempio, 'chissà perché l'avevamo capito che erano tutte clandestine qua') vengono contestati o ridimensionati dal contesto e dai personaggi principali.;Non ci sono personaggi positivi che esprimono idee razziste senza conseguenze, né stereotipi etnici ripetuti come normali. I commenti problematici sono attribuiti a personaggi secondari o vengono contestati. La narrazione non normalizza il pregiudizio, ma mostra consapevolezza e rispetto.;Non si raggiunge il livello +2 perché il razzismo non è affrontato come problema sociale esplicito: non c'è dibattito, né una crescita personale dei personaggi rispetto ai pregiudizi. Manca una critica alle strutture di potere o una centralità delle voci marginalizzate. Il tema è presente, ma non analizzato in profondità.
NATI IERI;01;15;Nati ieriS01E15;05/02/2007;8;+1;L'episodio presenta la presenza di una ragazza cinese (Zì/Zizi) che partorisce in ospedale e poi scappa per paura delle autorità, suggerendo una condizione di vulnerabilità tipica delle migranti irregolari. I personaggi principali (medici e ostetriche) mostrano empatia e si preoccupano per il suo benessere, cercano di rassicurarla e di garantirle assistenza, anche spiegando i suoi diritti (un anno di assistenza gratuita, possibilità di iscrivere la bambina al nido). Quando la padrona di casa si lamenta della presenza di migranti e fa commenti su 'clandestine' e 'sfruttamento', viene immediatamente contestata da un personaggio positivo che la minaccia di denuncia e la accusa di sfruttamento. I pochi stereotipi (la ragazza non parla italiano, la casa affollata) sono funzionali alla trama e non caricaturali, e la narrazione mostra consapevolezza delle difficoltà delle donne migranti. Non c'è una vera analisi strutturale del razzismo, ma la posizione dominante è di rispetto e solidarietà.;"Non ci sono battute o atteggiamenti razzisti normalizzati o presentati come divertenti; i commenti problematici sono contestati e la narrazione non minimizza le difficoltà delle persone migranti.";L'episodio non affronta il razzismo come problema sociale in modo esplicito, non c'è dibattito aperto né analisi delle cause sistemiche, e le voci marginalizzate (la ragazza cinese) non sono centrali o pienamente sviluppate. La questione razziale resta sullo sfondo e viene trattata con empatia ma senza approfondimento critico.
NATI IERI;01;15;Nati ieriS01E15;05/02/2007;9;+1;L'episodio presenta la diversità etnica attraverso la storia di una ragazza cinese che partorisce in ospedale. I personaggi principali (medici e ostetriche) si impegnano ad aiutarla, mostrano empatia e si preoccupano per il suo benessere, anche quando la ragazza rifiuta l'ospedale e torna a casa. Viene esplicitato il problema della mancanza di documenti e della condizione di 'clandestinità', ma il tono generale è di preoccupazione e assistenza, non di condanna. Alcuni personaggi secondari fanno commenti stereotipati o superficiali ('sono queste cinesi', 'clandestine', 'sfruttatrice'), ma vengono contestati o ridimensionati dagli altri. La narrazione non approfondisce le cause sistemiche del razzismo, né offre una critica strutturale, ma mostra consapevolezza delle difficoltà dei migranti e una volontà di aiuto.;Non assegno punteggi negativi perché i personaggi positivi si impegnano attivamente per aiutare la ragazza cinese e il suo bambino, contestano o ignorano i commenti più problematici, e il tono generale non normalizza né minimizza il pregiudizio. Non c'è sostegno esplicito alla discriminazione.;Non assegno +2 o +3 perché l'episodio non affronta il razzismo come problema sociale in modo esplicito, né propone una critica alle strutture di potere o soluzioni concrete per l'equità. La voce della ragazza cinese resta marginale e non centrale, e la narrazione si limita a una consapevolezza empatica senza approfondimento critico.
NATI IERI;01;15;Nati ieriS01E15;05/02/2007;10;+1;L'episodio mostra la presenza di personaggi migranti (in particolare una ragazza cinese, Zizi) e affronta alcune delle difficoltà che incontrano (solitudine, paura delle istituzioni, mancanza di documenti). I personaggi principali (medici e ostetriche) si comportano con empatia e rispetto verso Zizi, si preoccupano per la sua salute e cercano di aiutarla, anche spiegandole i suoi diritti e garantendo assistenza. Alcuni personaggi secondari fanno commenti stereotipati o mostrano fastidio verso la presenza di migranti ('sono tutte clandestine', 'sfruttatrice'), ma questi atteggiamenti vengono apertamente contestati e corretti dai protagonisti, che sottolineano la necessità di tutela e assistenza. Il tono generale è di riconoscimento consapevole delle difficoltà dei migranti, senza però approfondire le cause strutturali della discriminazione o dare centralità alle loro voci.;Non assegno 0 o un punteggio negativo perché la narrazione prende chiaramente le distanze dagli stereotipi e dai pregiudizi: i personaggi positivi si impegnano attivamente per aiutare la ragazza cinese, contestano i commenti discriminatori e mostrano rispetto per la diversità. Non c'è normalizzazione o minimizzazione del pregiudizio.;"Non assegno +2 o +3 perché il razzismo non viene affrontato come problema sociale esplicito, né si sviluppa un dibattito strutturale sulle cause della discriminazione. La voce della ragazza migrante resta marginale e non viene data centralità alle sue prospettive; la soluzione resta individuale e paternalistica, senza una vera critica alle strutture di potere."
L ALLIEVA;02;10;L allievaS02E10;22/11/2018;1;0;L'episodio presenta una breve storyline secondaria incentrata su una bambina siriana, Nur, figlia di un richiedente asilo. La narrazione tratta la sua situazione con empatia e rispetto, senza mai ricorrere a stereotipi o battute problematiche. Tuttavia, la presenza del tema migratorio è molto marginale e non viene mai approfondita né problematizzata: Nur e il padre sono figure di sfondo, funzionali solo a mostrare la sensibilità dei personaggi principali italiani. Non ci sono elementi di discriminazione né di vera consapevolezza critica o impegno sociale. Il resto dell'episodio è completamente privo di riferimenti a razza o etnia (tranne una menzione burocratica 'razza caucasica' in un referto medico, usata in modo neutro e non problematizzato). Nel complesso, la rappresentazione della diversità è neutra: non ci sono né segnali problematici né una reale valorizzazione o analisi del tema.;Non ci sono stereotipi, battute o atteggiamenti discriminatori. I personaggi italiani si comportano in modo rispettoso e accogliente verso Nur e il padre, senza alcuna normalizzazione del pregiudizio o minimizzazione della loro condizione.;La presenza della bambina siriana e del padre richiedente asilo è troppo marginale e funzionale alla trama principale, senza alcun approfondimento critico o discussione sulle cause o sulle difficoltà dell'integrazione. Non c'è impegno esplicito contro il razzismo né una valorizzazione delle voci marginalizzate. Il tema viene trattato in modo superficiale e accessorio.
L ALLIEVA;02;10;L allievaS02E10;22/11/2018;2;0;"L'episodio presenta una sola scena rilevante rispetto alla questione razziale, ovvero la sottotrama della bambina siriana (Nur) e del padre richiedente asilo. La narrazione è neutra e compassionevole: la storia viene trattata con empatia, senza stereotipi negativi, ma anche senza approfondimenti critici o discussioni sociali sul tema del razzismo o dell'accoglienza. Gli altri personaggi non esprimono pregiudizi né positivi né negativi; la presenza di Nur e del padre è funzionale alla trama e non viene tematizzata in chiave razziale. In tutto il resto dell'episodio non ci sono riferimenti a razza o etnia, né positivi né negativi, né stereotipi, né contestazioni. L'unica menzione alla 'razza caucasica' della vittima è un dettaglio medico, non connotato né in senso discriminatorio né di valorizzazione. Nel complesso, la rappresentazione è genuinamente ambigua: la diversità è presente, trattata con rispetto ma senza approfondimento, e non emergono né segnali problematici né segnali di impegno critico.";Non ci sono stereotipi, battute o atteggiamenti discriminatori, né normalizzazione o minimizzazione del pregiudizio. La presenza di personaggi migranti è trattata con rispetto e umanità, senza ridurli a cliché.;L'episodio non affronta il razzismo come problema sociale, non c'è impegno critico né analisi delle cause o delle strutture di potere. La questione migratoria è solo uno sfondo narrativo, non oggetto di discussione o crescita dei personaggi. Nessun personaggio esplicita una posizione antirazzista o si impegna in un riconoscimento consapevole degli stereotipi.
L ALLIEVA;02;10;L allievaS02E10;22/11/2018;3;0;L'episodio presenta un solo riferimento esplicito a razza/etnia, quando viene descritto il cadavere della vittima come 'razza caucasica' durante una procedura medico-legale. Questo utilizzo è puramente tecnico e non viene né problematizzato né caricato di significato sociale o valoriale. L'unica sottotrama che coinvolge la diversità riguarda Nur, una bambina siriana, e suo padre richiedente asilo: la vicenda è trattata con empatia e normalità, senza scadere in stereotipi, ma anche senza approfondimenti o riflessioni sul tema migratorio o razziale. Nessun personaggio esprime pregiudizi o stereotipi, né in positivo né in negativo, e la presenza di Nur è marginale rispetto alla trama principale. Nel complesso, la rappresentazione della diversità è neutra e non tematizzata, e non emergono segnali dominanti né di problematizzazione né di normalizzazione acritica.;Non ci sono battute, stereotipi, né normalizzazione di pregiudizi. L'unico riferimento alla razza è tecnico e non denigratorio. La presenza di Nur e del padre siriano è trattata con rispetto e umanità, anche se in modo superficiale.;L'episodio non affronta mai il razzismo come problema sociale, né offre spunti di riflessione critica o consapevolezza sugli stereotipi. La diversità è presente solo incidentalmente e non viene tematizzata né valorizzata.
L ALLIEVA;02;10;L allievaS02E10;22/11/2018;4;+1;L'episodio presenta una breve sottotrama legata a Nur, una bambina siriana rifugiata, che viene trattata con rispetto e compassione dai personaggi principali. Il tema della migrazione e dell'accoglienza viene affrontato in modo empatico: si sottolinea la perdita della madre di Nur in un attentato e la difficoltà del padre nel ritrovarla, ma non ci sono stereotipi negativi né battute razziste. I protagonisti si impegnano attivamente per aiutare la bambina e il padre, mostrando sensibilità verso la condizione dei migranti. Tuttavia, la questione razziale rimane marginale rispetto alla trama principale (un giallo in ambiente musicale), e non viene approfondita in modo strutturale o critico. Non ci sono personaggi di etnie minoritarie con ruoli centrali, né viene analizzata la discriminazione sistemica.;Non ci sono stereotipi, battute razziste o normalizzazione del pregiudizio. La presenza di Nur e la sua storia sono trattate con rispetto e i personaggi positivi si impegnano per aiutarla, evitando qualsiasi minimizzazione o superficialità.;Il tema del razzismo e della discriminazione non è centrale né affrontato in modo strutturale o trasformativo. Non c'è dibattito esplicito, né vengono proposte soluzioni concrete o analizzate le cause sistemiche. La narrazione mostra consapevolezza e rispetto, ma si limita a un riconoscimento consapevole senza impegno critico profondo.
L ALLIEVA;02;10;L allievaS02E10;22/11/2018;5;+1;"L'episodio include una sottotrama in cui viene presentata Nur, una bambina siriana rifugiata, e suo padre, richiedente asilo in Italia. Il racconto della loro storia è trattato con empatia e rispetto: la tragedia vissuta dalla bambina non è minimizzata, e i personaggi principali si impegnano attivamente per aiutarla a ritrovare il padre, senza mai esprimere pregiudizi o stereotipi negativi. Non ci sono battute, commenti o rappresentazioni razziste; la narrazione mostra consapevolezza della condizione dei migranti e li umanizza, ma non si spinge ad analizzare le cause sistemiche del razzismo o a proporre soluzioni concrete. Il resto dell'episodio non presenta altri riferimenti etnici o razziali rilevanti.";"Non ci sono stereotipi, battute o normalizzazione del pregiudizio; la presenza di Nur e del padre è trattata con rispetto e compassione, senza superficialità o minimizzazione. Nessun personaggio esprime idee discriminatorie, né vengono presentati come normali o accettabili.";"L'episodio non affronta il razzismo come problema sociale né propone una critica strutturale alle cause della discriminazione; la vicenda di Nur è inserita come sottotrama personale e non come spunto per un dibattito o una riflessione collettiva più ampia. Le voci marginalizzate sono presenti ma non centrali o autorevoli rispetto alla narrazione principale."
L ALLIEVA;02;10;L allievaS02E10;22/11/2018;6;+1;L'episodio presenta una storyline secondaria in cui viene introdotta Nur, una bambina siriana rifugiata, e suo padre, richiedente asilo. La narrazione tratta la loro situazione con rispetto e sensibilità, mostrando empatia per la loro condizione e sottolineando il trauma vissuto dalla bambina. I personaggi principali si attivano per aiutarli, senza mai esprimere pregiudizi o stereotipi negativi. Non ci sono battute, commenti o situazioni che normalizzano il razzismo, e l'unico riferimento esplicito all'etnia ('razza caucasica') è usato in un contesto medico, senza connotazione negativa. Tuttavia, la questione del razzismo non viene affrontata in modo strutturale o critico: la presenza di Nur serve più come elemento di umanizzazione che come spunto per una riflessione sociale ampia. Il tono generale è rispettoso e consapevole, ma non si arriva a un vero impegno critico o trasformativo.;Non ci sono stereotipi, battute razziste o normalizzazione del pregiudizio. I personaggi positivi mostrano empatia e si attivano per aiutare Nur e suo padre, senza alcuna distanza o ambiguità.;L'episodio non analizza le cause sistemiche del razzismo né propone soluzioni concrete. La questione razziale è presente, ma non centrale né oggetto di dibattito esplicito o crescita personale legata al tema. Le voci marginalizzate non sono centrali nella narrazione.
L ALLIEVA;02;10;L allievaS02E10;22/11/2018;7;+1;L'episodio presenta un personaggio secondario, Nur, una bambina siriana, e suo padre, richiedente asilo in Italia. La loro storia viene trattata con empatia e rispetto: Nur è descritta come una 'meraviglia', la sua sofferenza non è minimizzata, e i protagonisti si attivano per aiutarla a ritrovare il padre. Non ci sono battute o stereotipi negativi sui migranti o sulle persone di origine non italiana. La narrazione attribuisce la condizione di Nur a una tragedia (autobomba in Siria) e non la riduce a un cliché. I personaggi principali mostrano sensibilità e si impegnano concretamente per il ricongiungimento familiare. Tuttavia, la questione razziale non è centrale nell'episodio, né viene affrontata in modo strutturale o con analisi critica del sistema di accoglienza.;Non ci sono stereotipi, battute razziste, né normalizzazione del pregiudizio. La presenza di Nur e del padre è trattata con rispetto e umanità, senza minimizzazione o superficialità.;"Il razzismo non è tema centrale né viene affrontato come problema sociale; non c'è dibattito esplicito, né analisi delle cause sistemiche o critica alle strutture di potere. La narrazione si limita a mostrare empatia e aiuto personale, senza proporre soluzioni concrete o dare voce centrale alle persone marginalizzate."
L ALLIEVA;02;10;L allievaS02E10;22/11/2018;8;+1;L'episodio presenta una bambina siriana, Nur, sopravvissuta a un attentato, e suo padre, richiedente asilo in Italia. La narrazione tratta la loro storia con rispetto e umanità: i personaggi principali si impegnano attivamente per aiutarli, mostrando empatia e solidarietà. Non ci sono stereotipi o battute razziste, né personaggi di origine straniera ridotti a cliché. Il contesto migratorio viene affrontato con una certa consapevolezza, ma senza approfondire le cause sistemiche o proporre una vera analisi critica del razzismo. La presenza di Nur e del padre è dignitosa e centrale in alcune scene, ma la questione razziale rimane sullo sfondo rispetto alla trama principale.;Non ci sono elementi di normalizzazione o minimizzazione del pregiudizio: nessun personaggio fa commenti razzisti, né la narrazione riproduce stereotipi negativi. L'atteggiamento verso i migranti è rispettoso e solidale, quindi non è giustificato un punteggio negativo.;L'episodio non offre un impegno critico esplicito (+2): il tema del razzismo non viene discusso come problema sociale, né ci sono dibattiti o crescita dei personaggi rispetto ai pregiudizi. Manca anche una vera analisi strutturale (+3): non si esplorano le cause sistemiche della discriminazione, né si danno voce alle persone marginalizzate in modo centrale e autorevole.
L ALLIEVA;02;10;L allievaS02E10;22/11/2018;9;+1;L'episodio presenta una bambina siriana, Nur, come personaggio secondario, con una breve narrazione sulla sua storia di rifugiata e la ricerca del padre richiedente asilo in Italia. Il tono è empatico e rispettoso: i personaggi principali si attivano per aiutarla, senza mai fare commenti stereotipati o discriminatori. Il contesto della migrazione viene trattato con umanità, sottolineando le difficoltà e il trauma vissuto dalla bambina. Non ci sono battute o atteggiamenti problematici, e la questione dell'accoglienza è presentata come una responsabilità sociale. Tuttavia, la narrazione non approfondisce le cause sistemiche del razzismo né offre una critica strutturale: la presenza di Nur è funzionale alla trama e non diventa mai centrale o oggetto di dibattito esplicito. Gli altri personaggi sono tutti italiani e la diversità etnica non viene tematizzata oltre la vicenda personale di Nur.;Non ci sono stereotipi, battute razziste, né normalizzazione del pregiudizio. L'atteggiamento dei personaggi è positivo e solidale, e il tono generale è rispettoso. La questione migratoria non viene minimizzata né trattata in modo superficiale.;L'episodio non sviluppa un discorso critico sul razzismo come problema sociale né offre una riflessione sulle strutture di potere o sulle cause sistemiche della discriminazione. Nur non viene posta al centro della narrazione e la sua voce non è realmente protagonista. L'impegno è consapevole ma non trasformativo.
L ALLIEVA;02;10;L allievaS02E10;22/11/2018;10;+1;"L'episodio presenta una sottotrama in cui viene introdotta Nur, una bambina siriana rifugiata, figlia di un richiedente asilo. La sua storia viene trattata con empatia: si sottolinea la tragedia vissuta (la perdita della madre in un attentato), il percorso di ricongiungimento col padre e la solidarietà dei personaggi italiani che la aiutano. Non ci sono battute, stereotipi o pregiudizi razziali; la questione migratoria viene rappresentata come una realtà drammatica e umana, senza retorica né paternalismo. Tuttavia, la narrazione si limita a mostrare la sofferenza e la solidarietà, senza approfondire criticamente le cause sistemiche del razzismo né dare voce diretta e centrale a Nur o al padre. L'episodio non normalizza né minimizza il razzismo, ma si ferma a una consapevolezza rispettosa e solidale.";Non ci sono elementi di discriminazione, stereotipi o minimizzazione. La presenza di una storia migrante è trattata con rispetto e umanità, senza alcuna normalizzazione o ironia sui temi razziali.;L'episodio non sviluppa un dibattito esplicito sul razzismo, né affronta le cause sistemiche o propone soluzioni concrete. Le voci marginalizzate non sono centrali o autorevoli nel racconto, e la questione razziale rimane una sottotrama, non il fulcro della narrazione.
TERAPIA D URGENZA;01;02;Terapia d urgenzaS01E02;05/09/2008;1;+1;L'episodio presenta diversi personaggi di origine straniera (in particolare marocchini e italiani di seconda generazione) coinvolti in una trama che ruota attorno a una rissa e alle sue conseguenze. Sono presenti dialoghi e situazioni che esplicitano tensioni etniche e pregiudizi: ad esempio, alcuni personaggi italiani usano insulti razzisti ('sporchi marocchini', 'bastardi, bisognerebbe buttarli fuori tutti'), e attribuiscono la colpa della violenza ai migranti. Tuttavia, la narrazione non glorifica né giustifica questi atteggiamenti: i personaggi che esprimono razzismo sono ritratti come problematici, spesso in situazioni di disagio o violenza, e non sono mai presentati come modelli positivi. Al contrario, la storia mostra empatia verso le vittime (Mohamed e la madre), sottolinea le difficoltà di integrazione e la sofferenza delle famiglie migranti, e dà spazio a relazioni interetniche (la storia d'amore tra Mohamed e una ragazza italiana) che vengono trattate con rispetto e umanità. I personaggi positivi (medici, infermieri) non partecipano al razzismo, anzi si impegnano per aiutare tutti senza distinzione. Non c'è una vera analisi strutturale del razzismo, né una denuncia esplicita delle sue cause sociali, ma il tono generale è di riconoscimento consapevole del problema e di rispetto per la diversità.;Non assegno -1 o -2 perché gli stereotipi e le offese razziste sono chiaramente attribuiti a personaggi negativi e non vengono normalizzati o lasciati incontestati. La narrazione non minimizza né normalizza il pregiudizio, ma lo mostra come fonte di sofferenza e conflitto.;Non assegno +2 o +3 perché, pur mostrando consapevolezza e rispetto, l'episodio non sviluppa un vero dibattito critico sul razzismo, né affronta le sue cause sistemiche. Le voci marginalizzate sono presenti ma non centrali o autorevoli nella narrazione, e non vengono proposte soluzioni concrete per l'equità.
TERAPIA D URGENZA;01;02;Terapia d urgenzaS01E02;05/09/2008;2;+1;L'episodio presenta una sottotrama centrale che coinvolge una famiglia di migranti marocchini (madre, Mohamed, Nedim) e una rissa con italiani. Emergono stereotipi e insulti razzisti ('sporchi marocchini', 'bastardi, bisognerebbe buttarli fuori tutti'), ma questi sono attribuiti a personaggi negativi, spesso giovani coinvolti nella violenza. I personaggi positivi (medici, infermieri) mostrano empatia e rispetto verso la madre e i figli, aiutandoli e difendendoli. La narrazione non approfondisce le cause sistemiche del razzismo, ma mostra consapevolezza critica: la violenza razzista è rappresentata come problematica, i migranti sono umanizzati e la loro sofferenza non viene ridicolizzata. Non c'è un impegno esplicito a denunciare il razzismo come problema sociale, né una vera analisi strutturale, ma il posizionamento dominante è di riconoscimento consapevole e rispetto.;Non assegno -1/-2/-3 perché gli stereotipi e le offese razziste sono contestualizzati come parte di una rissa e attribuiti a personaggi negativi. I protagonisti e il personale medico non normalizzano né minimizzano il razzismo, ma lo trattano con disagio e rispetto verso le vittime. Non c'è sostegno o normalizzazione della discriminazione.;Non assegno +2/+3 perché l'episodio non affronta il razzismo come problema sociale in modo esplicito, né propone soluzioni o una critica strutturale. La questione razziale resta una sottotrama, non centrale, e non viene analizzata in profondità. Le voci marginalizzate sono umanizzate ma non centrali né autorevoli nella narrazione.
TERAPIA D URGENZA;01;02;Terapia d urgenzaS01E02;05/09/2008;3;+1;"L'episodio rappresenta una famiglia di migranti marocchini coinvolta in una rissa e in dinamiche di marginalità sociale. La narrazione dà spazio ai loro vissuti, mostra empatia per la madre e i figli, e sottolinea come la rabbia e la violenza siano il risultato di condizioni difficili. I personaggi italiani principali (medici, infermieri) trattano i migranti con rispetto e preoccupazione, senza paternalismo evidente. Alcuni personaggi secondari esprimono commenti razzisti (""sporchi marocchini, bisognerebbe buttarli fuori tutti""), ma questi sono chiaramente attribuiti a figure negative e non sono mai avallati dalla narrazione o dai protagonisti. La storia d'amore interetnica tra Mohamed e Nadia è trattata con sensibilità, e il finale sottolinea la necessità di superare i pregiudizi. Tuttavia, il razzismo viene riconosciuto e rappresentato, ma non c'è un approfondimento sulle cause sistemiche né una vera analisi strutturale.";Non assegno un punteggio più basso perché i personaggi migranti non sono ridotti a stereotipi, le loro difficoltà sono umanizzate, e i commenti razzisti sono sempre contestualizzati come negativi. La narrazione mostra consapevolezza critica e rispetto per la diversità.;Non assegno +2 perché, pur mostrando empatia e consapevolezza, l'episodio non affronta il razzismo come problema sociale in modo esplicito, né mette al centro un dibattito strutturale o soluzioni concrete. La questione viene trattata più come sfondo drammatico che come tema centrale da decostruire.
TERAPIA D URGENZA;01;02;Terapia d urgenzaS01E02;05/09/2008;4;+1;L'episodio affronta esplicitamente la presenza di personaggi migranti (marocchini) e italiani di seconda generazione, inserendoli in una trama di conflitto e tensione sociale. Si vedono stereotipi e linguaggio razzista (ad esempio 'sporchi marocchini', 'bastardi, bisognerebbe buttarli fuori tutti'), ma questi sono attribuiti a personaggi negativi o coinvolti nella violenza, mentre i personaggi positivi (medici, infermieri) mostrano empatia e rispetto verso i migranti e le loro famiglie. Il razzismo viene rappresentato come un problema reale, ma non viene analizzato in profondità né affrontato come questione sistemica. Le vittime di razzismo hanno voce e dignità, ma non sono centrali nella narrazione. Il tono generale non normalizza il pregiudizio, e i personaggi positivi non lo condividono. Tuttavia, manca un vero impegno critico o una riflessione strutturale: la narrazione si limita a riconoscere il problema e a mostrare consapevolezza, senza proporre soluzioni o una critica sociale ampia.;"Non assegno un punteggio più basso perché il razzismo non viene mai presentato come normale o accettabile; i personaggi positivi non condividono né giustificano i pregiudizi, e le scene di violenza razzista sono chiaramente condannate dalla narrazione. Le vittime non sono ridicolizzate né ridotte a stereotipi, e c'è una distanza critica dai commenti razzisti.";Non assegno un punteggio più alto perché l'episodio non offre una vera analisi delle cause sistemiche del razzismo né mette al centro le voci marginalizzate. Non c'è dibattito esplicito né crescita personale dei personaggi rispetto ai pregiudizi, e le soluzioni concrete per l'equità non vengono proposte. Il razzismo è riconosciuto e trattato con rispetto, ma non viene affrontato come problema sociale da risolvere.
TERAPIA D URGENZA;01;02;Terapia d urgenzaS01E02;05/09/2008;5;+1;L'episodio affronta la presenza di personaggi migranti (famiglia Fared) e italiani di seconda generazione in modo non marginale, mostrando dinamiche familiari, conflitti generazionali e difficoltà di integrazione. La narrazione include una rissa tra giovani italiani e marocchini, con espliciti insulti razzisti ('sporchi marocchini', 'bastardi, bisognerebbe buttarli fuori tutti'), ma questi sono pronunciati da personaggi negativi e non vengono mai convalidati dai protagonisti positivi. La storia mostra empatia verso la famiglia migrante, evidenziando le loro paure, la fatica dell'integrazione e la sofferenza per la perdita di un figlio. I personaggi positivi (medici, infermieri) si impegnano a curare e sostenere i migranti senza pregiudizi, e la narrazione non normalizza né minimizza il razzismo. Tuttavia, non c'è una vera analisi strutturale del fenomeno né un dibattito esplicito sulle cause sociali, ma la consapevolezza critica è presente: il razzismo viene attribuito a personaggi negativi e la sofferenza dei migranti è trattata con rispetto.;"Non assegno -1 o -2 perché gli insulti razzisti non sono mai normalizzati né trattati come battute innocue; la narrazione non riproduce stereotipi senza consapevolezza, e i personaggi positivi mostrano disagio e rispetto verso la diversità. Non è -3 perché l'episodio non convalida attivamente idee discriminatorie, né i personaggi razzisti sono ritratti positivamente.";Non assegno +2 o +3 perché manca un vero impegno critico: nessun personaggio si confronta apertamente con il tema del razzismo come problema sociale, né si analizzano le cause sistemiche o si propongono soluzioni concrete. Le voci marginalizzate sono presenti ma non centrali o autorevoli nella narrazione, e il razzismo non è oggetto di dibattito esplicito.
TERAPIA D URGENZA;01;02;Terapia d urgenzaS01E02;05/09/2008;6;+1;L'episodio presenta una sottotrama centrale su una famiglia di origine marocchina, con due fratelli (Mohamed e Nedim) e la madre. La narrazione mostra sia i pregiudizi subiti (la madre viene aggredita al mercato, i figli coinvolti in una rissa con chiari insulti razzisti: 'sporchi marocchini, bisognerebbe buttarli fuori tutti'), sia le difficoltà di integrazione e tensioni generazionali. Tuttavia, la prospettiva dominante è empatica: la madre è mostrata come una persona preoccupata per i figli, i medici e infermieri la trattano con rispetto e comprensione, e la relazione tra Mohamed e una ragazza italiana è rappresentata come sincera e positiva. Gli insulti razzisti sono attribuiti a personaggi negativi, e non vengono mai giustificati o normalizzati dalla narrazione. La violenza e la rabbia dei ragazzi sono inquadrate come conseguenza di un contesto difficile, non come tratti etnici. L'episodio non approfondisce le cause strutturali del razzismo, ma mostra consapevolezza critica degli stereotipi e delle difficoltà vissute dai migranti.;Nonostante la presenza di insulti e stereotipi nei dialoghi di alcuni personaggi, questi sono chiaramente attribuiti a figure negative o problematiche e non sono mai avallati dalla narrazione o dai personaggi positivi. La storia non normalizza il pregiudizio, né riduce i personaggi di origine straniera a semplici cliché.;L'episodio non arriva mai a un impegno critico esplicito (+2): non ci sono dibattiti aperti sul razzismo, né una vera analisi delle sue cause sociali o sistemiche. Le voci marginalizzate sono presenti e trattate con rispetto, ma non sono centrali o autorevoli al punto da guidare la narrazione o proporre soluzioni concrete per l'equità. La questione razziale rimane una sottotrama e non il fulcro trasformativo dell'episodio.
TERAPIA D URGENZA;01;02;Terapia d urgenzaS01E02;05/09/2008;7;+1;L'episodio presenta una trama secondaria significativa che coinvolge una famiglia di migranti marocchini (madre e due figli, Mohamed e Nedim). La narrazione mostra sia episodi di violenza e pregiudizio (ad esempio, personaggi italiani che insultano i 'marocchini' dopo una rissa, attribuendo loro la colpa e usando epiteti razzisti), sia il punto di vista dei migranti, con dialoghi che esprimono il disagio dell'integrazione, la paura della madre per i figli e la difficoltà di essere accettati. Tuttavia, i personaggi positivi (medici e infermieri) trattano la famiglia con rispetto, si preoccupano per la loro salute e cercano di aiutare la madre a gestire il trauma. La narrazione non glorifica né normalizza il razzismo: i commenti razzisti sono attribuiti a personaggi negativi o secondari, e non sono mai giustificati o premiati. Il tono generale è di empatia verso la famiglia migrante, e la loro sofferenza è trattata con serietà. Non c'è un vero dibattito esplicito sulle cause strutturali del razzismo, né una critica sistemica, ma la rappresentazione è consapevole e rispettosa, con alcuni momenti di tensione e stereotipo che però vengono bilanciati da una posizione narrativa chiaramente non discriminatoria.;Non assegno un punteggio più basso perché il razzismo non viene mai normalizzato o sostenuto: i personaggi positivi non partecipano a stereotipi o pregiudizi, e la narrazione mostra disagio e condanna implicita verso i comportamenti discriminatori. La sofferenza dei migranti non è ridicolizzata né minimizzata.;Non assegno +2 o +3 perché, sebbene ci sia consapevolezza e rispetto, manca un vero impegno critico: non si affronta il razzismo come problema sociale in modo esplicito, non c'è dibattito né crescita dei personaggi su questi temi, né una critica alle strutture di potere. Le voci marginalizzate sono presenti e rispettate, ma non centrali o autorevoli nella narrazione.
TERAPIA D URGENZA;01;02;Terapia d urgenzaS01E02;05/09/2008;8;+1;L'episodio presenta una sottotrama centrale incentrata su una famiglia di origine marocchina (madre, Mohamed, Nedim) coinvolta in un'aggressione e una rissa con giovani italiani. La narrazione mostra empatia verso i personaggi migranti: la madre è trattata con rispetto dal personale medico, Mohamed è vittima di violenza e viene soccorso con attenzione, e viene esplicitamente detto che la famiglia è stata aggredita da 'una banda di fanatici'. Alcuni personaggi italiani esprimono frasi razziste e violente ('bastardi, bisognerebbe buttarli fuori tutti', 'sporchi marocchini'), ma queste sono attribuite a personaggi negativi o coinvolti nella rissa, e non sono mai giustificate o sostenute dalla narrazione. Il personale medico e i personaggi positivi non mostrano pregiudizi, anzi, si impegnano a rassicurare e aiutare la madre e i figli. La relazione amorosa tra una ragazza italiana e Mohamed è trattata con normalità e umanità, anche se ostacolata dal contesto familiare e sociale. Il razzismo è quindi presente come problema sociale, ma non viene tematizzato in modo strutturale o approfondito: la narrazione mostra consapevolezza critica degli stereotipi e delle difficoltà di integrazione, ma si ferma a un livello di riconoscimento e rispetto, senza un vero approfondimento delle cause o delle soluzioni sistemiche.;Non assegno un punteggio inferiore perché le frasi e i comportamenti razzisti sono chiaramente attribuiti a personaggi negativi e non sono mai normalizzati o giustificati dal testo. I personaggi migranti sono trattati con dignità e umanità, e la narrazione non indulge in stereotipi gratuiti o nella minimizzazione delle loro difficoltà.;Non assegno +2 perché, pur mostrando consapevolezza e rispetto, l'episodio non affronta il razzismo come problema sociale in modo esplicito e approfondito: non ci sono dibattiti, crescita dei personaggi sul tema, né una vera analisi delle cause o delle strutture di potere. Le voci marginalizzate sono presenti ma non centrali o autorevoli nella narrazione complessiva.
TERAPIA D URGENZA;01;02;Terapia d urgenzaS01E02;05/09/2008;9;+1;L'episodio presenta una sottotrama centrale che coinvolge una famiglia di migranti marocchini (la madre, Mohamed e Nedim), con riferimenti espliciti a tensioni razziali, stereotipi e violenza. Si vedono scene di aggressione, insulti razzisti ('sporchi marocchini', 'bastardi, bisognerebbe buttarli fuori tutti'), e la narrazione mostra il vissuto dei ragazzi, la loro rabbia e il senso di esclusione. Tuttavia, i personaggi positivi (medici, infermieri) trattano i migranti con rispetto, empatia e professionalità, senza mai avallare i pregiudizi. Gli insulti e le posizioni razziste sono attribuiti a personaggi negativi o secondari, e non vengono mai giustificati o normalizzati. Viene anche rappresentato il disagio della madre migrante, che si confida con una dottoressa sulle difficoltà di integrazione e sulla paura per i figli. Il razzismo viene mostrato come un problema reale, ma non c'è una vera analisi strutturale né una presa di posizione attiva contro le cause sistemiche. La narrazione si limita a riconoscere la complessità della situazione, mostrando empatia e consapevolezza, ma senza un impegno critico esplicito.;Non assegno -1/-2/-3 perché gli stereotipi e i pregiudizi sono chiaramente attribuiti a personaggi negativi, e la narrazione non li normalizza né li minimizza. I protagonisti e i personaggi positivi mostrano rispetto e solidarietà verso i migranti, e il tono generale non è di complicità con il razzismo.;Non assegno +2/+3 perché, sebbene ci sia consapevolezza e rispetto, manca un vero dibattito esplicito sul razzismo come problema sociale, nessun personaggio cresce superando pregiudizi, e non si affrontano le cause strutturali della discriminazione. Le voci marginalizzate sono presenti ma non centrali o autorevoli, e non vengono proposte soluzioni concrete.
TERAPIA D URGENZA;01;02;Terapia d urgenzaS01E02;05/09/2008;10;+1;L'episodio presenta una sottotrama centrale che coinvolge una famiglia di origine marocchina (la madre, Mohamed e Nedim), vittima di un'aggressione razzista e poi coinvolta in una rissa con gravi conseguenze. Il razzismo viene mostrato come problema reale: la madre è aggredita al mercato, i figli sono coinvolti in dinamiche di esclusione e violenza. I commenti razzisti e i pregiudizi sono espressi da personaggi negativi o marginali (es. 'sporchi marocchini, bisognerebbe buttarli fuori tutti'), mentre i personaggi positivi (medici, infermieri) mostrano rispetto, empatia e si prendono cura della famiglia senza pregiudizi. La narrazione non approfondisce le cause strutturali del razzismo né offre una critica sistemica, ma mostra consapevolezza e condanna implicita della discriminazione. Il focus resta sulla dignità dei personaggi migranti e sulla loro umanità, senza ridurli a stereotipi, anche se la loro storia resta secondaria rispetto alle trame principali.;Non assegno un punteggio più basso perché la narrazione non normalizza né minimizza il razzismo: gli atti e i commenti razzisti sono chiaramente negativi, non sono mai giustificati o lasciati incontestati dai personaggi positivi. Non ci sono stereotipi etnici usati come comic relief o normalizzati.;Non assegno +2 o +3 perché l'episodio non affronta il razzismo come problema sociale in modo esplicito e strutturale: manca un dibattito diretto, non si esplorano le cause sistemiche né si dà centralità alle voci marginalizzate. La questione razziale resta una sottotrama e non il cuore dell'episodio.
L ALLIEVA;02;08;L allievaS02E08;15/11/2018;1;N/A;Nell'episodio non ci sono rappresentazioni, discussioni o riferimenti significativi a razza, etnia o temi legati al razzismo. I personaggi coinvolti e le dinamiche narrative si concentrano su questioni familiari, relazionali e professionali, senza alcun accenno a stereotipi etnici, discriminazioni o pregiudizi razziali. L'unico riferimento geografico ai 'cittadini dell'est' è utilizzato esclusivamente in chiave investigativa e non viene caricato di valenze razziali o pregiudiziali, né contestato né rafforzato da altri elementi della trama. Non sono presenti personaggi identificati come minoranze etniche o migranti, né vengono affrontati temi di diversità culturale.;Non è stato assegnato un punteggio negativo perché non ci sono elementi di discriminazione, stereotipi o pregiudizi etnici/razziali nell'episodio.;Non è stato assegnato un punteggio positivo perché il tema del razzismo o della rappresentazione etnica non viene affrontato in alcun modo.
L ALLIEVA;02;08;L allievaS02E08;15/11/2018;2;N/A;L'episodio, sulla base dei sottotitoli forniti, non presenta alcun riferimento diretto o indiretto a razza, etnia, migranti, rom, italiani di seconda generazione o questioni razziali. I personaggi sono identificati solo per nome, professione o rapporti personali, e le uniche menzioni di 'razza' sono esclusivamente tecniche (ad esempio 'razza caucasica' nel referto medico), senza alcuna implicazione sociale o stereotipica. Non emergono battute, stereotipi, conflitti o narrazioni legate alla diversità etnica o al razzismo.;Non ci sono elementi di discriminazione, stereotipi o normalizzazione del pregiudizio, quindi non è possibile assegnare un punteggio negativo.;Non ci sono elementi di consapevolezza, impegno critico o analisi strutturale sulla questione razziale, quindi non è possibile assegnare un punteggio positivo.
L ALLIEVA;02;08;L allievaS02E08;15/11/2018;3;N/A;Nell'episodio non ci sono rappresentazioni, discussioni o riferimenti significativi a tematiche razziali, etniche o migratorie. I personaggi coinvolti nei dialoghi e nella trama principale sono italiani e le uniche menzioni a persone 'dell'est' o 'rom' avvengono in contesto di indagine poliziesca, senza che vengano sviluppati stereotipi, giudizi o dinamiche narrative legate al razzismo. Non emergono battute, pregiudizi o situazioni che coinvolgano la questione razziale secondo i criteri della scala.;Non sono presenti elementi discriminatori, stereotipi o normalizzazione di pregiudizi razziali, quindi non è applicabile un punteggio negativo.;Non ci sono scene, dialoghi o sottotrame che affrontino in alcun modo la questione del razzismo o della diversità etnica, quindi non è possibile assegnare un punteggio positivo.
L ALLIEVA;02;08;L allievaS02E08;15/11/2018;4;N/A;L'episodio non presenta alcun riferimento diretto o indiretto a razza, etnia, migranti, rom, o italiani di seconda generazione. I personaggi coinvolti sono identificati solo per nome o ruolo sociale/professionale, e le questioni affrontate riguardano esclusivamente dinamiche familiari, relazioni personali, e indagini di polizia. L'unico accenno etnico è la descrizione della vittima come 'razza caucasica' durante l'autopsia, che è una formula tecnica e non viene mai problematizzata o collegata a pregiudizi o stereotipi. Gli indiziati sono definiti 'cittadini dell'est' e 'di origine rom', ma queste informazioni sono usate esclusivamente per motivi investigativi, senza alcuna carica valoriale, giudizio morale, o stereotipizzazione.;Non ci sono battute, stereotipi, né normalizzazione o minimizzazione di pregiudizi razziali. Nessun personaggio fa commenti razzisti o discriminatori, né si osserva alcuna dinamica di esclusione o marginalizzazione su base etnica.;Non ci sono elementi di riconoscimento consapevole, impegno critico o analisi trasformativa sul tema del razzismo, perché il tema stesso è completamente assente dalla narrazione.
L ALLIEVA;02;08;L allievaS02E08;15/11/2018;5;N/A;L'episodio, stando ai sottotitoli forniti, non presenta riferimenti espliciti o impliciti a razza, etnia, migranti, rom o italiani di seconda generazione. I personaggi coinvolti e le dinamiche della trama ruotano intorno a questioni familiari, lavorative e di violenza domestica, senza alcun accenno a tematiche razziali o etniche.;Non si può assegnare un punteggio negativo perché non ci sono elementi di discriminazione, stereotipi o pregiudizi razziali di alcun tipo.;Non si può assegnare un punteggio positivo perché la questione razziale non viene affrontata in nessuna forma, né in modo critico né trasformativo.
L ALLIEVA;02;08;L allievaS02E08;15/11/2018;6;N/A;L'episodio non presenta alcun riferimento diretto o indiretto a razza, etnia, migranti, rom, o italiani di seconda generazione. I personaggi coinvolti e le dinamiche narrative ruotano esclusivamente attorno a questioni familiari, professionali, sentimentali e criminali (omicidio, violenza domestica), senza che la provenienza etnica o razziale abbia alcun ruolo tematico o dialogico. L'unico accenno all'origine dei sospettati ('dell'est', 'rom') è funzionale all'indagine poliziesca e non viene caricato di stereotipi, né tematizzato come questione razziale.;Non sono presenti elementi di discriminazione, stereotipi, battute o normalizzazione del pregiudizio razziale. L'assenza totale di riferimenti rende impossibile assegnare un punteggio negativo.;Non ci sono né riconoscimento consapevole, né impegno critico, né analisi strutturale del razzismo. L'argomento non viene affrontato, quindi non è possibile attribuire un punteggio positivo.
L ALLIEVA;02;08;L allievaS02E08;15/11/2018;7;N/A;L'episodio non presenta alcun riferimento diretto o indiretto a razza, etnia, migranti, rom, italiani di seconda generazione o questioni razziali. I personaggi coinvolti e le dinamiche narrative ruotano esclusivamente attorno a temi familiari, professionali e di violenza domestica, senza alcuna menzione o rappresentazione di discriminazione razziale o stereotipi etnici.;Non ci sono elementi che suggeriscano discriminazione o stereotipi razziali, né battute, né personaggi identificati per etnia o provenienza migratoria. L'assenza totale di riferimenti rende impossibile l'assegnazione di un punteggio negativo.;Non ci sono elementi di analisi, riconoscimento o critica del razzismo, né rappresentazioni di diversità etnica. L'episodio non affronta il tema, quindi non è possibile assegnare un punteggio positivo.
L ALLIEVA;02;08;L allievaS02E08;15/11/2018;8;N/A;L'episodio non presenta alcun riferimento diretto o indiretto a razza, etnia, migranti, rom, italiani di seconda generazione né a dinamiche di discriminazione razziale. I personaggi coinvolti e le vicende ruotano esclusivamente attorno a dinamiche familiari, professionali e relazionali, senza che la questione razziale venga mai evocata, né esplicitamente né implicitamente.;Non sono presenti elementi che possano essere interpretati come discriminazione razziale, stereotipi etnici o normalizzazione di pregiudizi. Nessun personaggio fa commenti o azioni che possano essere letti in chiave razzista.;Non ci sono riferimenti alla questione razziale, quindi non è possibile valutare un impegno critico o trasformativo sul tema. L'assenza totale di razza o etnia rende impossibile assegnare un punteggio positivo.
L ALLIEVA;02;08;L allievaS02E08;15/11/2018;9;N/A;L'episodio non presenta riferimenti diretti o indiretti a razza, etnia, migranti, rom, italiani di seconda generazione, né questioni di discriminazione razziale. I personaggi coinvolti e le dinamiche narrative ruotano esclusivamente attorno a relazioni personali, dinamiche lavorative, e un caso di violenza domestica, senza alcun accenno a temi razziali o etnici. L'unico riferimento all'origine geografica è 'cittadini dell'est', usato in modo descrittivo per identificare dei sospettati di rapina, ma non viene mai associato a stereotipi, pregiudizi o giudizi morali, né ha impatto sulla morale dell'episodio.;Non ci sono elementi di discriminazione razziale, stereotipi etnici, né normalizzazione o minimizzazione di pregiudizi razziali. L'episodio non si presta a una valutazione negativa sulla scala del razzismo.;Non ci sono nemmeno elementi di riconoscimento consapevole, impegno critico o analisi strutturale del razzismo, perché il tema non è presente né affrontato in alcun modo. L'assenza totale di riferimenti razziali rende impossibile assegnare un punteggio positivo.
L ALLIEVA;02;08;L allievaS02E08;15/11/2018;10;N/A;Nell'episodio non ci sono rappresentazioni, discussioni o riferimenti significativi a razza, etnia o dinamiche razziali. I personaggi coinvolti e le trame principali ruotano intorno a dinamiche familiari, relazioni personali e un caso di omicidio domestico, senza alcun accenno a questioni di discriminazione etnica, stereotipi razziali o pregiudizi legati a minoranze. L'unico riferimento etnico è la menzione di 'cittadini dell'est' e 'origine rom' in relazione ai sospettati di una rapina, ma il discorso rimane descrittivo e funzionale all'indagine, senza caricare la narrazione di giudizi o stereotipi razziali.;Non sono presenti elementi di discriminazione, stereotipi o pregiudizi razziali che giustificherebbero un punteggio negativo.;Non ci sono nemmeno elementi di consapevolezza, critica o approfondimento sulle questioni razziali che giustificherebbero un punteggio positivo.
NATI IERI;01;16;Nati ieriS01E16;05/02/2007;1;+1;L'episodio affronta il tema del razzismo principalmente attraverso la storia di Alain Cardot, uomo nero sposato con una donna bianca, che rifiuta di riconoscere il figlio nato da un tradimento. Il razzismo emerge sia nel suo vissuto personale (la famiglia della moglie ha pregiudizi verso di lui 'per via della mia pelle') sia nella reazione dei medici, che però non mostrano né ostilità né stereotipi verso Alain. Il dialogo esplicita la questione dei pregiudizi, ma la narrazione si limita a riconoscere la difficoltà senza approfondire le cause sociali o proporre soluzioni. I personaggi positivi (medici) trattano Alain con rispetto e non alimentano stereotipi, e la sua sofferenza viene rappresentata con empatia. Tuttavia, il razzismo viene mostrato come problema personale/familiare e non come questione strutturale. Non ci sono battute o normalizzazioni di pregiudizio, né stereotipi etnici riprodotti acriticamente.;Non assegno un punteggio più basso perché non ci sono momenti in cui il razzismo viene normalizzato, minimizzato o sostenuto: i personaggi positivi non esprimono idee discriminatorie, e la narrazione non giustifica né ironizza sui pregiudizi. Il disagio di Alain è trattato con serietà, e la sua voce non viene ridicolizzata né marginalizzata.;Non assegno +2 o +3 perché l'episodio non affronta il razzismo come problema sociale più ampio, né propone un impegno critico o una riflessione sulle cause sistemiche. La narrazione si limita a riconoscere il pregiudizio e a mostrare rispetto, ma non c'è una crescita attiva dei personaggi né una critica alle strutture di potere. Le voci marginalizzate non sono centrali nella trama, e non vengono proposte soluzioni concrete.
NATI IERI;01;16;Nati ieriS01E16;05/02/2007;2;+1;L'episodio affronta il tema del razzismo principalmente attraverso la storia di Alain Cardot, uomo nero la cui moglie bianca ha avuto un figlio da un altro uomo. Il razzismo emerge nei pregiudizi dei genitori della moglie verso Alain ('loro hanno ancora dei pregiudizi per via della mia pelle'), e viene esplicitato il dolore e la discriminazione subita. Tuttavia, la narrazione non indulge mai negli stereotipi, né li normalizza: i personaggi principali (medici e infermieri) trattano Alain con rispetto e non mostrano alcun pregiudizio, anzi, cercano di rassicurarlo e di aiutarlo. Il razzismo è presentato come un problema reale, ma non viene approfondito in modo strutturale o sistemico. La posizione dominante è di consapevolezza e rispetto, con una chiara distanza dai pregiudizi.;Non ci sono battute, stereotipi o atteggiamenti razzisti normalizzati o minimizzati dai personaggi principali. Il razzismo è riconosciuto come un problema che ha causato sofferenza, ma non viene mai giustificato o reso accettabile.;L'episodio non sviluppa un vero e proprio impegno critico (+2): il razzismo non viene affrontato come problema sociale in modo esplicito, né ci sono discussioni approfondite sulle sue cause o sulle strutture di potere. Le voci marginalizzate non sono centrali nella narrazione, e non vengono proposte soluzioni concrete. La consapevolezza è presente, ma resta a livello personale e relazionale.
NATI IERI;01;16;Nati ieriS01E16;05/02/2007;3;+1;L'episodio affronta il tema del razzismo attraverso la storia di Alain Cardot, uomo nero la cui moglie bianca ha avuto un figlio da un altro uomo. Il razzismo emerge in modo esplicito solo in due passaggi: quando Alain dichiara che i genitori della moglie hanno pregiudizi verso di lui 'per via della mia pelle', e quando racconta che questi pregiudizi hanno contribuito a rovinare il matrimonio. La narrazione non indulge mai in stereotipi, né normalizza o minimizza il pregiudizio: il punto di vista di Alain è trattato con rispetto e serietà, e non viene mai messo in discussione. I personaggi principali (medici, personale ospedaliero) reagiscono con empatia e senza alcun pregiudizio, mostrando consapevolezza e rispetto. Il razzismo è quindi riconosciuto come problema reale, ma non viene tematizzato in modo strutturale o con un impegno critico esplicito: la questione resta sullo sfondo della vicenda personale, senza essere approfondita o discussa apertamente.;Non ci sono battute, stereotipi o atteggiamenti che normalizzano o minimizzano il razzismo. Il pregiudizio viene nominato e riconosciuto come tale, e nessun personaggio positivo lo giustifica o lo banalizza.;L'episodio non sviluppa un dibattito esplicito sul razzismo né mostra personaggi che sfidano attivamente i pregiudizi o affrontano le cause sistemiche della discriminazione. Il razzismo è riconosciuto, ma resta circoscritto a un elemento della storia personale di Alain, senza che la narrazione si impegni in modo critico o trasformativo sul tema.
NATI IERI;01;16;Nati ieriS01E16;05/02/2007;4;+1;L'episodio affronta la questione razziale principalmente attraverso la storyline di Alain Cardot, uomo nero la cui moglie bianca ha avuto un figlio da un altro uomo. La tematica razziale emerge quando Alain rifiuta il bambino, dichiarando apertamente che 'io sono nero e il bambino è bianco', e sottolineando come i genitori della moglie abbiano sempre avuto pregiudizi verso di lui 'per via della mia pelle', contribuendo alla crisi matrimoniale. Tuttavia, la narrazione non indulge mai in stereotipi razzisti né normalizza il pregiudizio: i personaggi principali (medici e personale ospedaliero) trattano Alain con rispetto e non mostrano mai atteggiamenti discriminatori. Il razzismo viene riconosciuto come problema reale, ma non viene tematizzato in modo strutturale o approfondito. Il focus resta sulle difficoltà personali e familiari, con consapevolezza degli effetti dei pregiudizi, ma senza un vero approfondimento critico o trasformativo.;Non ci sono battute, atteggiamenti o stereotipi razzisti normalizzati o presentati come divertenti. Il pregiudizio dei suoceri viene menzionato come causa di sofferenza, non come qualcosa di accettabile. Nessun personaggio positivo sostiene idee discriminatorie, né la narrazione minimizza o giustifica il razzismo.;"L'episodio si limita a riconoscere la presenza di pregiudizi e delle loro conseguenze personali, ma non sviluppa un discorso critico sulle cause sistemiche del razzismo, né dà centralità alle voci marginalizzate. Non c'è un impegno esplicito a sfidare i pregiudizi o a proporre soluzioni concrete; il tema resta sullo sfondo delle vicende personali."
NATI IERI;01;16;Nati ieriS01E16;05/02/2007;5;+1;L'episodio affronta il tema del razzismo principalmente attraverso la vicenda di Alain Cardot, uomo nero sposato con una donna bianca, che rifiuta di riconoscere il figlio appena nato perché non suo biologicamente. Il dialogo con il medico evidenzia come la famiglia della moglie abbia pregiudizi verso Alain 'per via della mia pelle', e si sottolinea che questi pregiudizi hanno contribuito a rovinare il matrimonio. Tuttavia, la narrazione non indulge mai in stereotipi né normalizza il razzismo: il medico mostra empatia e non giudica Alain, e il razzismo della famiglia viene presentato come un problema che causa sofferenza. La frase finale 'Un figlio è di chi lo ama' suggerisce una posizione consapevole e rispettosa, anche se non si arriva a una critica strutturale o a una vera analisi delle cause sociali del razzismo. Nel complesso, il razzismo viene riconosciuto come problema e trattato con rispetto, ma senza approfondimenti o dibattiti espliciti.;Non ci sono personaggi positivi che esprimono idee razziste, né il razzismo viene normalizzato o minimizzato. I pregiudizi sono attribuiti a personaggi secondari (la famiglia della moglie) e presentati come causa di dolore. Non ci sono battute o stereotipi etnici, né il razzismo è trattato come normale o accettabile.;L'episodio non sviluppa un dibattito esplicito sulle cause del razzismo, né mostra personaggi che sfidano attivamente i pregiudizi o propongono soluzioni concrete. Le voci marginalizzate non sono centrali né autorevoli: Alain è presente ma non protagonista, e la narrazione si limita a una consapevolezza rispettosa senza analisi critica o trasformativa.
NATI IERI;01;16;Nati ieriS01E16;05/02/2007;6;+1;L'episodio affronta il tema del razzismo principalmente attraverso la storia di Alain Cardot, uomo nero sposato con una donna bianca, che rifiuta di riconoscere il bambino nato da un tradimento. Il dialogo tra Alain e il medico esplicita la questione razziale: Alain afferma che la famiglia della moglie ha sempre avuto pregiudizi per via della sua pelle, e che questi pregiudizi hanno rovinato il matrimonio. Tuttavia, la narrazione non indulge mai in stereotipi razzisti, né presenta personaggi razzisti in modo positivo. Il medico si mostra neutro e non giudicante, e la questione del colore della pelle viene trattata con rispetto e consapevolezza. L'episodio riconosce la presenza di pregiudizi e mostra empatia verso chi li subisce, ma non sviluppa una critica strutturale né un impegno esplicito contro il razzismo. La rappresentazione è consapevole e rispettosa, ma non trasformativa.;Non ci sono personaggi positivi che esprimono idee razziste, né battute o stereotipi normalizzati. Il razzismo è riconosciuto come problema, non minimizzato o normalizzato. I personaggi non razzisti non vengono mai messi in cattiva luce.;L'episodio non offre una critica strutturale al razzismo, né propone soluzioni o approfondisce le cause sistemiche. La voce di Alain è presente ma non centrale nell'arco narrativo, e il tema razziale rimane secondario rispetto alle vicende familiari e mediche. Non c'è dibattito esplicito né crescita dei personaggi rispetto ai pregiudizi.
NATI IERI;01;16;Nati ieriS01E16;05/02/2007;7;+1;L'episodio affronta esplicitamente una situazione di discriminazione razziale: Alain, uomo nero, dichiara che i genitori della moglie bianca hanno sempre avuto pregiudizi verso di lui, contribuendo alla crisi matrimoniale. Il personale medico reagisce con empatia e rispetto, evitando qualsiasi stereotipo o battuta a sfondo razzista. Il tema della paternità e dell'accettazione viene trattato con sensibilità, e il giudizio morale dell'episodio è chiaramente a sfavore del pregiudizio. Tuttavia, la questione razziale rimane sullo sfondo della trama principale (depressione post-partum, adozioni, dinamiche familiari), senza un approfondimento strutturale o un dibattito esplicito sulle cause sistemiche del razzismo.;"Non ci sono battute, stereotipi o normalizzazione del pregiudizio; i personaggi positivi non minimizzano né ignorano la discriminazione, ma la trattano con rispetto e serietà. Il razzismo non viene mai presentato come normale o accettabile.";L'episodio non sviluppa un vero e proprio impegno critico (+2): il razzismo è solo un elemento della storia personale di Alain, non viene affrontato come problema sociale collettivo, né ci sono conseguenze esplicite per i comportamenti discriminatori. Manca inoltre una vera analisi strutturale o la centralità di voci marginalizzate (+3).
NATI IERI;01;16;Nati ieriS01E16;05/02/2007;8;+1;L'episodio affronta il tema del razzismo principalmente attraverso la vicenda di Alain Cardot, uomo nero sposato con una donna bianca, che non riconosce il figlio appena nato perché non suo biologicamente. Il dialogo tra Alain e il medico evidenzia il pregiudizio della famiglia della moglie verso Alain 'per via della mia pelle', e si sottolinea come questi pregiudizi abbiano rovinato il matrimonio. Tuttavia, la narrazione non approfondisce le cause sistemiche del razzismo né offre una critica strutturale: il razzismo è presentato come un problema personale e familiare, non sociale. Il medico si mostra neutrale e non razzista, e non ci sono personaggi positivi che sostengano idee discriminatorie. Il razzismo viene riconosciuto e nominato, ma non c'è un impegno critico esplicito né una crescita dei personaggi rispetto al tema. Il tono generale è rispettoso e consapevole, ma non trasformativo.;Non assegno punteggi negativi perché il razzismo non è normalizzato né minimizzato: viene esplicitato come causa di sofferenza e ostacolo, e nessun personaggio positivo lo sostiene o lo giustifica. Non ci sono battute o stereotipi trattati come normali o divertenti.;Non assegno +2 o +3 perché manca un vero dibattito o crescita attiva dei personaggi rispetto al razzismo, e non vengono proposte soluzioni concrete né analizzate le cause strutturali. Il tema resta sul piano personale e non sociale, e le voci marginalizzate non sono centrali nella narrazione.
NATI IERI;01;16;Nati ieriS01E16;05/02/2007;9;+1;L'episodio affronta il tema del razzismo attraverso la storia di Alain Cardot, uomo nero la cui moglie bianca ha avuto un figlio da un altro uomo. Il razzismo emerge soprattutto nel racconto della disapprovazione dei suoceri verso Alain 'per via della mia pelle', che viene presentato come un problema reale e doloroso. Tuttavia, la narrazione non indulge mai in stereotipi né normalizza il pregiudizio: i personaggi principali (medici, personale ospedaliero) trattano Alain con rispetto e non mostrano alcun atteggiamento discriminatorio. Il razzismo è riconosciuto come un problema, ma non viene approfondito in termini strutturali o sistemici. La posizione dominante è di consapevolezza critica: il pregiudizio viene nominato, non giustificato né minimizzato, e il focus resta sulle conseguenze emotive e relazionali.;"Non assegno un punteggio più basso perché il pregiudizio razziale non viene mai normalizzato o presentato come accettabile; anzi, viene esplicitamente riconosciuto come causa di sofferenza e conflitto. Nessun personaggio positivo esprime idee razziste, né vengono usati stereotipi etnici.";Non assegno un punteggio più alto perché il razzismo viene solo riconosciuto e non affrontato attivamente come problema sociale: manca un dibattito esplicito, non ci sono personaggi che sfidano i pregiudizi o una crescita narrativa su questo tema. Non si arriva a una critica delle strutture di potere o a una centralità delle voci marginalizzate.
NATI IERI;01;16;Nati ieriS01E16;05/02/2007;10;+1;"L'episodio affronta il tema del razzismo principalmente attraverso la vicenda di Alain Cardot, uomo nero la cui moglie bianca ha avuto un figlio da un altro uomo. Il razzismo emerge come pregiudizio dei suoceri verso Alain ('hanno ancora dei pregiudizi per via della mia pelle'), che viene esplicitato ma non approfondito strutturalmente. Il personale medico non mostra alcun pregiudizio razziale e tratta Alain con rispetto, anzi cerca di rassicurarlo e di aiutarlo nella situazione difficile. Il razzismo dei suoceri viene presentato come un problema che ha rovinato il matrimonio, ma non è il fulcro dell'episodio né viene analizzato criticamente in modo approfondito. Non ci sono stereotipi etnici, né battute razziste normalizzate; il tono generale è rispettoso. La narrazione mostra consapevolezza del problema, attribuendo i pregiudizi a personaggi secondari e negativi, mentre i personaggi positivi sono rispettosi e neutrali.";Il razzismo non viene mai normalizzato né minimizzato: i personaggi positivi non esprimono pregiudizi, e quelli che li hanno sono presentati come causa di sofferenza. Non ci sono stereotipi né battute razziste, e la narrazione non sostiene né giustifica la discriminazione.;L'episodio non offre un impegno critico esplicito (+2): non c'è dibattito diretto sul razzismo, né crescita dei personaggi rispetto ai pregiudizi. Non viene proposta una soluzione né viene analizzata la dimensione sistemica della discriminazione (+3). Il tema è presente ma resta sullo sfondo, senza diventare centrale o trasformativo.
L ALLIEVA;03;09;L allievaS03E09;01/11/2020;1;N/A;Nell'episodio, non ci sono riferimenti, battute, personaggi o situazioni che coinvolgano direttamente questioni di razza, etnia, migranti, rom o italiani di seconda generazione. L'unico accenno potenzialmente rilevante è una breve scena in cui un protocollo scientifico identifica il background geografico di una vittima sconosciuta come 'maschio africano, Nigeria, zona di Lagos', ma la scena è trattata esclusivamente in chiave tecnica, senza alcun commento, stereotipo, giudizio o narrazione che implichi una rappresentazione razziale o etnica. Non emergono né pregiudizi né consapevolezza critica, né tantomeno si affronta il tema del razzismo in alcuna forma.;"Non ci sono elementi discriminatori, stereotipi o normalizzazione di pregiudizi razziali; il tema non viene proprio toccato.";Non ci sono elementi di riconoscimento, impegno critico o inquadramento trasformativo perché la questione razziale non viene affrontata in alcun modo.
L ALLIEVA;03;09;L allievaS03E09;01/11/2020;2;0;L'episodio presenta una breve scena in cui viene identificata una vittima come 'maschio africano, precisamente della Nigeria', con dettagli sulla sua provenienza e condizione fisica. Il tono è neutro, quasi tecnico, e non emergono stereotipi né commenti problematici. Il personaggio non viene ridicolizzato né umanizzato: è una presenza funzionale alla trama, trattata con rispetto ma anche distacco. Non ci sono altri riferimenti a razza o etnia, né battute, né contestazioni, né discussioni sul tema del razzismo. L'unico elemento potenzialmente rilevante è la proposta di estendere il protocollo di identificazione alle vittime non identificate, con riferimento all'UNHCR, che suggerisce una consapevolezza del fenomeno migratorio, ma senza approfondimento critico o emotivo.;Non ci sono stereotipi, battute razziste, né normalizzazione del pregiudizio. L'episodio non minimizza né ridicolizza la diversità: la presenza del personaggio africano è trattata con neutralità e professionalità.;Non c'è alcun impegno critico, né analisi strutturale del razzismo, né voci marginalizzate centrali. La narrazione non mostra consapevolezza o sensibilità particolare, né affronta il tema come problema sociale: la questione razziale è solo un dato tecnico e non viene tematizzata.
L ALLIEVA;03;09;L allievaS03E09;01/11/2020;3;0;L'episodio non presenta riferimenti espliciti o impliciti a razza o etnia nella narrazione principale. L'unico segmento che menziona l'origine africana di una vittima (maschio africano, Nigeria, Libia, lavoratore edile) è trattato in modo tecnico e neutro, come parte di un protocollo scientifico per l'identificazione dei corpi, senza alcuna connotazione negativa, stereotipata o discriminatoria. Non ci sono personaggi di minoranze etniche che abbiano ruoli narrativi, né battute, né stereotipi, né commenti razzisti, né contestazioni o discussioni sul tema. L'unico riferimento alla migrazione è funzionale all'indagine e non viene caricato di giudizio morale o sociale.;Non ci sono stereotipi, battute, né normalizzazione di pregiudizi. L'episodio non presenta alcun elemento che possa essere letto come minimizzazione, normalizzazione o sostegno alla discriminazione razziale.;Non ci sono personaggi di minoranze etniche con ruoli significativi, né viene affrontato il razzismo come problema sociale, né si fa alcuna analisi critica o trasformativa. L'unico riferimento alla diversità etnica è neutro e tecnico, quindi non si può attribuire un punteggio positivo.
L ALLIEVA;03;09;L allievaS03E09;01/11/2020;4;0;L'episodio non presenta alcuna trama o sottotrama legata al razzismo, né riferimenti espliciti o impliciti a questioni razziali, migranti, rom o italiani di seconda generazione. L'unico passaggio che menziona l'origine africana di una vittima (maschio africano, Nigeria, Libia) è trattato esclusivamente in termini scientifici, senza alcuna connotazione negativa, stereotipata o discriminatoria. Non ci sono battute, commenti, né personaggi che esprimano pregiudizi o stereotipi razziali. L'episodio si concentra su dinamiche familiari, indagini poliziesche e relazioni personali.;Non ci sono elementi che normalizzino o sostengano il pregiudizio razziale. Nessun personaggio fa commenti problematici, né vengono riprodotti stereotipi etnici. L'unico riferimento all'origine africana è neutro e tecnico.;Non ci sono elementi di consapevolezza critica, impegno sociale o analisi strutturale del razzismo. La questione razziale è praticamente assente e non viene tematizzata, quindi non si può attribuire un punteggio positivo.
L ALLIEVA;03;09;L allievaS03E09;01/11/2020;5;0;L'episodio non presenta alcun riferimento diretto o indiretto a razza, etnia, migranti, rom, o italiani di seconda generazione nella trama principale o nelle interazioni tra i personaggi. L'unico passaggio che menziona l'origine etnica è quello relativo all'identificazione di una vittima tramite protocollo scientifico (maschio africano, Nigeria, Libia), ma la scena è neutra, descrittiva e priva di stereotipi, giudizi o narrazioni problematiche. Non ci sono battute, commenti, né ruoli stereotipati attribuiti a personaggi non italiani, né alcuna discussione o contestazione su temi razziali. L'episodio si concentra esclusivamente su dinamiche familiari, relazioni sentimentali, indagini di omicidio e questioni personali.;Non ci sono stereotipi, battute, minimizzazioni, né normalizzazione di pregiudizi razziali. L'unico riferimento etnico è tecnico e non implica alcuna rappresentazione negativa o superficiale.;Non ci sono elementi di riconoscimento consapevole, impegno critico o analisi trasformativa sul razzismo. L'episodio non affronta né tematizza la questione razziale, né la tratta come problema sociale o sistemico.
L ALLIEVA;03;09;L allievaS03E09;01/11/2020;6;0;L'episodio non presenta alcun riferimento diretto a razza, etnia, migranti, rom o italiani di seconda generazione nei dialoghi, nelle dinamiche narrative o nei personaggi principali. L'unico passaggio che menziona l'Africa è relativo a una procedura scientifica di identificazione di una vittima tramite DNA, dove si afferma che il corpo è di un 'maschio africano, precisamente della Nigeria', con dettagli tecnici sul suo passato migratorio e lavoro. Tuttavia, questa informazione è trattata esclusivamente come dato scientifico, senza alcun commento, giudizio, stereotipo, ironia o reazione emotiva da parte dei personaggi. Non ci sono battute, pregiudizi, né contestazioni né normalizzazioni di stereotipi. L'episodio si concentra su dinamiche familiari, indagini di omicidio, relazioni sentimentali e questioni etiche/professionali, senza alcuna implicazione razziale.;Non ci sono elementi che normalizzano, minimizzano o sostengono il razzismo. L'unico riferimento etnico è neutro e tecnico, privo di stereotipi o giudizi. Nessun personaggio esprime pregiudizi, né vengono presentati come normali o accettabili.;"Non ci sono elementi di consapevolezza critica, impegno sociale, né tantomeno analisi strutturale del razzismo. La questione razziale è assente dal punto di vista narrativo e tematico; il riferimento etnico è funzionale solo all'indagine scientifica."
L ALLIEVA;03;09;L allievaS03E09;01/11/2020;7;0;L'episodio non presenta alcuna trama o dialogo centrato su tematiche razziali o etniche. L'unico riferimento esplicito alla diversità è la breve scena in cui viene identificata una vittima come 'maschio africano, precisamente della Nigeria', tramite un protocollo scientifico. Il tono è neutro, descrittivo e non si presta a stereotipi né a pregiudizi. Non ci sono personaggi migranti, rom o italiani di seconda generazione con ruoli narrativi, né battute, né situazioni che coinvolgano razzismo o discriminazione. L'episodio si concentra su dinamiche familiari, indagini di omicidio e relazioni personali.;Non ci sono stereotipi, battute o atteggiamenti che normalizzino o minimizzino il pregiudizio razziale. L'unico riferimento etnico è scientifico e non problematico.;Non c'è alcun impegno critico, riconoscimento consapevole, né tantomeno analisi strutturale del razzismo. La questione razziale non è affrontata, né come problema né come opportunità di crescita. La presenza della vittima nigeriana è funzionale alla trama e non tematizzata.
L ALLIEVA;03;09;L allievaS03E09;01/11/2020;8;N/A;Nell'episodio, non ci sono riferimenti, battute, personaggi o situazioni che coinvolgano razza, etnia, migranti, rom o italiani di seconda generazione. L'unico accenno potenzialmente rilevante riguarda un protocollo scientifico che identifica l'origine geografica di una vittima (maschio africano, Nigeria, zona di Lagos), ma la scena è trattata esclusivamente in termini medico-legali, senza alcun commento, giudizio o stereotipo sugli africani o sui migranti. Non emergono né pregiudizi, né consapevolezza critica, né stereotipi, né dibattiti sul razzismo.;Non sono presenti elementi discriminatori, stereotipi o battute problematiche che giustificherebbero un punteggio negativo.;"Non sono presenti nemmeno elementi di consapevolezza, critica o rappresentazione positiva della diversità etnica; semplicemente il tema non viene affrontato."
L ALLIEVA;03;09;L allievaS03E09;01/11/2020;9;N/A;L'episodio non presenta alcun riferimento diretto o indiretto a razza, etnia, migranti, rom, o italiani di seconda generazione. I personaggi e le dinamiche ruotano esclusivamente attorno a questioni familiari, sentimentali, professionali e criminali, senza alcuna menzione o rappresentazione di temi razziali o etnici. L'unico passaggio che cita l'origine nigeriana di una vittima è trattato esclusivamente come dato scientifico nel contesto di un protocollo di identificazione, senza alcuna implicazione narrativa, giudizio o stereotipo.;Non è possibile assegnare un punteggio negativo perché non ci sono elementi di discriminazione, stereotipi, o normalizzazione del pregiudizio razziale.;Non è possibile assegnare un punteggio positivo perché non vengono affrontati temi di razzismo, né c'è consapevolezza, critica o analisi strutturale della discriminazione. L'argomento è semplicemente assente.
L ALLIEVA;03;09;L allievaS03E09;01/11/2020;10;N/A;Nell'episodio, non ci sono riferimenti, battute, personaggi o situazioni che riguardino la razza, l'etnia, i migranti, i rom o italiani di seconda generazione. L'unico accenno potenzialmente rilevante è una breve scena in cui viene identificato un cadavere come 'maschio africano, precisamente della Nigeria', ma il contesto è puramente tecnico/scientifico e non vengono espressi giudizi, stereotipi o commenti di alcun tipo. Nessun personaggio viene caratterizzato o trattato in base all'etnia, e la narrazione non affronta né direttamente né indirettamente il tema del razzismo.;Non ci sono elementi discriminatori, stereotipi, né normalizzazione di pregiudizi: il tema semplicemente non è presente.;Non ci sono elementi di riconoscimento, critica o analisi del razzismo: il tema non viene affrontato in alcun modo.
L ALLIEVA;03;01;L allievaS03E01;27/09/2020;1;N/A;Nell'episodio analizzato, non sono presenti riferimenti espliciti o impliciti a razza, etnia, migranti, rom, o italiani di seconda generazione. I personaggi e le dinamiche ruotano esclusivamente attorno a questioni familiari, professionali, sentimentali e al mondo della danza e della medicina legale. Non emergono battute, stereotipi, situazioni o conflitti riconducibili a tematiche razziali o etniche nel contesto italiano.;Non ci sono elementi discriminatori, stereotipi etnici, né normalizzazione o minimizzazione del pregiudizio razziale. L'assenza totale di riferimenti rende impossibile una valutazione negativa.;Non ci sono nemmeno elementi di riconoscimento consapevole, impegno critico o analisi strutturale del razzismo, in quanto il tema non viene mai affrontato. L'episodio si mantiene completamente neutro rispetto alle questioni razziali.
L ALLIEVA;03;01;L allievaS03E01;27/09/2020;2;N/A;L'episodio, basato sui sottotitoli forniti, non presenta alcun riferimento esplicito o implicito a razza, etnia, migranti, rom, italiani di seconda generazione o tematiche razziali. I personaggi e le loro interazioni ruotano esclusivamente attorno a dinamiche familiari, professionali, relazionali e al caso di omicidio/suicidio nel mondo della danza. Non emergono battute, stereotipi, commenti o situazioni che coinvolgano questioni di razzismo o discriminazione etnica.;Non è possibile assegnare un punteggio negativo perché non ci sono elementi di discriminazione, stereotipi o normalizzazione del pregiudizio razziale.;Non è possibile assegnare un punteggio positivo perché non viene affrontato il tema del razzismo, né in modo consapevole né critico né trasformativo.
L ALLIEVA;03;01;L allievaS03E01;27/09/2020;3;N/A;Nell'episodio non ci sono riferimenti, battute, personaggi o situazioni che riguardino la razza, l'etnia, il razzismo o la discriminazione razziale. I conflitti e le dinamiche rappresentate sono legate esclusivamente a questioni di genere, carriera, rapporti familiari e abusi di potere in ambito artistico, ma non emergono elementi legati a minoranze etniche, migranti, rom o italiani di seconda generazione. L'unico accenno a diversità è di tipo sociale o professionale, non etnico.;Non ci sono elementi discriminatori o stereotipi etnici da valutare negativamente.;Non ci sono nemmeno elementi positivi o critici sulla questione razziale, perché il tema è completamente assente.
L ALLIEVA;03;01;L allievaS03E01;27/09/2020;4;N/A;L'episodio, basato sui sottotitoli forniti, non contiene alcun riferimento diretto o indiretto a razza, etnia, migranti, rom, italiani di seconda generazione, né a dinamiche di discriminazione razziale. I personaggi e i conflitti ruotano esclusivamente attorno a dinamiche professionali, familiari, relazionali e alla trama del giallo. Non emergono battute, stereotipi, ruoli, o situazioni che possano essere lette in chiave razziale o etnica.;Non si può assegnare un punteggio negativo, perché non sono presenti elementi di discriminazione o stereotipizzazione razziale.;Non si può assegnare un punteggio positivo, perché non viene affrontato alcun tema legato al razzismo o alla diversità etnica, né in senso critico né trasformativo.
L ALLIEVA;03;01;L allievaS03E01;27/09/2020;5;N/A;L'episodio non presenta alcun riferimento esplicito o implicito a razza, etnia, migranti, rom, italiani di seconda generazione o tematiche legate al razzismo. Tutti i personaggi principali e secondari sono caratterizzati esclusivamente in base a ruoli professionali, familiari o relazionali, senza alcuna menzione o allusione a questioni etniche o razziali. Le uniche differenze tra i personaggi riguardano genere, età, status sociale e professionale.;Non è stato assegnato un punteggio negativo perché non ci sono stereotipi, battute, atteggiamenti o situazioni che normalizzano, minimizzano o sostengono la discriminazione razziale. L'assenza totale di riferimenti impedisce qualsiasi valutazione in tal senso.;Non è stato assegnato un punteggio positivo perché non viene affrontato alcun tema legato al razzismo, né vi è riconoscimento, impegno critico o analisi trasformativa su questioni etniche. L'episodio si concentra su altre tematiche (professionali, familiari, relazionali) e non offre alcuno spunto per una valutazione positiva rispetto alla rappresentazione del razzismo.
L ALLIEVA;03;01;L allievaS03E01;27/09/2020;6;N/A;Nell'episodio, non ci sono riferimenti, rappresentazioni o discorsi relativi a razza, etnia, migranti, rom, o italiani di seconda generazione. Tutti i personaggi principali e secondari sono italiani e le dinamiche narrative si concentrano su questioni personali, professionali e di genere, senza mai toccare il tema del razzismo o della diversità etnica. Non sono presenti battute, stereotipi, né situazioni che possano essere lette in chiave razziale.;Non ci sono elementi discriminatori o stereotipi etnici da valutare, quindi non è possibile assegnare un punteggio negativo.;Non ci sono nemmeno elementi di riconoscimento, consapevolezza o impegno sul tema del razzismo, perché il tema è completamente assente dall'episodio.
L ALLIEVA;03;01;L allievaS03E01;27/09/2020;7;N/A;L'episodio, basato sui sottotitoli forniti, non presenta alcun riferimento diretto o indiretto a razza, etnia, migranti, rom, italiani di seconda generazione, né a questioni di discriminazione razziale. I personaggi e le situazioni ruotano esclusivamente attorno a dinamiche familiari, professionali, relazioni interpersonali e un caso di omicidio legato al mondo della danza. Non emergono battute, stereotipi, allusioni o tematiche che coinvolgano la diversità etnica o razziale nel contesto italiano.;Non è possibile assegnare un punteggio negativo perché non ci sono elementi di discriminazione, stereotipi o normalizzazione del pregiudizio razziale.;Non si può assegnare un punteggio positivo perché non viene affrontato il tema del razzismo, né in modo consapevole né critico, né tantomeno trasformativo. L'argomento è semplicemente assente.
L ALLIEVA;03;01;L allievaS03E01;27/09/2020;8;N/A;Nell'episodio analizzato non vi sono riferimenti espliciti o impliciti a questioni razziali, etniche, migranti, rom o italiani di seconda generazione. Tutti i personaggi principali e secondari coinvolti nella trama sono italiani e non emergono situazioni, battute, stereotipi o dinamiche narrative che riguardino la razza o l'etnia. L'episodio si concentra esclusivamente su dinamiche familiari, lavorative e su un caso di omicidio legato al mondo della danza.;Non è stato assegnato un punteggio negativo perché non vi sono elementi di discriminazione, stereotipi o normalizzazione del pregiudizio razziale.;"Non è stato assegnato un punteggio positivo perché il tema del razzismo o della rappresentazione etnica non è presente in alcuna forma; la scala non si applica."
L ALLIEVA;03;01;L allievaS03E01;27/09/2020;9;N/A;Nell'episodio non sono presenti riferimenti, rappresentazioni o discorsi relativi a razza, etnia, migranti, rom o italiani di seconda generazione. Tutti i personaggi principali e secondari sono presentati senza alcun accenno a questioni razziali o etniche, né in modo diretto né indiretto. La trama si concentra esclusivamente su dinamiche professionali, familiari e relazionali, senza mai toccare temi di discriminazione o diversità etnica.;Non ci sono elementi di stereotipo, pregiudizio o discriminazione razziale che possano giustificare un punteggio negativo.;Non ci sono nemmeno elementi di riconoscimento, consapevolezza o impegno sui temi del razzismo, perché il tema è completamente assente dall'episodio.
L ALLIEVA;03;01;L allievaS03E01;27/09/2020;10;N/A;L'episodio analizzato, basato sui sottotitoli forniti, non presenta alcun riferimento esplicito o implicito a razza, etnia, migranti, rom, italiani di seconda generazione o tematiche legate al razzismo. I personaggi e le dinamiche ruotano esclusivamente intorno a questioni professionali, familiari e personali, senza alcuna menzione o rappresentazione di diversità etnica o di pregiudizi razziali.;Non può essere assegnato un punteggio negativo perché non sono presenti elementi di discriminazione, stereotipi o normalizzazione del pregiudizio razziale.;Non può essere assegnato un punteggio positivo perché non viene affrontato il tema del razzismo, né tantomeno viene mostrato impegno critico o trasformativo su queste tematiche.
L ALLIEVA;02;06;L allievaS02E06;08/11/2018;1;+2;L'episodio affronta il razzismo come problema sociale in modo esplicito e critico. La vittima, Hamid Najim, è un giovane libico detenuto, presentato come innocente e rispettoso, che muore per mano di un altro detenuto italiano, Fulvio Loi, il cui movente è chiaramente razzista ('angherie, disprezzo, insulti... convinto di essere stato infettato'). Il razzismo non viene mai giustificato o minimizzato: la narrazione mostra empatia per Hamid e la sua famiglia, sottolinea la sua innocenza e la sua vulnerabilità come migrante. I personaggi positivi (Alice, la protagonista, e i suoi colleghi) indagano con serietà e rispetto, contestano implicitamente i pregiudizi e si impegnano per la verità e la giustizia. Il razzista viene identificato, arrestato e condannato. L'episodio si conclude con una riflessione esplicita sulla tragicità della morte di Hamid 'per colpa di un pazzo razzista', e il messaggio finale è chiaramente antirazzista.;Non ci sono elementi di normalizzazione, minimizzazione o ambiguità: il razzismo è presentato come causa di sofferenza e ingiustizia, e il personaggio razzista è negativo e punito. Non ci sono stereotipi riprodotti acriticamente né battute razziste trattate come innocue.;"L'episodio non raggiunge il livello +3 perché, pur mostrando empatia e condanna del razzismo, non offre una vera analisi strutturale delle cause sistemiche né soluzioni concrete per l'equità. Le voci marginalizzate (Hamid e la sua famiglia) sono centrali nella trama, ma non diventano pienamente autorevoli o protagoniste del discorso sociale; il focus resta sulla risoluzione del caso e sulla prospettiva dei personaggi italiani."
L ALLIEVA;02;06;L allievaS02E06;08/11/2018;2;+2;L'episodio affronta il razzismo come problema sociale in modo esplicito e critico. La vittima, Hamid, è un giovane libico detenuto, ucciso da un altro detenuto italiano (Loi) che lo disprezza e lo insulta per la sua origine e condizione. Il movente dell'omicidio è chiaramente legato all'odio razziale e alla paranoia del colpevole verso gli 'stranieri'. La narrazione non solo mostra la sofferenza di Hamid e della sua compagna, ma sottolinea l'ingiustizia subita e la solitudine delle vittime di discriminazione. I personaggi principali (Alice e i colleghi) trattano la vicenda con empatia e indignazione, e il razzismo viene esplicitamente condannato sia nei dialoghi che nella voce narrante finale ('per colpa di un pazzo razzista. Non è giusto.'). L'episodio non si limita a mostrare stereotipi, ma li decostruisce, evidenziando anche come le istituzioni spesso non ascoltino le vittime. Il colpevole subisce conseguenze concrete (arresto), e la narrazione invita il pubblico a riflettere criticamente sulla discriminazione.;Non è un semplice riconoscimento consapevole (+1): il razzismo non è solo attribuito a un personaggio negativo, ma è il motore della trama e viene discusso apertamente come problema sociale. Le vittime sono umanizzate e la narrazione prende posizione netta contro la discriminazione.;Non raggiunge il +3 perché manca una vera analisi strutturale delle cause sistemiche del razzismo: l'episodio si concentra sul caso individuale e, pur mostrando le difficoltà dei migranti e la complicità dell'ambiente carcerario, non approfondisce le dinamiche di potere o propone soluzioni concrete per l'equità. Le voci marginalizzate sono presenti e umanizzate, ma non sono centrali e autorevoli al livello richiesto dal massimo punteggio.
L ALLIEVA;02;06;L allievaS02E06;08/11/2018;3;+2;L'episodio affronta il razzismo in modo esplicito e critico. La vittima dell'omicidio è un giovane libico, Hamid Najim, detenuto in carcere e presentato come innocente e rispettoso. Il colpevole, Fulvio Loi, viene identificato come un 'pazzo razzista' che uccide Hamid dopo averlo insultato e disprezzato, convinto di essere stato infettato da lui. La narrazione mostra chiaramente la sofferenza di Hamid, la disperazione della sua compagna, e la compassione dei protagonisti. Il razzismo di Loi è condannato apertamente: viene arrestato, e la voce narrante sottolinea l'ingiustizia subita da Hamid, auspicando per lui una libertà che non ha mai avuto. I personaggi positivi (Alice e i colleghi) mostrano empatia e rispetto, mentre i comportamenti razzisti sono associati a personaggi negativi e portano a conseguenze gravi. Il razzismo è trattato come un problema sociale, con dibattito esplicito e crescita dei personaggi nella comprensione della vicenda.;Non è -1 o -2 perché il razzismo non viene mai normalizzato, minimizzato o lasciato incontestato. Non è -3 perché l'episodio non sostiene né convalida mai le idee discriminatorie: anzi, le condanna apertamente.;"Non è +3 perché, pur mostrando una forte condanna del razzismo e delle sue conseguenze, l'episodio non offre una vera analisi strutturale delle cause sistemiche della discriminazione né soluzioni concrete per l'equità. Le voci marginalizzate (Hamid e la sua compagna) sono presenti ma non centrali e autorevoli per tutta la narrazione; la critica alle strutture di potere è solo implicita."
L ALLIEVA;02;06;L allievaS02E06;08/11/2018;4;+2;L'episodio affronta esplicitamente il razzismo come problema sociale: la vittima è un giovane libico detenuto, ucciso da un altro detenuto italiano motivato da disprezzo e insulti razzisti. Il movente viene chiaramente identificato come razzista e il termine 'pazzo razzista' viene usato nella narrazione finale, che sottolinea l'ingiustizia subita da Hamid. La narrazione mostra empatia per la vittima, denuncia la discriminazione e le sue conseguenze, e attribuisce la responsabilità morale e penale all'aggressore. I personaggi principali (Alice e i colleghi) trattano Hamid con rispetto e cercano la verità, mentre il colpevole viene arrestato e condannato. Non ci sono ambiguità o normalizzazione del pregiudizio: il razzismo è chiaramente condannato e rappresentato come un male sociale.;Non è più basso perché il razzismo non viene mai normalizzato né minimizzato: è il motore del crimine e viene esplicitamente condannato sia dalla narrazione che dai personaggi. La vittima è umanizzata e la sua innocenza viene ribadita, mentre il colpevole è isolato e punito.;Non è +3 perché, pur affrontando il razzismo in modo critico e dando voce alla vittima, l'episodio non sviluppa una vera analisi strutturale delle cause sistemiche della discriminazione né propone soluzioni concrete per l'equità. Il focus resta sul caso individuale e sul riconoscimento dell'ingiustizia, senza approfondire le dinamiche di potere o dare centralità alle voci marginalizzate oltre la dimensione personale.
L ALLIEVA;02;06;L allievaS02E06;08/11/2018;5;+2;"L'episodio affronta il razzismo come problema sociale in modo esplicito e critico. La vittima principale è un giovane libico, Hamid Najim, che viene ucciso in carcere da un detenuto italiano, Fulvio Loi, motivato da disprezzo e insulti razzisti. Il razzismo di Loi è chiaramente condannato: viene arrestato, la narrazione lo presenta come 'pazzo razzista', e la protagonista esprime empatia e indignazione per la sorte di Hamid. Gli altri personaggi non giustificano né minimizzano il razzismo; anzi, la storia mostra compassione per la vittima e denuncia l'ingiustizia subita. Il contesto di marginalizzazione (carcere, migrante accusato ingiustamente di spaccio) è trattato con serietà e senza stereotipi. Il razzismo non è normalizzato né minimizzato, ma esplicitamente problematizzato e punito.";Non è -1, -2 o -3 perché il razzismo non viene mai normalizzato, minimizzato o sostenuto. I personaggi positivi non esprimono pregiudizi, e la narrazione non riproduce stereotipi etnici in modo acritico. L'episodio non si limita a una presenza superficiale della diversità, ma la mette al centro del conflitto e la tratta con rispetto.;"Non è +3 perché, pur essendo critico e impegnato, l'episodio non offre una vera analisi strutturale delle cause sistemiche del razzismo né soluzioni concrete per l'equità. Le voci marginalizzate (Hamid, la sua fidanzata) sono presenti e rispettate, ma non diventano pienamente centrali o autorevoli nella narrazione; la prospettiva rimane principalmente quella dei personaggi italiani e delle istituzioni."
L ALLIEVA;02;06;L allievaS02E06;08/11/2018;6;+2;L'episodio affronta esplicitamente il razzismo come problema sociale: la vittima è un giovane libico detenuto, ucciso da un altro detenuto italiano per motivi chiaramente razzisti (angoscia, disprezzo, insulti, paura dell'infezione). Il movente viene esplicitato e il colpevole è descritto come un 'pazzo razzista'. La narrazione mostra empatia per la vittima, ne sottolinea l'innocenza e la sofferenza, e condanna senza ambiguità il razzismo. I personaggi principali (Alice, altri medici) mostrano rispetto e compassione, e la soluzione del caso porta a giustizia per la vittima. Non ci sono stereotipi positivi sugli italiani o negativi sui migranti: la narrazione è chiaramente schierata contro il razzismo e ne mostra le conseguenze tragiche.;Non ci sono elementi di normalizzazione o minimizzazione del pregiudizio: il razzismo viene trattato come un male sociale, il colpevole è punito, e la narrazione è empatica verso la vittima. Nessun personaggio positivo giustifica o minimizza il razzismo.;Manca un'analisi strutturale delle cause sistemiche del razzismo o una vera centralità delle voci marginalizzate: la prospettiva resta quella dei personaggi italiani e non si approfondiscono le condizioni dei migranti o le dinamiche istituzionali oltre il caso specifico. Non vengono proposte soluzioni concrete per l'equità, né si fa una critica esplicita alle strutture di potere.
L ALLIEVA;02;06;L allievaS02E06;08/11/2018;7;+2;L'episodio affronta il razzismo come problema sociale in modo esplicito e critico. La vittima dell'omicidio è un giovane libico, Hamid, la cui morte viene inizialmente attribuita a un possibile conflitto religioso o a criminalità comune, ma viene poi chiaramente identificata come un omicidio a sfondo razzista. Il colpevole, Loi, è motivato da disprezzo e paura verso gli stranieri e viene definito esplicitamente un 'pazzo razzista'. La narrazione mostra empatia verso la vittima e la sua compagna, sottolineando l'ingiustizia subita. I protagonisti (medici e investigatori) trattano la vicenda con rispetto, cercano la verità e non minimizzano mai la gravità del razzismo. Il razzismo viene condannato sia a livello narrativo che morale, e la voce narrante finale ribadisce la tragedia di morire 'per colpa di un pazzo razzista'.;Non è un punteggio inferiore perché l'episodio non normalizza né minimizza il razzismo: lo denuncia apertamente, lo attribuisce a un personaggio negativo e mostra le conseguenze drammatiche delle sue azioni. Non ci sono stereotipi riprodotti acriticamente e nessun personaggio positivo giustifica o minimizza il razzismo.;Non è +3 perché, pur mostrando una forte condanna morale e sociale del razzismo, l'episodio non sviluppa un'analisi strutturale delle cause sistemiche della discriminazione, né dà voce centrale e autorevole alle persone marginalizzate. La narrazione resta focalizzata sulla risoluzione del caso e sulla prospettiva dei protagonisti italiani, senza proporre soluzioni concrete per l'equità o una critica approfondita alle strutture di potere.
L ALLIEVA;02;06;L allievaS02E06;08/11/2018;8;+2;L'episodio affronta il razzismo come problema sociale in modo esplicito e consapevole. La vittima dell'omicidio è un giovane libico, Hamid, la cui morte viene inizialmente attribuita a un possibile conflitto religioso tra detenuti stranieri, ma la narrazione smonta questa pista e mostra che la vera causa è l'odio razzista di un altro detenuto italiano, Fulvio Loi. Il razzismo di Loi è descritto come patologico, motivato da disprezzo e paura infondata verso gli stranieri, e porta a conseguenze gravissime (l'omicidio). Il punto di vista della protagonista e della narrazione è chiaramente di condanna: Hamid viene umanizzato, la sua innocenza ribadita, e la sua morte viene definita 'non giusta', causata da 'un pazzo razzista'. I personaggi positivi mostrano empatia e rispetto, e la narrazione esplicita la gravità dell'ingiustizia subita da Hamid. Il razzismo non viene mai minimizzato o normalizzato, ma anzi portato a tema centrale dell'episodio.;Non assegno un punteggio più basso perché l'episodio non normalizza né minimizza il razzismo: la discriminazione è trattata come un problema grave, non come uno sfondo neutro o una battuta. I personaggi positivi si schierano chiaramente contro il pregiudizio, e il colpevole viene punito.;Non assegno +3 perché, pur essendo il razzismo centrale e criticato, manca una vera analisi strutturale delle cause sistemiche e delle dinamiche di potere istituzionali. La narrazione si concentra sul caso individuale e sulla responsabilità personale del colpevole, senza approfondire il contesto più ampio o proporre soluzioni concrete per l'equità sociale.
L ALLIEVA;02;06;L allievaS02E06;08/11/2018;9;+2;L'episodio affronta il razzismo come problema sociale in modo esplicito e critico. La vittima principale è un giovane libico, Hamid Najim, che viene ucciso in carcere da un detenuto italiano, Fulvio Loi, motivato da disprezzo e insulti razzisti. La narrazione mostra chiaramente che Hamid è una vittima innocente, perseguitato ingiustamente e incastrato dalla criminalità italiana. La sua morte viene presentata come una tragedia ingiusta, causata da razzismo e pregiudizio. I personaggi positivi (Alice, Rosaria) mostrano empatia e contestano il razzismo. Il colpevole viene punito e la morale finale è chiaramente antirazzista: la voce della vittima è riconosciuta, la sua innocenza ribadita, e il razzismo condannato. L'episodio include anche una breve riflessione sulla musica blues come espressione della sofferenza nera, segno di consapevolezza culturale.;Non è -1 o -2 perché il razzismo non viene minimizzato né normalizzato: è chiaramente condannato, il colpevole è arrestato, e la narrazione non indulge in stereotipi. Non è -3 perché non c'è alcun sostegno attivo alla discriminazione: i personaggi razzisti sono negativi e puniti.;Non è +3 perché, pur affrontando il razzismo come problema sociale e mostrando le sue conseguenze, l'episodio non offre una vera analisi strutturale delle cause sistemiche né soluzioni concrete per l'equità. Le voci marginalizzate sono presenti e rispettate, ma non centrali o autorevoli per tutta la narrazione.
L ALLIEVA;02;06;L allievaS02E06;08/11/2018;10;+2;L'episodio affronta il razzismo come problema sociale in modo esplicito e critico. La vittima, Hamid, è un giovane libico detenuto che viene ucciso da un altro detenuto italiano, Fulvio Loi, motivato da disprezzo e insulti razzisti. Il movente razziale viene chiaramente identificato e condannato nella narrazione: Loi è descritto come un 'pazzo razzista', e la protagonista Alice esprime empatia per Hamid e indignazione per la sua morte. Il razzismo non è mai normalizzato o minimizzato, anzi, viene esplicitamente mostrato come causa di sofferenza e ingiustizia. I personaggi positivi (Alice e colleghi) mostrano rispetto e compassione verso la vittima e la sua compagna, e la narrazione si impegna a smascherare e punire il colpevole. L'episodio include anche un breve accenno a tensioni tra detenuti di diverse origini, ma la pista del 'contrasto religioso' viene subito superata da un'indagine più approfondita. Il messaggio finale è chiaramente antirazzista.;Non è -1, -2 o -3 perché il razzismo non viene mai normalizzato, minimizzato o sostenuto: anzi, è la causa del delitto e viene condannato sia dalla narrazione che dai personaggi principali. I pochi commenti stereotipati (es. 'sti marrucchini') sono attribuiti a personaggi negativi e non restano incontestati.;Non è +3 perché, pur affrontando il razzismo in modo critico e mostrando le sue conseguenze, l'episodio non sviluppa una vera analisi strutturale delle cause sistemiche della discriminazione né dà centralità narrativa alle voci marginalizzate: Hamid resta una vittima, la sua storia personale è solo accennata e la soluzione proposta è la punizione individuale del colpevole, non un cambiamento strutturale.
TERAPIA D URGENZA;01;10;Terapia d urgenzaS01E10;03/07/2009;1;+1;L'episodio presenta diversi personaggi migranti (Rosaria, Mamadou, Lidia) che sono integrati nella narrazione come individui complessi, con storie personali e relazioni affettive. Il razzismo e lo sfruttamento lavorativo emergono come problemi reali: si parla esplicitamente di caporalato, permessi di soggiorno, precarietà, e discriminazione. Alcuni personaggi esprimono commenti razzisti o stereotipati (ad esempio, 'un negro volevi dire?', battute su Africa e soldi facili), ma questi vengono contestati o messi in discussione da altri personaggi, spesso con disagio o disapprovazione. La narrazione mostra empatia verso i migranti: Rosaria è descritta come una persona di valore, la sua morte è trattata con rispetto e dolore, e si sottolinea come spesso non si conosca davvero la vita di chi ci sta accanto. Lidia riceve supporto medico e psicologico, e viene esplicitamente detto che l'ospedale cura tutti, indipendentemente dai documenti. Tuttavia, la critica sociale rimane implicita e non si arriva a una vera analisi strutturale delle cause del razzismo, né le voci marginalizzate diventano centrali nella narrazione.;Non assegno un punteggio più basso perché i personaggi migranti non sono ridotti a stereotipi, né la narrazione normalizza il pregiudizio: i commenti razzisti sono contestati, e la maggior parte dei personaggi positivi mostra rispetto e solidarietà. Il tono generale è empatico e critico verso la discriminazione.;Non assegno +2 o +3 perché, pur mostrando consapevolezza e rispetto, l'episodio non affronta il razzismo come problema sociale in modo esplicito e non propone soluzioni concrete. Le cause sistemiche non vengono analizzate, e le voci dei migranti, seppur presenti, non sono centrali o autorevoli rispetto alla struttura narrativa.
TERAPIA D URGENZA;01;10;Terapia d urgenzaS01E10;03/07/2009;2;+1;L'episodio mostra una consapevolezza critica verso il tema del razzismo e della discriminazione, soprattutto nei confronti di migranti e lavoratori stranieri. I personaggi di diverse etnie (Mamadou, Rosaria, Lidia) sono rappresentati con dignità, hanno una propria storia e vengono trattati con rispetto dalla maggior parte dei protagonisti. Le difficoltà burocratiche, lo sfruttamento e i pregiudizi emergono, ma sono contestati dai personaggi positivi (medici, infermieri) che si impegnano per aiutare i migranti e denunciano le ingiustizie. I commenti razzisti sono attribuiti a personaggi negativi o marginali e vengono messi in discussione. Il tono generale è empatico e sottolinea il valore umano delle persone marginalizzate, senza però proporre una vera analisi strutturale o soluzioni concrete.;Non assegno un punteggio più basso perché la narrazione non normalizza né minimizza il razzismo: i personaggi positivi contestano i pregiudizi, aiutano attivamente i migranti e le vittime di sfruttamento, e il messaggio implicito è che la discriminazione è sbagliata. Gli stereotipi non sono mai presentati come divertenti o innocui.;Non assegno un punteggio più alto perché, pur mostrando consapevolezza e impegno, l'episodio non offre una vera analisi delle cause sistemiche del razzismo né mette al centro le voci marginalizzate come soggetti attivi di cambiamento. Il dibattito resta a livello personale e non si arriva a una critica strutturale o a soluzioni concrete per l'equità.
TERAPIA D URGENZA;01;10;Terapia d urgenzaS01E10;03/07/2009;3;+2;L'episodio affronta il tema del razzismo e della discriminazione in modo esplicito e critico, inserendo diversi personaggi migranti (Rosaria, Lidia, Mamadou) con storie complesse e dignità umana. Il razzismo e lo sfruttamento vengono mostrati come problemi sociali: si parla di caporalato, permessi di soggiorno, precarietà, e discriminazione sul lavoro. I personaggi positivi (medici, familiari) si impegnano attivamente per aiutare i migranti, contestano commenti razzisti e si schierano contro lo sfruttamento. Le battute razziste o i comportamenti discriminatori sono attribuiti a personaggi negativi o ignoranti e vengono contestati apertamente (es. la discussione tra muratori sul 'negro', la difesa di Lidia dalla padrona). L'episodio mostra le conseguenze negative della discriminazione e dello sfruttamento, e i personaggi crescono superando pregiudizi. Il finale sottolinea il valore della vita e il contributo dei migranti, con una riflessione esplicita sulla loro invisibilità e importanza.;Non è -3 o -2 perché il razzismo non viene mai sostenuto o normalizzato: è sempre mostrato come problema, contestato dai personaggi positivi, e associato a conseguenze negative. I migranti non sono ridotti a stereotipi, ma hanno storie personali e vengono trattati con empatia.;Non è +3 perché manca una vera analisi strutturale delle cause sistemiche del razzismo e non vengono proposte soluzioni concrete per l'equità. Le voci marginalizzate sono centrali e rispettate, ma il discorso rimane focalizzato sull'aiuto individuale e sull'empatia, senza una critica profonda alle strutture di potere o una proposta di cambiamento sociale.
TERAPIA D URGENZA;01;10;Terapia d urgenzaS01E10;03/07/2009;4;+2;L'episodio affronta in modo esplicito e articolato la condizione dei migranti e delle lavoratrici straniere (badanti, operai), mostrando sia le difficoltà burocratiche che i rischi sul lavoro e la vulnerabilità sociale. Il razzismo e lo sfruttamento sono presentati come problemi reali: si vedono personaggi che subiscono discriminazioni, commenti razzisti (es. 'negro volevi dire?'), sfruttamento lavorativo, e precarietà legata al permesso di soggiorno. Tuttavia, la narrazione non si limita a mostrare queste situazioni: i personaggi positivi (medici, infermieri, familiari) si schierano attivamente contro il pregiudizio, difendono i migranti, si impegnano per garantire cure e dignità a tutti, indipendentemente dalla provenienza o dallo status legale. Le conseguenze negative dello sfruttamento e della discriminazione sono esplicitate (morte, sofferenza, rischio di perdere il lavoro o la vita). Il tono generale è di solidarietà e riconoscimento della complessità sociale, con dialoghi che contestano apertamente stereotipi e pregiudizi. Non si arriva però a una vera analisi strutturale delle cause sistemiche del razzismo, né le voci marginalizzate diventano il centro assoluto della narrazione.;Non è -3 o -2 perché le idee razziste vengono contestate sia dai personaggi che dalla narrazione stessa: chi esprime pregiudizi viene messo in discussione, e la sofferenza dei migranti è trattata con empatia e rispetto. Non si normalizza il pregiudizio, né si minimizza la questione: il razzismo è presentato come un problema da affrontare.;"Non è +3 perché, pur mostrando impegno critico e solidarietà, l'episodio non sviluppa una vera critica alle strutture di potere né propone soluzioni concrete per l'equità sociale. Le voci dei migranti sono presenti e rispettate, ma non diventano il fulcro della narrazione; manca una riflessione profonda sulle cause sistemiche e sulle possibili trasformazioni sociali."
TERAPIA D URGENZA;01;10;Terapia d urgenzaS01E10;03/07/2009;5;+1;L'episodio affronta la presenza di migranti e lavoratori stranieri (in particolare Rosaria, badante venezuelana, Mamadou, lavoratore senegalese, e Lidia, badante africana) in modo realistico e umano, mostrando le difficoltà legate a permessi di soggiorno, lavoro precario, sfruttamento e solitudine. I personaggi italiani principali (medici, infermieri, datori di lavoro) sono generalmente rispettosi e solidali, si preoccupano attivamente della salute e del benessere dei personaggi stranieri e li trattano con empatia. I pochi episodi di pregiudizio o tensione (es. discussione tra muratori, sospetto di prostituzione verso Lidia) vengono contestati o ridimensionati da altri personaggi, e non rappresentano la posizione dominante del testo. L'episodio mostra consapevolezza degli stereotipi e delle difficoltà dei migranti, ma non arriva a un'analisi strutturale o a una critica esplicita delle cause sistemiche del razzismo.;"Non assegno un punteggio inferiore perché la narrazione non normalizza né sostiene il pregiudizio: i personaggi stranieri sono complessi, hanno agency e vengono trattati con rispetto; i commenti problematici sono isolati e spesso contestati; non c'è mai un tono di scherno o riduzione a cliché etnici.";Non assegno +2 o +3 perché, pur mostrando empatia e consapevolezza, l'episodio non sviluppa un vero impegno critico o trasformativo: il razzismo e lo sfruttamento sono mostrati come problemi individuali o di contesto, non si arriva a una discussione sulle cause strutturali, né a una centralità delle voci marginalizzate rispetto ai protagonisti italiani.
TERAPIA D URGENZA;01;10;Terapia d urgenzaS01E10;03/07/2009;6;+1;L'episodio affronta la presenza di migranti e italiani di seconda generazione in modo realistico e dignitoso. Personaggi come Rosaria (badante venezuelana) e Mamadou (senegalese) sono centrali nella trama, mostrati come lavoratori, genitori, persone con una storia e una dignità. Le loro difficoltà (permessi di soggiorno, sfruttamento lavorativo, precarietà) sono rappresentate senza sensazionalismo, e il personale medico mostra rispetto e attenzione, anche quando emergono pregiudizi. I commenti razzisti (ad esempio, 'negro volevi dire?') sono attribuiti a personaggi problematici e vengono contestati o ridicolizzati. La narrazione include momenti di empatia, solidarietà e riconoscimento delle difficoltà sistemiche, ma non arriva a una vera analisi strutturale del razzismo. Il tono generale è di rispetto e consapevolezza, con qualche stereotipo presente ma contestualizzato e mai dominante.;"Non assegno un punteggio più basso perché la rappresentazione dei personaggi migranti è complessa e dignitosa; i commenti razzisti sono contestati e non normalizzati, e la narrazione mostra empatia e rispetto. Non c'è mai una normalizzazione o minimizzazione del pregiudizio: il punto di vista dominante è critico verso il razzismo.";"Non assegno +2 o +3 perché, pur mostrando consapevolezza e rispetto, l'episodio non sviluppa un vero impegno critico o una riflessione strutturale sulle cause del razzismo. Le voci marginalizzate sono presenti e rispettate, ma non centrali in senso trasformativo; manca una discussione esplicita sulle strutture di potere o soluzioni concrete per l'equità."
TERAPIA D URGENZA;01;10;Terapia d urgenzaS01E10;03/07/2009;7;+2;L'episodio affronta in modo esplicito e articolato il tema del razzismo e della discriminazione verso migranti e lavoratori stranieri, con particolare attenzione alle condizioni di vita e lavoro (caporalato, permessi di soggiorno, precarietà, sfruttamento). I personaggi migranti (Rosaria, Mamadou, Lidia) sono rappresentati con dignità, complessità e centralità narrativa: Rosaria è una figura eroica che sacrifica la propria vita per la bambina che accudisce, Lidia è una donna vulnerabile ma trattata con rispetto e supporto, Mamadou è protagonista di un dialogo critico sullo sfruttamento. Le battute razziste e i pregiudizi sono attribuiti a personaggi negativi o ignoranti e vengono contestati apertamente da altri personaggi (es. 'Un negro volevi dire?' seguito da una discussione critica), oppure sono inseriti in contesti che ne mostrano la problematicità. L'episodio mostra le conseguenze negative dello sfruttamento e della discriminazione, promuove l'empatia e la solidarietà, e mette in discussione le strutture di potere (caporalato, burocrazia, invisibilità sociale). Tuttavia, non si arriva a una vera analisi strutturale delle cause sistemiche del razzismo né a proporre soluzioni concrete per l'equità sociale, ma il dibattito è esplicito e il messaggio prevalente è critico verso il razzismo.;"Non è -1 o -2 perché la rappresentazione dei migranti non è superficiale né stereotipata; i personaggi sono complessi, hanno agency, e la narrazione non normalizza né minimizza il pregiudizio. Non è -3 perché le idee razziste non sono mai sostenute dalla narrazione o dai personaggi positivi.";Non è +3 perché manca una vera analisi delle cause sistemiche del razzismo (es. leggi, istituzioni, politiche migratorie) e le voci marginalizzate, pur centrali nella storia, non assumono un ruolo di leadership o proposta di soluzioni concrete. L'episodio si ferma all'impegno critico e all'empatia, senza proporre cambiamento strutturale.
TERAPIA D URGENZA;01;10;Terapia d urgenzaS01E10;03/07/2009;8;+2;L'episodio affronta in modo esplicito e articolato il tema del razzismo e della discriminazione verso migranti e lavoratori stranieri, in particolare donne latinoamericane e uomini africani. Rosaria, badante venezuelana, è centrale nella narrazione: la sua storia di sacrificio, nostalgia per la famiglia, e la sua morte per salvare una bambina italiana sono trattate con grande rispetto e umanità. Le difficoltà burocratiche, la precarietà lavorativa, e la mancanza di diritti sono esplicitamente tematizzate (permesso di soggiorno, lavoro nero, sfruttamento). I personaggi positivi (medici, famiglie) si impegnano attivamente per aiutare Rosaria e Lidia, altra migrante, mostrando empatia, rispetto e solidarietà. Gli episodi di pregiudizio e razzismo (insulti, stereotipi, sospetti, battute come 'Africa', 'negro', 'prostitute') sono contestati da altri personaggi, spesso con toni accesi: la narrazione non li normalizza, ma li mette in discussione. Viene mostrata la crescita di alcuni personaggi, che passano dal sospetto o dal pregiudizio all'accettazione e al sostegno. Il razzismo è rappresentato come un problema sociale, legato a dinamiche di sfruttamento lavorativo e marginalizzazione, e non solo come questione individuale. L'episodio si conclude con una riflessione esplicita sull'invisibilità delle persone migranti nella società italiana e sul valore della loro presenza.;"Non è -1 o -2 perché il pregiudizio non viene mai normalizzato né minimizzato: i personaggi che lo esprimono sono contestati, e la narrazione li mette in cattiva luce. Non è -3 perché non c'è mai sostegno attivo alla discriminazione; anzi, la sofferenza e il sacrificio dei migranti sono resi centrali e dignitosi.";Non è +3 perché, pur affrontando il razzismo come problema sociale e mostrando solidarietà concreta, l'analisi delle cause sistemiche resta implicita e non viene tematizzata in modo strutturale o politico. Le voci marginalizzate sono centrali nella trama, ma non assumono piena autorità narrativa o agency rispetto alle soluzioni: la prospettiva resta prevalentemente quella dei personaggi italiani, e le soluzioni proposte sono individuali, non collettive o strutturali.
TERAPIA D URGENZA;01;10;Terapia d urgenzaS01E10;03/07/2009;9;+1;L'episodio presenta diversi personaggi migranti (Rosaria, Mamadou, Lidia) che hanno ruoli narrativi significativi e vengono trattati con rispetto e empatia dal personale medico. Si affrontano temi come il lavoro precario, la burocrazia per il permesso di soggiorno, la solitudine e la difficoltà di accesso alle cure, mostrando consapevolezza delle condizioni dei migranti in Italia. Gli stereotipi sono presenti (ad esempio, la badante straniera, il lavoratore sfruttato), ma vengono contestualizzati e in parte problematizzati: i personaggi positivi si impegnano per aiutare, proteggere e rispettare i migranti, e le battute razziste o i pregiudizi sono attribuiti a personaggi negativi o vengono criticati (es. la discussione tra muratori, dove il razzismo viene esplicitato e contestato). Tuttavia, non si arriva a una vera analisi strutturale del razzismo né a una critica esplicita delle cause sistemiche: il focus resta sulle storie individuali e sulle relazioni personali, con un tono generalmente empatico ma non trasformativo.;Non è -1 o più basso perché la narrazione mostra consapevolezza critica: i personaggi migranti non sono solo stereotipi, ma hanno una loro dignità e complessità, e il razzismo viene esplicitamente contestato da personaggi positivi. Non si normalizzano i pregiudizi, anzi si cerca di superarli.;Non è +2 o +3 perché manca un vero impegno critico o trasformativo: non si affrontano le cause sistemiche del razzismo, né si propone un dibattito esplicito o soluzioni concrete. Le voci marginalizzate sono presenti ma non centrali o autorevoli nella narrazione, e il razzismo resta un problema di contesto più che di struttura sociale.
TERAPIA D URGENZA;01;10;Terapia d urgenzaS01E10;03/07/2009;10;+2;L'episodio affronta il tema del razzismo e della discriminazione in modo esplicito e critico, soprattutto attraverso le storie di Rosaria (badante latinoamericana) e Mamadou (migrante senegalese). Vengono rappresentate le difficoltà burocratiche, lo sfruttamento lavorativo, la paura dei migranti di essere denunciati, e la precarietà delle loro condizioni. I personaggi positivi (medici, infermieri, famiglie) mostrano empatia, si impegnano attivamente per aiutare i migranti, contestano stereotipi e pregiudizi (es. la battuta 'un negro volevi dire?' viene subito contestata e non normalizzata), e si sottolinea il valore umano dei personaggi marginalizzati. Il razzismo viene esplicitamente mostrato come problema sociale, con conseguenze negative per chi lo perpetra (il caporale viene minacciato di denuncia, il comportamento discriminatorio è criticato). La narrazione non si limita a una semplice presenza dignitosa, ma promuove il superamento dei pregiudizi e il riconoscimento dei diritti e della dignità dei migranti.;"Non è -1 o -2 perché la rappresentazione non si limita a stereotipi o a una normalizzazione del pregiudizio; i commenti razzisti vengono contestati e il comportamento discriminatorio ha conseguenze negative. Non è -3 perché non c'è mai sostegno attivo alla discriminazione: i personaggi razzisti sono ritratti negativamente.";Non è +3 perché, pur mostrando impegno critico e crescita dei personaggi, non si arriva a una vera analisi strutturale delle cause sistemiche del razzismo né vengono proposte soluzioni concrete per l'equità sociale. Le voci marginalizzate sono centrali ma non completamente autorevoli o protagoniste della narrazione.
NATI IERI;01;09;Nati ieriS01E09;17/01/2007;1;-1;L'episodio presenta alcuni personaggi rom (ragazzini e una giovane madre) coinvolti in piccoli furti e provenienti da un campo nomadi, rappresentati in modo stereotipato (famiglie numerose, figli piccoli già madri, battute su 'gagé' e furti di stereo). I personaggi medici interagiscono con loro in modo generalmente neutro o paternalistico, senza ostilità aperta ma anche senza particolare profondità o umanizzazione. Non c'è una vera contestazione degli stereotipi, né una riflessione critica sulla marginalizzazione dei rom: la loro presenza serve soprattutto come elemento di contesto sociale problematico. Le battute e i riferimenti ai furti e al campo nomadi vengono lasciati senza ironia o distanza critica, e i personaggi rom restano funzionali alla trama, senza sviluppo individuale. Non emergono però insulti espliciti o scene di aperta discriminazione, e i protagonisti non mostrano ostilità diretta.;Non assegno -2 perché, pur normalizzando alcuni stereotipi (es. la battuta sullo stereo sparito, la madre giovanissima con molti fratelli, la familiarità con la polizia), l'episodio non presenta un'atmosfera di accettazione esplicita del pregiudizio: i personaggi principali non deridono né maltrattano apertamente i rom, e non c'è un clima di complicità razzista tra i 'positivi'. Non si arriva a una normalizzazione totale, ma si resta su una rappresentazione superficiale e priva di consapevolezza.;Non assegno 0 o punteggi positivi perché non ci sono segnali di consapevolezza, contestazione o ironia sugli stereotipi. I personaggi rom sono ridotti a cliché (ladri, nomadi, famiglie numerose, figli piccoli già madri), senza alcuna umanizzazione o sviluppo. Nessun personaggio positivo prende posizione contro i pregiudizi o mostra particolare empatia o rispetto per la loro condizione. L'orientamento dominante è quello di una rappresentazione stereotipata e superficiale.
NATI IERI;01;09;Nati ieriS01E09;17/01/2007;2;+1;L'episodio presenta diversi personaggi di etnia rom (nomadi) coinvolti in una situazione di pronto soccorso e controllo di polizia. La narrazione evita stereotipi marcati: i ragazzini rom non sono criminalizzati, ma trattati con umanità dai medici, che si oppongono implicitamente alla logica repressiva della polizia. I commenti problematici (ad esempio, il riferimento allo stereo rubato) sono presentati come battute tra colleghi, ma non vengono mai sostenuti dalla narrazione o dai personaggi positivi. La ragazza rom Edonita viene chiamata per nome, ha una sua voce e viene trattata con rispetto dagli operatori sanitari. Il dialogo sul termine 'gagee' (italiani) è neutro e serve a spiegare una differenza culturale, non a marcare una distanza. Nel complesso, la rappresentazione è consapevole: i personaggi positivi mostrano rispetto, non c'è ironia offensiva, e la narrazione si concentra sulle difficoltà sociali e sulla mancanza di alternative per i giovani rom, senza colpevolizzarli.;Non ci sono stereotipi etnici riprodotti senza distanza critica, né battute razziste normalizzate. La narrazione non sostiene né minimizza il pregiudizio: anzi, mostra empatia per la condizione dei ragazzi e delle famiglie rom. I personaggi positivi non esprimono mai idee discriminatorie e contestano implicitamente la logica repressiva.;Non si arriva a un impegno critico strutturale (+2): il razzismo non è affrontato come problema sociale esplicito, non c'è dibattito diretto né crescita dei personaggi su questo tema. Le voci marginalizzate sono presenti ma non centrali o autorevoli nella narrazione, e non vengono proposte soluzioni concrete o una critica alle strutture di potere. L'episodio si limita a una rappresentazione rispettosa e consapevole, senza andare oltre.
NATI IERI;01;09;Nati ieriS01E09;17/01/2007;3;-1;L'episodio presenta alcuni personaggi rom (ragazzini e una giovane madre) coinvolti in un tentato furto e fa riferimento esplicito al campo nomadi. I bambini rom sono trattati con un certo grado di umanità e simpatia da parte dei medici, che cercano di aiutarli e scherzano con loro, ma la loro presenza è definita quasi esclusivamente dal loro essere 'nomadi' e dal coinvolgimento in attività illecite. Non c'è una riflessione critica sugli stereotipi, né una reale contestazione dei pregiudizi: ad esempio, uno dei personaggi fa una battuta sullo stereo rubato al campo nomadi, che viene lasciata passare come una battuta tra colleghi. I personaggi rom non hanno agency o profondità oltre il loro ruolo stereotipato. Il tono resta superficiale e non problematizza la rappresentazione, pur evitando toni apertamente ostili o denigratori.;Non assegno -2 perché, pur normalizzando alcuni stereotipi (rom = furto, famiglie numerose, marginalità), l'episodio mostra anche una certa empatia e umanità nei confronti dei bambini e della giovane madre, senza compiacimento o approvazione esplicita della discriminazione. I personaggi principali non esprimono odio o disprezzo, e non c'è una narrazione che giustifichi o celebri la discriminazione.;"Non assegno 0 perché la rappresentazione dei personaggi rom è quasi esclusivamente legata a cliché etnici (furto, campo nomadi, famiglie numerose, richiesta di elemosina) e non viene mai problematizzata o messa in discussione. Non c'è nessun personaggio che contesti gli stereotipi o che offra una visione alternativa; la loro presenza serve solo a confermare un'immagine già nota e superficiale."
NATI IERI;01;09;Nati ieriS01E09;17/01/2007;4;-1;L'episodio presenta alcuni personaggi rom (ragazzini e una giovane madre) coinvolti in piccoli furti e provenienti da un campo nomadi, con dialoghi che riproducono stereotipi comuni (famiglie numerose, figli piccoli che già hanno figli, riferimenti al campo nomadi, battute sugli italiani 'gagé'). Tuttavia, il tono generale non è apertamente ostile: i medici e il personale interagiscono con i ragazzi in modo umano e rispettoso, senza esprimere giudizi morali espliciti o disprezzo. Non c'è una vera distanza critica o ironia sugli stereotipi, né una riflessione profonda sulle condizioni sociali dei rom. Le battute e le situazioni stereotipate restano incontestate e non vengono problematizzate, ma non si arriva a una normalizzazione totale o a una convalida attiva della discriminazione. L'episodio si limita a rappresentare i personaggi rom secondo cliché, senza particolare malizia ma anche senza consapevolezza critica.;Non assegno -2 perché, pur riproducendo stereotipi e battute tipiche, l'episodio non presenta un'atmosfera di normalizzazione esplicita del pregiudizio: i personaggi principali non esprimono disprezzo, non ci sono commenti razzisti trattati come normali, e non si percepisce un messaggio di accettazione della discriminazione. I medici cercano comunque di aiutare i ragazzi e la giovane madre, mantenendo un atteggiamento professionale e umano.;"Non assegno 0 perché la rappresentazione dei personaggi rom resta fortemente stereotipata e non c'è alcun elemento di consapevolezza, ironia o distanza critica. Nessun personaggio mette in discussione i cliché o offre una visione alternativa; la narrazione non va oltre la superficie e non problematizza la questione etnica. Non ci sono segnali progressisti o elementi di equilibrio che giustificherebbero l'ambiguità genuina."
NATI IERI;01;09;Nati ieriS01E09;17/01/2007;5;-1;L'episodio presenta alcuni personaggi rom (ragazzini e una ragazza madre) coinvolti in piccoli furti e provenienti da un campo nomadi, con riferimenti espliciti alla loro etnia e stereotipi (numerosi figli, vita nel campo, furti). Tuttavia, il tono generale non è apertamente ostile: i medici trattano i ragazzi con umanità e ironia, senza insulti o aggressività, e c'è una certa empatia nei dialoghi. Gli stereotipi non vengono criticati né decostruiti, ma nemmeno esaltati come positivi o 'normali': sono semplicemente dati per scontati e non problematizzati. Non ci sono personaggi rom con ruoli complessi o centrali, e la loro presenza serve soprattutto da spunto narrativo. Il pregiudizio è quindi riprodotto in modo superficiale e acritico, senza una vera distanza critica o consapevolezza, ma anche senza particolare malizia.;Non assegno -2 perché, pur essendo presenti stereotipi e una rappresentazione piatta dei personaggi rom, l'episodio non normalizza il pregiudizio in modo esplicito: non ci sono battute razziste presentate come innocue, né un'atmosfera che legittima apertamente la discriminazione. I personaggi principali non esprimono disprezzo e trattano i ragazzi con rispetto di base.;Non assegno 0 perché la rappresentazione non è realmente ambigua: la presenza di stereotipi etnici non è bilanciata da elementi progressisti o da una problematizzazione consapevole. Non ci sono segnali di critica agli stereotipi, né personaggi rom con agency o profondità, e il punto di vista dominante rimane quello italiano/istituzionale.
NATI IERI;01;09;Nati ieriS01E09;17/01/2007;6;+1;L'episodio presenta diversi personaggi rom (nomadi) coinvolti in vicende ospedaliere e giudiziarie. Il tono generale è di normalizzazione della loro presenza, senza caricature e con dialoghi che mostrano una certa familiarità e rispetto tra medici e ragazzi rom. Vengono accennati stereotipi (il furto dello stereo, la famiglia numerosa), ma questi sono inseriti in modo ironico e contestualizzato, senza che la narrazione li appoggi apertamente. I personaggi positivi (medici, infermieri) si relazionano con i ragazzi rom con empatia e umanità, evitando giudizi o discriminazioni. C'è consapevolezza delle difficoltà sociali (frustrazione per la mancanza di alternative, il ciclo di arresti e rilasci) e si accenna anche alla differenza tra 'gagé' (italiani) e rom, ma senza ostilità. Non c'è un impegno esplicito nel criticare il razzismo o analizzare le cause sistemiche, ma la rappresentazione è consapevole e rispettosa.;"Non assegno -1 o -2 perché i personaggi rom non sono ridotti a semplici stereotipi né trattati con ostilità; la narrazione non normalizza il pregiudizio e i personaggi positivi non esprimono mai idee discriminatorie. Gli stereotipi presenti sono usati con ironia e contestualizzazione, non per rafforzare pregiudizi.";Non assegno +2 o +3 perché l'episodio non affronta il razzismo come problema sociale né propone una critica strutturale alle discriminazioni. Non c'è un dibattito esplicito, né vengono esplorate le cause sistemiche o offerte soluzioni concrete. La voce dei personaggi rom è presente ma non centrale o autorevole nella narrazione.
NATI IERI;01;09;Nati ieriS01E09;17/01/2007;7;+1;L'episodio presenta diversi personaggi rom (ragazzi e una giovane madre) coinvolti in una vicenda di pronto soccorso e polizia. La rappresentazione evita toni apertamente razzisti: i bambini rom sono trattati con rispetto dai medici, che si oppongono a procedure invasive senza autorizzazione e mostrano empatia per la loro situazione. Il dialogo tra la giovane madre rom e il medico è umano, senza paternalismo o disprezzo. Tuttavia, permangono alcuni stereotipi (famiglia numerosa, campo nomadi, battuta sullo stereo rubato), che vengono però contestualizzati come battute tra colleghi e non come verità assolute. I personaggi positivi non partecipano a commenti razzisti e, anzi, mostrano disagio quando emergono pregiudizi. Il tono generale è di consapevolezza, ma non si arriva a una critica strutturale del razzismo.;Non assegno -1 o -2 perché i personaggi rom non sono ridotti a cliché, né subiscono discriminazione attiva o normalizzata. I medici si oppongono a trattamenti ingiusti e non c'è complicità con stereotipi, che vengono usati in modo marginale e ironico.;Non assegno +2 o +3 perché l'episodio non affronta il razzismo come problema sociale né analizza le sue cause sistemiche. Le voci marginalizzate non sono centrali, e la narrazione non propone soluzioni concrete o una critica alle strutture di potere. La consapevolezza è presente, ma non si traduce in impegno critico o trasformativo.
NATI IERI;01;09;Nati ieriS01E09;17/01/2007;8;-1;"L'episodio presenta alcuni personaggi rom (ragazzini e una giovane madre) coinvolti in un tentato furto e provenienti da un campo nomadi. La loro presenza è trattata con una certa umanità (cura medica, dialoghi, battute), ma la rappresentazione resta superficiale e stereotipata: i rom sono caratterizzati quasi esclusivamente dal furto, dalla marginalità e dalla numerosità familiare. Non c'è una vera contestazione degli stereotipi, né una riflessione critica sul pregiudizio; i personaggi italiani fanno battute (es. 'se tante volte mi ricordi lo stereo', 'voi gagee lasciate sempre da soli i vecchi'), che restano incontestate o sono trattate come normali. L'episodio non promuove attivamente il razzismo, ma la diversità etnica è ridotta a cliché e non viene mai davvero problematizzata.";"Non assegno -2 perché, pur nella superficialità, i personaggi rom non sono mai oggetto di odio esplicito o disumanizzazione; ricevono cure, dialogano con i medici, e non vengono trattati solo come 'nemici'. Non c'è una normalizzazione totale del pregiudizio, né i personaggi positivi esprimono razzismo come fosse la norma.";Non assegno 0 o valori positivi perché la rappresentazione della diversità è piatta e stereotipata, senza consapevolezza critica o elementi di crescita. Gli stereotipi non vengono mai messi in discussione e i personaggi rom non hanno ruoli che vadano oltre la loro etnia o condizione marginale.
NATI IERI;01;09;Nati ieriS01E09;17/01/2007;9;-1;L'episodio presenta alcuni personaggi rom (ragazzini e una ragazza madre) coinvolti in piccoli furti e provenienti da un campo nomadi. La loro etnia viene esplicitamente nominata e associata a stereotipi (numerosa prole, furti, vita nei campi). Tuttavia, il tono generale è relativamente neutro: i personaggi principali (medici e infermieri) interagiscono con loro senza ostilità, e in alcuni casi mostrano empatia o ironia. Non ci sono battute apertamente razziste, ma i personaggi rom sono caratterizzati quasi esclusivamente dal loro essere 'nomadi' e dalla marginalità sociale, senza approfondimenti o rovesciamenti dello stereotipo. La rappresentazione rimane superficiale e stereotipata, senza consapevolezza critica o contestazione esplicita degli stereotipi, ma anche senza particolare ostilità o compiacimento.;Non assegno -2 perché, pur essendo presenti stereotipi e una rappresentazione piatta, non c'è una vera normalizzazione del pregiudizio: i personaggi principali non fanno commenti razzisti, né la narrazione invita lo spettatore a ridere o solidarizzare con atteggiamenti discriminatori. I rom non sono oggetto di scherno o disprezzo diretto, e c'è una certa umanizzazione (es. la ragazza madre che parla della famiglia).;Non assegno 0 perché la rappresentazione è chiaramente sbilanciata sullo stereotipo: i personaggi rom non hanno ruoli o profondità oltre la loro etnia e la marginalità, e nessuno nel testo mostra consapevolezza o mette in discussione questa rappresentazione. Non ci sono segnali progressisti o elementi di reale ambiguità.
NATI IERI;01;09;Nati ieriS01E09;17/01/2007;10;+1;L'episodio presenta diversi personaggi rom, in particolare Edonita e altri bambini, che interagiscono con medici e poliziotti. La loro presenza è trattata con una certa normalità: i bambini rom vengono soccorsi, curati e trattati con rispetto dai medici, che si oppongono a procedure invasive senza autorizzazione e mostrano empatia per la loro situazione. Viene accennata la vita difficile dei ragazzi rom e la frustrazione degli operatori sociali, ma senza una vera analisi strutturale. Ci sono alcune battute stereotipate (campo nomadi, furti, tanti figli), ma il tono generale è più ironico che denigratorio, e i personaggi positivi non mostrano pregiudizi ostili. Il dialogo tra Edonita e il medico introduce il termine 'gagé' (italiano) con una nota di curiosità e non di ostilità. Non c'è una contestazione esplicita dei pregiudizi, ma nemmeno una loro normalizzazione: la narrazione mostra consapevolezza e rispetto, pur senza approfondire la questione razziale.;Non assegno -1 o -2 perché i personaggi rom non sono ridotti a soli stereotipi né trattati con ostilità. I medici e il personale ospedaliero si relazionano con loro in modo umano e rispettoso, e le battute stereotipate sono contestualizzate come ironiche, non come verità socialmente accettate. Non c'è normalizzazione del pregiudizio.;Non assegno +2 o +3 perché l'episodio non affronta il razzismo come problema sociale da risolvere, né propone una critica strutturale alle condizioni dei rom. Non c'è dibattito esplicito, né vengono offerte soluzioni concrete o voce centrale alle persone marginalizzate. La questione razziale rimane sullo sfondo, trattata con rispetto ma senza impegno critico o trasformativo.
NATI IERI;01;03;Nati ieriS01E03;27/12/2006;1;+1;"L'episodio si svolge in un ospedale italiano contemporaneo, dove la presenza di personaggi stranieri (Mirka, croata; un'infermiera ucraina) è trattata con una certa normalità. La narrazione non indulge in stereotipi etnici né in battute razziste, e i personaggi stranieri vengono accolti e aiutati, anche se con qualche esitazione burocratica o curiosità (ad esempio, domande sulla lingua o sul cognome). Non ci sono scene di discriminazione attiva né di contestazione esplicita del razzismo, ma si nota una consapevolezza del contesto migrante e della solitudine delle madri straniere. Il tono generale è rispettoso, anche se non c'è un vero impegno critico o analisi strutturale del razzismo. Gli unici accenni alla diversità sono gestiti con umanità e attenzione, senza ridurre i personaggi a cliché.";Non ci sono stereotipi etnici, battute razziste né normalizzazione del pregiudizio. I personaggi stranieri non sono marginalizzati o ridicolizzati, e la loro presenza è trattata con dignità. Nessun personaggio positivo esprime idee discriminatorie.;L'episodio non affronta il razzismo come problema sociale né propone una critica alle strutture di potere. Non ci sono dibattiti espliciti sul tema né crescita dei personaggi rispetto ai pregiudizi. Le voci marginalizzate non sono centrali nella narrazione, e la questione razziale rimane sullo sfondo, senza analisi trasformativa.
NATI IERI;01;03;Nati ieriS01E03;27/12/2006;2;+1;"L'episodio si svolge in un ospedale romano e include la presenza di personaggi stranieri (Mirka, croata; una paziente ucraina) e italiani di diverse generazioni. La questione migratoria e della maternità di una donna straniera viene affrontata con una certa empatia e rispetto: il personale medico si preoccupa della sua condizione, cerca di aiutarla e le offre supporto pratico ed emotivo. I personaggi positivi (medici, infermieri) mostrano attenzione e rispetto, senza mai ricorrere a stereotipi offensivi. Gli unici riferimenti all'origine straniera sono pragmatici (lingua, documenti) e non denigratori. Non ci sono battute razziste né normalizzazione di pregiudizi. Tuttavia, la narrazione non affronta il razzismo come problema sociale né analizza le sue cause sistemiche: la diversità è trattata con dignità, ma senza approfondimento critico.";Non ci sono stereotipi negativi, battute razziste, né normalizzazione di pregiudizi. I personaggi stranieri non sono ridotti a cliché e vengono trattati con rispetto e umanità. Nessun personaggio positivo esprime idee discriminatorie.;L'episodio non sviluppa un vero impegno critico (+2): non c'è dibattito esplicito sul razzismo, né crescita personale dei personaggi rispetto ai pregiudizi. Manca una riflessione strutturale o una critica alle cause sistemiche (+3). La diversità è rappresentata con consapevolezza, ma non è centrale né trasformativa.
NATI IERI;01;03;Nati ieriS01E03;27/12/2006;3;+1;L'episodio presenta la presenza di migranti (una donna croata e una ucraina) e affronta il tema della maternità e dell'abbandono in un contesto ospedaliero italiano. I personaggi stranieri sono trattati con rispetto e umanità, senza essere ridotti a stereotipi etnici. Le difficoltà delle migranti vengono riconosciute (solitudine, mancanza di documenti, barriere linguistiche), ma non c'è una vera analisi strutturale del razzismo né una critica esplicita alle cause sistemiche. I commenti problematici sono assenti, e la narrazione mostra empatia verso le donne straniere, con dialoghi che sottolineano la necessità di rispetto e attenzione. Tuttavia, la questione razziale non è centrale né affrontata come problema sociale, ma la rappresentazione è consapevole e dignitosa.;"Non ci sono stereotipi negativi, battute razziste, né normalizzazione del pregiudizio. I personaggi stranieri non sono marginalizzati né trattati in modo superficiale; anzi, ricevono attenzione e rispetto. Nessun personaggio positivo esprime idee discriminatorie.";L'episodio non offre un impegno critico esplicito contro il razzismo, né una riflessione sulle cause sistemiche della discriminazione. Le voci marginalizzate sono presenti ma non centrali nella narrazione, e il tema del razzismo non viene approfondito né discusso apertamente. La rappresentazione è rispettosa ma non trasformativa.
NATI IERI;01;03;Nati ieriS01E03;27/12/2006;4;+1;"L'episodio si svolge in un ospedale romano e include diversi personaggi di origine straniera (Mirka, croata; una breve interazione tra una croata e un'ucraina; riferimenti a 'extracomunitari'). Questi personaggi sono trattati con rispetto e umanità dal personale medico, che si preoccupa per la loro condizione e cerca di aiutarli. Non ci sono battute o commenti razzisti, né stereotipi etnici evidenti. L'episodio mostra consapevolezza delle difficoltà sociali affrontate dai migranti (solitudine, mancanza di lavoro, necessità di lasciare i figli), ma non approfondisce le cause sistemiche del razzismo né mette al centro le voci marginalizzate. Il tono è empatico e rispettoso, con una narrazione che riconosce la diversità e la tratta con dignità, ma senza un vero impegno critico o analisi strutturale.";Non ci sono elementi di normalizzazione, minimizzazione o sostegno alla discriminazione. I personaggi stranieri non sono ridotti a stereotipi e non subiscono né battute né esclusioni. Il personale ospedaliero mostra rispetto e attenzione, e l'episodio evita qualsiasi ironia o superficialità nei confronti della diversità.;L'episodio non affronta il razzismo come problema sociale in modo esplicito (+2), né propone una critica alle strutture di potere o soluzioni concrete (+3). Le voci marginalizzate non sono centrali e autorevoli, e la questione razziale rimane sullo sfondo, trattata con rispetto ma senza approfondimento o trasformazione.
NATI IERI;01;03;Nati ieriS01E03;27/12/2006;5;+1;"L'episodio presenta alcuni personaggi stranieri (Mirka, la donna croata; la donna ucraina) che sono trattati con rispetto e umanità dal personale ospedaliero. Le difficoltà delle madri migranti vengono riconosciute, ma non sono oggetto di ironia o di stereotipi negativi. I dialoghi tra le donne straniere mostrano consapevolezza delle difficoltà di integrazione, ma senza vittimismo né paternalismo. Non ci sono battute razziste, né stereotipi etnici ripetuti. Il personale ospedaliero, in particolare la dottoressa, sottolinea la necessità di rispettare la madre migrante e di non giudicare la sua scelta, mostrando empatia e attenzione. Il tono generale è di rispetto e inclusione, anche se la questione del razzismo non viene affrontata in modo strutturale o come problema sociale ampio.";Non ci sono elementi di normalizzazione o minimizzazione del pregiudizio: i personaggi stranieri non sono ridotti a cliché, né trattati con sospetto o disprezzo. Non si rilevano battute o commenti razzisti, né una narrazione che supporti stereotipi dannosi.;L'episodio non affronta il razzismo come problema sociale né propone una critica alle strutture di potere o soluzioni concrete. Le voci marginalizzate sono presenti e trattate con dignità, ma non diventano centrali o autorevoli nella narrazione. Manca un dibattito esplicito o una crescita dei personaggi rispetto ai temi razziali.
NATI IERI;01;03;Nati ieriS01E03;27/12/2006;6;+1;L'episodio presenta la presenza di una madre croata che deve lasciare il proprio bambino in ospedale, affrontando difficoltà linguistiche e di integrazione. Il personale ospedaliero la tratta con rispetto e premura, senza mai ricorrere a stereotipi etnici negativi. I dialoghi tra migranti (Croazia, Ucraina) sono neutrali o solidali, e la questione della sua condizione di 'extracomunitaria' viene menzionata solo come dato di fatto, senza giudizi o ironie. Non ci sono battute razziste né normalizzazione di pregiudizi. L'unico accenno potenzialmente problematico ('exstracomunitaria, mi è sembrata molto sola') è trattato con empatia e attenzione alle sue difficoltà. Nel complesso, la narrazione mostra consapevolezza e rispetto verso la diversità, ma non arriva a un impegno critico o a una riflessione strutturale sul razzismo.;Non ci sono stereotipi, battute o atteggiamenti discriminatori normalizzati. La presenza della madre straniera è trattata con dignità e rispetto, senza minimizzazione o superficialità. Nessun personaggio positivo esprime idee razziste o pregiudizi.;L'episodio non affronta il razzismo come problema sociale, né sviluppa una critica strutturale alle discriminazioni. Non c'è dibattito esplicito sui temi razziali, né crescita dei personaggi rispetto ai pregiudizi. La questione migratoria rimane sullo sfondo, trattata con rispetto ma senza approfondimento critico.
NATI IERI;01;03;Nati ieriS01E03;27/12/2006;7;+1;L'episodio si svolge in un ospedale romano e presenta alcuni personaggi stranieri (principalmente Mirka, croata, e una breve interazione con una ucraina). La presenza di migranti è trattata con una certa normalità: Mirka viene accolta senza ostilità, le sue difficoltà linguistiche sono gestite con pazienza e non emergono stereotipi negativi. I personaggi italiani non esprimono pregiudizi razziali né battute discriminatorie, e le questioni etniche sono trattate come parte della realtà sociale, senza essere minimizzate o ridotte a cliché. L'unico momento in cui si nota una differenza è quando si sottolinea la solitudine di Mirka, ma il tono è empatico e non giudicante. Non ci sono discussioni esplicite sul razzismo, né analisi strutturali del fenomeno, ma la narrazione mostra consapevolezza e rispetto verso la diversità, attribuendo dignità ai personaggi migranti.;Non ci sono stereotipi, battute razziste o atteggiamenti di normalizzazione del pregiudizio. I personaggi stranieri non sono ridotti a cliché e vengono trattati con rispetto. Nessun personaggio positivo esprime idee discriminatorie.;"L'episodio non affronta il razzismo come problema sociale né propone una critica strutturale; manca un dibattito esplicito o una crescita dei personaggi rispetto ai pregiudizi. La questione della diversità è presente, ma non centrale né trasformativa."
NATI IERI;01;03;Nati ieriS01E03;27/12/2006;8;+1;"L'episodio si svolge in un ospedale romano e presenta alcuni personaggi stranieri (Mirka, croata; una donna ucraina) che interagiscono con il personale italiano. La loro presenza è trattata con una certa normalità: vengono accolte, aiutate e integrate nelle dinamiche dell'ospedale senza particolare enfasi negativa o stereotipata. I dialoghi mostrano qualche lieve impaccio linguistico, ma non ci sono battute razziste, né stereotipi etnici marcati. L'unico momento in cui la 'straniera' viene sottolineata è per motivi burocratici (assenza di documenti), non per giudizio morale. Il personale si mostra rispettoso, in particolare la dottoressa che insiste sul rispetto della madre straniera. Non c'è una vera analisi strutturale del razzismo, né un dibattito esplicito, ma la narrazione mostra consapevolezza e rispetto verso la diversità, evitando la minimizzazione e la normalizzazione del pregiudizio.";Non ci sono stereotipi etnici, battute razziste, né personaggi stranieri ridotti a cliché. La presenza delle donne straniere è dignitosa e il personale si mostra rispettoso, evitando la normalizzazione o la minimizzazione del pregiudizio.;L'episodio non affronta il razzismo come problema sociale, né propone una critica strutturale o soluzioni concrete. Le voci marginalizzate non sono centrali nella narrazione e non c'è un impegno esplicito nel dibattito sui temi razziali. La consapevolezza è presente, ma non si va oltre il riconoscimento rispettoso.
NATI IERI;01;03;Nati ieriS01E03;27/12/2006;9;+1;L'episodio, ambientato in un ospedale italiano, presenta la storia di Mirka, una donna croata che deve lasciare il figlio appena nato. La sua condizione di 'straniera' viene esplicitata più volte, ma senza ostilità o pregiudizio diretto. Il personale medico si mostra generalmente rispettoso e premuroso, con attenzione alle procedure e alla dignità della paziente. Ci sono dialoghi che evidenziano la solitudine e la difficoltà delle migranti, ma non emergono stereotipi negativi né battute discriminatorie. Il tema della diversità è trattato con una certa consapevolezza: le infermiere si scambiano esperienze di maternità e difficoltà, e il regolamento viene presentato come una norma da rispettare, non come un pretesto per discriminare. L'unico accenno a una differenza etnica è nella domanda 'Non è italiana lei?', posta in modo neutro e seguita da aiuto pratico. Inoltre, le due donne straniere (croata e ucraina) si scambiano parole di solidarietà. Non ci sono personaggi razzisti né battute etniche, e la narrazione mostra empatia verso le condizioni delle migranti.;Non ci sono stereotipi, battute o atteggiamenti che normalizzano il pregiudizio. La presenza della migrante non è ridotta a cliché e non viene mai trattata con superficialità o ostilità. I personaggi non minimizzano la sua situazione, anzi la affrontano con rispetto.;L'episodio non propone una critica strutturale al razzismo né affronta il tema come problema sociale esplicito. Non vengono esplorate le cause sistemiche della discriminazione, né si centra la voce delle persone marginalizzate come protagoniste autorevoli. Il razzismo non è oggetto di dibattito esplicito, ma solo di una consapevolezza di fondo.
NATI IERI;01;03;Nati ieriS01E03;27/12/2006;10;+1;"L'episodio, ambientato in un ospedale italiano, presenta alcuni personaggi stranieri (Mirka, croata; una donna ucraina) coinvolti in situazioni delicate come la maternità e l'abbandono di un neonato. La loro presenza è trattata con rispetto e umanità: i medici e il personale si sforzano di comunicare, aiutare e comprendere le difficoltà delle pazienti straniere. Non emergono stereotipi etnici negativi né battute razziste. L'unico accenno alla condizione di 'extracomunitaria' è neutro e contestualizzato, senza giudizi o discriminazioni. La narrazione mostra consapevolezza delle difficoltà di chi è straniero in Italia, ma non approfondisce le cause sistemiche del razzismo né mette al centro le voci marginalizzate. Il tono generale è di rispetto e solidarietà, con qualche momento di consapevolezza sulle differenze e sulle difficoltà, ma senza un vero impegno critico o analisi strutturale.";"Non ci sono battute, stereotipi o atteggiamenti razzisti normalizzati; i personaggi stranieri non sono mai ridicolizzati né marginalizzati. La narrazione non minimizza né normalizza il pregiudizio, e i personaggi positivi mostrano rispetto e attenzione verso le pazienti straniere.";L'episodio non affronta il razzismo come problema sociale, né mette al centro le voci marginalizzate. Non c'è una critica esplicita alle strutture di potere né una riflessione sulle cause sistemiche della discriminazione. La diversità è riconosciuta e trattata con rispetto, ma non c'è un vero impegno critico (+2) né una trasformazione strutturale (+3).
NATI IERI;01;19;Nati ieriS01E19;15/06/2007;1;0;L'episodio affronta diversi temi sociali (adozione, maternità giovanile, violenza sessuale), ma la questione razziale è presente solo marginalmente. L'unico riferimento diretto è la battuta sui nonni che 'non vogliono conoscere due rumeni', che viene contestualizzata come pregiudizio da parte dei nonni biologici, ma non viene né approfondita né criticata apertamente dalla narrazione o dai personaggi principali. I bambini adottati sono trattati come figli a tutti gli effetti dalla madre adottiva, ma la narrazione non si sofferma né sul vissuto dei bambini né sulle cause sociali del rifiuto. Non ci sono stereotipi negativi, né battute razziste normalizzate, ma nemmeno un impegno critico o una riflessione strutturale. Il posizionamento dominante è neutro: il pregiudizio viene menzionato, ma non tematizzato.;"Non ci sono personaggi che esprimono idee razziste in modo positivo o normalizzato, né stereotipi etnici dannosi; la battuta sui nonni è presentata come un problema, non come normalità.";"L'episodio non mostra consapevolezza critica, né impegno attivo contro il razzismo; il tema è solo accennato e non viene affrontato né discusso, né tantomeno analizzato a livello sistemico."
NATI IERI;01;19;Nati ieriS01E19;15/06/2007;2;0;"L'episodio affronta vari temi sociali (adozione, maternità giovanile, violenza sessuale), tra cui l'adozione di due bambini rumeni. La questione razziale emerge solo in una breve scena: la madre adottiva racconta che i suoi genitori non vogliono conoscere i nipoti 'perché sono due rumeni', citando il 'richiamo del sangue' e il patrimonio genetico come motivi di rifiuto. Tuttavia, la narrazione non approfondisce né problematizza la questione: la discriminazione viene menzionata, ma non contestata né analizzata. I personaggi principali (medici, amici) non reagiscono né con approvazione né con critica; la scena rimane neutra, limitandosi a registrare il fatto. Non ci sono stereotipi né battute razziste, ma nemmeno un impegno esplicito o una morale antirazzista. La presenza dei bambini rumeni è trattata con dignità, ma la questione del pregiudizio rimane sullo sfondo, senza una posizione dominante chiara.";Non ci sono elementi di normalizzazione o sostegno al pregiudizio: la discriminazione è presentata come un problema dei nonni, non come norma sociale. Nessun personaggio positivo esprime idee razziste o stereotipate, né la narrazione suggerisce che il rifiuto dei nonni sia accettabile.;Non c'è nessun riconoscimento consapevole, impegno critico o analisi strutturale: la discriminazione non viene contestata, discussa né superata. I personaggi non reagiscono, non c'è dibattito né crescita, e le voci marginalizzate non sono centrali. La questione razziale rimane un dettaglio secondario, senza messaggio esplicito.
NATI IERI;01;19;Nati ieriS01E19;15/06/2007;3;0;"L'episodio affronta principalmente temi di maternità, adozione, violenza sessuale e disagio adolescenziale. L'unico riferimento diretto a questioni razziali/etniche riguarda due bambini rumeni adottati, con una breve conversazione in cui si esplicita che i nonni materni non vogliono conoscerli 'per il richiamo del sangue, il patrimonio genetico'. Tuttavia, questa posizione viene esplicitamente problematizzata: la madre adottiva afferma che per lei sono 'figli e basta' e la narrazione non offre alcuna validazione positiva agli atteggiamenti discriminatori. Non ci sono stereotipi, né battute o commenti razzisti normalizzati; la questione viene presentata come un problema di mentalità della generazione precedente, senza però approfondire né criticare attivamente la discriminazione. Il resto dell'episodio non contiene altri riferimenti a razza o etnia, né personaggi marginalizzati che abbiano ruoli centrali. Nel complesso, la rappresentazione è neutra, con un breve accenno critico ma senza impegno esplicito.";Non ci sono stereotipi, battute o atteggiamenti razzisti normalizzati. L'unico pregiudizio espresso (quello dei nonni) viene presentato come problematico e non condiviso dai personaggi positivi. Non c'è alcuna convalida o normalizzazione del pregiudizio.;La questione razziale/etnica è marginale e non viene affrontata in modo critico o approfondito. Non c'è dibattito, né crescita dei personaggi su questo tema, né analisi delle cause o delle soluzioni. La narrazione non mostra un vero impegno né consapevolezza strutturale.
NATI IERI;01;19;Nati ieriS01E19;15/06/2007;4;0;L'episodio presenta una varietà di situazioni familiari e sociali, tra cui l'adozione di due bambini rumeni e la difficoltà di accettazione da parte dei nonni italiani. Il tema viene affrontato in modo realistico: la madre adottiva esprime che per lei i bambini sono semplicemente figli, mentre i suoi genitori non li vogliono conoscere a causa di pregiudizi sul 'richiamo del sangue' e il patrimonio genetico. Tuttavia, la narrazione non si sofferma né sulla critica esplicita di questi atteggiamenti, né sulla loro normalizzazione: il punto di vista della madre adottiva è positivo, ma quello dei nonni rimane inalterato e non viene contestato o risolto. Non ci sono stereotipi etnici offensivi, né battute razziste, ma nemmeno un impegno attivo a sfidare il pregiudizio. Il tono generale è di constatazione, senza una morale chiara o una presa di posizione dominante. Gli altri personaggi non commentano la situazione, e il tema rimane secondario rispetto alla trama principale.;Non assegno un punteggio inferiore perché l'episodio non normalizza né sostiene il pregiudizio: la madre adottiva è presentata positivamente, e non ci sono battute o comportamenti razzisti accettati come normali. I bambini rumeni non sono ridotti a stereotipi, e la loro presenza non è trattata in modo problematico.;Non assegno un punteggio superiore perché manca una critica esplicita o un impegno attivo contro il razzismo: nessuno contesta apertamente il comportamento dei nonni, non c'è dibattito né crescita dei personaggi su questo tema, e la narrazione non offre soluzioni o analisi delle cause del pregiudizio. Il tema resta sullo sfondo, senza una direzione prevalente.
NATI IERI;01;19;Nati ieriS01E19;15/06/2007;5;0;L'episodio affronta principalmente temi legati alla maternità, all'adozione, alla violenza sessuale e alle difficoltà familiari. L'unico riferimento esplicito a questioni etniche/razziali riguarda l'adozione di due bambini rumeni: viene menzionato che i nonni materni non vogliono conoscerli perché 'due rumeni poi', ma il tono è di disapprovazione verso questa chiusura, e la madre adottiva si esprime chiaramente: 'per me sono figli e basta'. Tuttavia, la questione non viene approfondita né problematizzata a livello sociale o sistemico, e la narrazione si concentra su altri temi. Non ci sono stereotipi, battute o commenti razzisti normalizzati, né personaggi di origine straniera con ruoli significativi. L'episodio si limita a registrare la presenza del pregiudizio familiare, senza però prendere una posizione critica forte né normalizzarlo. Gli altri dialoghi non presentano elementi razziali.;Non assegno un punteggio negativo perché il pregiudizio familiare verso i bambini rumeni viene esplicitamente presentato come un problema, non come qualcosa di normale o accettabile. Non ci sono battute, stereotipi o normalizzazione del razzismo.;Non assegno un punteggio positivo perché la questione razziale è marginale, non viene affrontata né discussa in modo critico o consapevole. Non ci sono personaggi stranieri con voce propria, né un impegno narrativo sul tema del razzismo. L'episodio non offre né riconoscimento consapevole né impegno critico o analisi strutturale.
NATI IERI;01;19;Nati ieriS01E19;15/06/2007;6;0;L'episodio non presenta riferimenti espliciti a razza, etnia o questioni razziali/migratorie. I personaggi e le trame ruotano attorno a temi come maternità, adozione, violenza di genere, relazioni familiari e dinamiche ospedaliere. L'unico accenno potenzialmente rilevante è la menzione di due bambini adottati rumeni e la resistenza dei nonni a conoscerli, ma la scena è trattata come questione di accettazione familiare e non viene approfondita né problematizzata in chiave razziale o stereotipata. Non emergono né stereotipi etnici né commenti o situazioni che richiamino dinamiche di razzismo o discriminazione.;Non ci sono elementi di discriminazione, stereotipi o normalizzazione di pregiudizi razziali. L'episodio non presenta battute, atteggiamenti o narrazioni che possano essere interpretate come razziste o problematiche sul piano etnico.;Non ci sono nemmeno elementi di riconoscimento critico, dibattito o impegno rispetto a questioni razziali. L'episodio non affronta il tema del razzismo né in modo consapevole né trasformativo.
NATI IERI;01;19;Nati ieriS01E19;15/06/2007;7;0;L'episodio non presenta alcun riferimento diretto a razza, etnia, migranti, rom o italiani di seconda generazione. L'unico accenno potenzialmente rilevante è la breve menzione di due bambini rumeni adottati, che viene trattata in modo neutro: la madre adottiva li considera figli a tutti gli effetti, mentre i suoi genitori non li vogliono conoscere per motivi legati al 'patrimonio genetico'. Tuttavia, la narrazione non si sofferma né approfondisce il tema del razzismo, né lo problematizza, né lo normalizza. Non ci sono stereotipi, battute, discriminazioni né discussioni critiche sul tema. L'episodio si concentra su temi come maternità, adozione, violenza sessuale e relazioni familiari.;Non ci sono elementi di discriminazione, stereotipi, normalizzazione o minimizzazione del pregiudizio razziale. L'unico passaggio potenzialmente problematico (i nonni che non vogliono conoscere i nipoti adottivi rumeni) viene presentato come una posizione personale, non come morale dominante o normalizzata, e la madre adottiva la contesta apertamente.;Non ci sono né consapevolezza critica, né impegno attivo contro il razzismo, né analisi strutturale o trasformativa. Il tema razziale/etnico è del tutto marginale e non affrontato, quindi non si può attribuire un punteggio positivo.
NATI IERI;01;19;Nati ieriS01E19;15/06/2007;8;0;L'episodio affronta principalmente temi come maternità, adolescenza, adozione, violenza sessuale e rapporti familiari. L'unico riferimento esplicito a questioni etniche/razziali riguarda l'adozione di due bambini rumeni: viene menzionato che i nonni materni non vogliono conoscerli perché 'due rumeni poi', ma questa posizione non è sostenuta né normalizzata dalla narrazione. I personaggi principali (genitori adottivi e medici) trattano i bambini come figli a tutti gli effetti e contestano implicitamente la posizione dei nonni, ma la questione rimane marginale e non viene approfondita. Non ci sono stereotipi etnici, battute razziste, né personaggi di minoranza trattati in modo problematico o riduttivo. Il resto dell'episodio è completamente avulso da tematiche razziali.;Non ci sono elementi di sostegno, normalizzazione o minimizzazione del pregiudizio razziale. L'unica posizione discriminatoria ('due rumeni poi') è attribuita a personaggi assenti e viene implicitamente contestata dai protagonisti. Non si riproducono stereotipi né si fa ironia acritica su etnie.;La questione razziale è solo sfiorata e non affrontata in modo critico o strutturale. Non c'è dibattito, crescita o analisi del razzismo, né voci marginalizzate che diventano centrali. L'episodio non mostra un impegno consapevole né trasforma la rappresentazione della diversità: la tematica rimane accessoria e non è oggetto di narrazione attiva.
NATI IERI;01;19;Nati ieriS01E19;15/06/2007;9;0;L'episodio non presenta riferimenti espliciti a razza o etnia nella trama principale, né stereotipi né personaggi caratterizzati da background migratorio o minoranze etniche. L'unico passaggio che sfiora il tema è quello relativo all'adozione di due bambini rumeni, dove la questione viene accennata in modo neutro: i nonni non vogliono conoscerli per 'richiamo del sangue', ma la narrazione non giudica né approfondisce il tema, limitandosi a riportare il fatto come dato di realtà familiare. Non ci sono battute, atteggiamenti o dinamiche che normalizzino o contestino pregiudizi razziali. Nel complesso, la rappresentazione della diversità etnica è marginale e priva di connotazione valoriale o critica.;Non emergono stereotipi, battute o atteggiamenti che normalizzino o minimizzino il pregiudizio. L'unico riferimento all'adozione di bambini rumeni è neutro e non stigmatizzante, né presentato come problema sociale.;Non c'è alcun impegno critico, riconoscimento consapevole o analisi delle dinamiche razziali. La questione viene solo accennata e non tematizzata, senza che la narrazione prenda posizione o promuova messaggi di inclusione.
NATI IERI;01;19;Nati ieriS01E19;15/06/2007;10;0;L'episodio presenta una pluralità di situazioni familiari e sociali, tra cui l'adozione di due bambini rumeni. Il tema viene affrontato con una certa normalità: i genitori adottivi considerano i bambini semplicemente 'figli', ma viene esplicitato che i nonni naturali rifiutano di conoscerli 'perché sono due rumeni', richiamando motivazioni di sangue e patrimonio genetico. Tuttavia, la narrazione non si schiera apertamente né contro né a favore di queste posizioni: la scelta dei nonni viene riportata senza giudizio esplicito, mentre i personaggi positivi (genitori adottivi e staff medico) mostrano empatia e inclusione, ma non c'è una condanna o dibattito diretto sul pregiudizio. Il razzismo emerge come dato di fatto sociale, ma non viene né normalizzato né criticato in modo attivo. Gli altri riferimenti etnici (nomi come Grigori, Radu) sono trattati con neutralità, senza stereotipi o ironia.;Non assegno un punteggio inferiore perché l'episodio non sostiene né normalizza il pregiudizio: i bambini adottati sono trattati con affetto, i personaggi positivi non esprimono mai idee razziste, e non ci sono battute o stereotipi etnici. Il rifiuto dei nonni è presentato come una scelta personale, non come comportamento accettato o condiviso.;Non assegno un punteggio superiore perché manca una presa di posizione attiva contro il razzismo: non ci sono personaggi che contestano apertamente il pregiudizio dei nonni, né viene avviato un dibattito o una riflessione critica sul tema. Le voci marginalizzate non sono centrali, e il razzismo non viene affrontato come problema sociale da risolvere.
MENTAL;01;04;MentalS01E04;18/12/2020;1;+1;L'episodio presenta Daniel, un ragazzo figlio di migranti (probabilmente di origine nordafricana), come protagonista, con una narrazione che lo rende complesso e centrale, non ridotto a stereotipi etnici. Il razzismo viene menzionato esplicitamente ('i fascisti smetteranno di seguirmi fuori da scuola'), mostrando consapevolezza della condizione di Daniel e delle microaggressioni che subisce. Tuttavia, il razzismo non è il tema centrale: viene evocato come parte della sua esperienza, ma non affrontato in modo strutturale o con dibattito esplicito. Non ci sono personaggi che esprimono pregiudizi razziali in modo positivo né battute razziste normalizzate. Il tono generale è rispettoso e consapevole, ma non si arriva a una critica sistemica o a una narrazione trasformativa.;Non ci sono stereotipi etnici attribuiti a Daniel, né battute razziste normalizzate o personaggi razzisti presentati positivamente. Il suo vissuto viene trattato con dignità e consapevolezza, evitando la minimizzazione o la normalizzazione del pregiudizio.;"Il razzismo non è affrontato come problema sociale centrale dell'episodio, né viene analizzato in modo strutturale o con soluzioni concrete. Le voci marginalizzate sono presenti ma non centrali nel dibattito sul razzismo; la narrazione si limita al riconoscimento consapevole senza arrivare all'impegno critico (+2) o all'inquadramento trasformativo (+3)."
MENTAL;01;04;MentalS01E04;18/12/2020;2;+1;"L'episodio presenta un protagonista di origine straniera (Daniel) che parla apertamente delle sue paure legate ai fascisti che lo seguono fuori da scuola, e fa riferimento alla moschea e alla famiglia migrante. Questi elementi sono integrati nella narrazione in modo naturale, senza essere ridotti a cliché etnici o stereotipi negativi. Il razzismo viene evocato come minaccia reale, ma non è mai normalizzato o trattato come 'scherzo'. I personaggi attorno a Daniel non mostrano atteggiamenti discriminatori né minimizzano la sua esperienza; anzi, la sua voce è ascoltata e rispettata. Tuttavia, l'episodio si limita a un riconoscimento consapevole della condizione di Daniel, senza sviluppare un dibattito esplicito o una critica strutturale al razzismo. Il focus resta sulle dinamiche personali e sul disagio psicologico, non sulle cause sistemiche della discriminazione.";Non ci sono stereotipi etnici, battute razziste o normalizzazione del pregiudizio. Il razzismo non viene mai presentato come accettabile o normale, né minimizzato. La narrazione non sostiene né convalida idee discriminatorie.;Non si arriva a un impegno critico (+2): il razzismo è presente come sfondo, ma non viene affrontato come problema sociale né ci sono personaggi che lo sfidano attivamente. Manca un'analisi delle cause sistemiche o una centralità delle voci marginalizzate che permetterebbe un punteggio +3.
MENTAL;01;04;MentalS01E04;18/12/2020;3;+1;L'episodio presenta Daniel, un ragazzo italiano di seconda generazione, che accenna esplicitamente a esperienze di discriminazione ('i fascisti smetteranno di seguirmi fuori da scuola') e mostra una consapevolezza della propria condizione minoritaria. La sua etnia non è ridotta a un cliché, ma emerge come parte integrante della sua identità e delle sue difficoltà. Non ci sono stereotipi etnici riprodotti acriticamente, né battute razziste normalizzate. Il contesto di disagio e vulnerabilità è condiviso da tutti i personaggi, senza gerarchie etniche. Tuttavia, il razzismo viene solo accennato e non è oggetto di dibattito esplicito o di analisi strutturale: non si vedono personaggi che sfidano attivamente i pregiudizi, né conseguenze dirette per comportamenti discriminatori. Il tono generale è rispettoso e consapevole, ma non si arriva a un impegno critico o trasformativo.;Non ci sono stereotipi negativi, battute razziste normalizzate o personaggi razzisti ritratti positivamente. La diversità è trattata con rispetto e consapevolezza, evitando la minimizzazione o la normalizzazione del pregiudizio.;"Il razzismo è solo accennato come parte della storia personale di Daniel, senza diventare tema centrale dell'episodio. Non c'è dibattito esplicito, né analisi delle cause sistemiche o soluzioni concrete; le voci marginalizzate non sono centrali in senso strutturale."
MENTAL;01;04;MentalS01E04;18/12/2020;4;+1;L'episodio presenta Daniel, ragazzo di origini straniere (probabilmente migrante o figlio di migranti), come uno dei protagonisti. Il suo vissuto include riferimenti espliciti a esperienze di discriminazione ('i fascisti smetteranno di seguirmi fuori da scuola'), ma queste non sono oggetto di ironia né vengono minimizzate. Il personaggio è complesso, non ridotto a cliché etnici: la sua identità non è mai stereotipata, e il suo rapporto con la fede e la famiglia è trattato con rispetto. Non ci sono battute razziste né stereotipi etnici riprodotti acriticamente. Il contesto è quello di una comunità terapeutica, dove la diversità è normalizzata e i personaggi positivi mostrano rispetto e comprensione. Il razzismo è riconosciuto come parte della realtà del protagonista, ma non viene affrontato in modo strutturale o come tema centrale.;Non ci sono stereotipi etnici, battute razziste o normalizzazione del pregiudizio. Il vissuto di Daniel è trattato con consapevolezza e rispetto, senza minimizzazione o superficialità.;Il razzismo non è affrontato come problema sociale centrale nell'episodio: non ci sono dibattiti espliciti, né una critica alle strutture di potere o soluzioni concrete. Le voci marginalizzate sono presenti ma non centrali né autorevoli rispetto al tema del razzismo. L'analisi rimane personale e non sistemica.
MENTAL;01;04;MentalS01E04;18/12/2020;5;+1;"L'episodio presenta un protagonista (Daniel) chiaramente identificabile come italiano di seconda generazione (nomi, riferimenti alla moschea, padre migrante, fascisti che lo seguono fuori da scuola). Il razzismo è evocato in modo implicito: Daniel nomina i fascisti come minaccia reale, ma la narrazione non indulge mai in stereotipi etnici, né li presenta come normali o accettabili. L'identità etnica di Daniel è parte della sua esperienza, ma non è ridotta a cliché. I personaggi attorno a lui non fanno battute razziste né lo trattano in modo discriminatorio; la sua diversità è normalizzata, ma la sua vulnerabilità rispetto al contesto sociale (essere seguito dai fascisti) è riconosciuta. Il tono generale è empatico e rispettoso. Non c'è un impegno esplicito a livello di denuncia sociale (+2), ma c'è una consapevolezza critica e una rappresentazione dignitosa.";"Non ci sono stereotipi etnici, battute razziste o normalizzazione del pregiudizio; il razzismo viene evocato come minaccia esterna e non come elemento accettato o minimizzato nel gruppo.";"L'episodio non affronta il razzismo come problema sociale con dibattito esplicito o conseguenze narrative; manca un'analisi strutturale delle cause o delle soluzioni (+2/+3). La consapevolezza è presente, ma resta sullo sfondo."
MENTAL;01;04;MentalS01E04;18/12/2020;6;+1;L'episodio presenta un protagonista (Daniel) chiaramente identificabile come italiano di seconda generazione (nomi, riferimenti alla moschea, famiglia migrante). Il razzismo è evocato in modo implicito: Daniel cita i 'fascisti che lo seguono fuori da scuola', segnalando la presenza di discriminazione nella sua esperienza quotidiana. Tuttavia, il tema non è mai affrontato direttamente né discusso in modo approfondito. Nessun personaggio esprime o normalizza stereotipi razziali, e Daniel è trattato come un membro pieno del gruppo, con la sua identità e le sue difficoltà psicologiche al centro della narrazione. La sua etnia non viene mai ridotta a cliché, né usata come motivo di esclusione o ironia. L'episodio mostra quindi una consapevolezza della diversità e delle micro-aggressioni, ma senza un impegno esplicito o una critica strutturale.;"Non ci sono stereotipi etnici, battute razziste o normalizzazione di pregiudizi. Nessun personaggio mette in discussione la presenza di Daniel o la sua identità; anzi, la sua esperienza di discriminazione è accennata come parte della sua realtà, non come oggetto di scherno o minimizzazione.";Il razzismo non è affrontato come tema centrale né viene discusso criticamente dal gruppo. Non ci sono scene di confronto, crescita collettiva o analisi delle cause sistemiche. La narrazione non dà voce centrale all'esperienza razziale, né propone soluzioni o riflessioni strutturali: la consapevolezza resta implicita e marginale.
MENTAL;01;04;MentalS01E04;18/12/2020;7;+1;"L'episodio presenta un protagonista, Daniel, figlio di migranti, che esplicita la sua esperienza di discriminazione ('i fascisti smetteranno di seguirmi fuori da scuola') e mostra consapevolezza delle difficoltà legate alla sua identità. Il razzismo non è il tema centrale, ma viene riconosciuto come parte della sua realtà quotidiana, senza essere minimizzato o trattato con ironia. Non ci sono stereotipi etnici offensivi né battute razziste normalizzate; la narrazione offre uno sguardo rispettoso e umano sulla sua esperienza, lasciando spazio alla sua voce e sensibilità. Tuttavia, il razzismo non viene affrontato come problema sociale strutturale, né ci sono dibattiti espliciti o soluzioni proposte: la consapevolezza è presente, ma non si arriva a una critica sistemica.";"Non ci sono stereotipi etnici, battute razziste normalizzate o personaggi positivi che sostengono discriminazione; il razzismo non è minimizzato né trattato come parte del folklore. La rappresentazione è rispettosa e consapevole.";Il razzismo non è il tema centrale, non viene analizzato in modo strutturale né affrontato con dibattiti espliciti o soluzioni concrete. Le voci marginalizzate sono presenti ma non centrali nell'intera narrazione, e manca un impegno critico o trasformativo.
MENTAL;01;04;MentalS01E04;18/12/2020;8;+1;"L'episodio presenta un protagonista, Daniel, figlio di migranti (probabilmente di origine nordafricana o mediorientale), che fa riferimento esplicito ai fascisti che lo seguono fuori da scuola, suggerendo esperienze di discriminazione razziale. Tuttavia, il razzismo non è il tema centrale: la narrazione si concentra sulle dinamiche personali, familiari e sul disagio psichico. Non ci sono stereotipi etnici negativi né battute razziste normalizzate; la diversità di Daniel è trattata con rispetto e umanità, senza ridurlo a cliché. I riferimenti alla discriminazione sono inseriti nel racconto della sua esperienza, ma non vengono approfonditi né affrontati in modo strutturale. La narrazione mostra consapevolezza della condizione di Daniel e non minimizza la sua esperienza, ma non si spinge verso un impegno critico o una denuncia sistemica.";Non ci sono elementi di normalizzazione o sostegno alla discriminazione: nessun personaggio fa battute razziste, né la narrazione riproduce stereotipi etnici. Daniel è un personaggio complesso, non ridotto a cliché.;"Il razzismo non viene affrontato come problema sociale né analizzato a livello strutturale. Manca un dibattito esplicito o una critica alle cause sistemiche; la questione razziale è solo un aspetto della storia personale di Daniel."
MENTAL;01;04;MentalS01E04;18/12/2020;9;+1;"L'episodio presenta un protagonista di origine straniera (Daniel) la cui identità etnica è accennata attraverso riferimenti alla moschea, al negozio del padre, e alla paura dei 'fascisti' che lo seguono fuori da scuola. Questi elementi suggeriscono una consapevolezza delle difficoltà vissute da giovani italiani di seconda generazione, ma il racconto non si concentra esplicitamente sulle cause sistemiche del razzismo. Non ci sono battute o stereotipi etnici offensivi, né personaggi razzisti positivi; il tono è empatico e il protagonista è trattato con rispetto dagli altri. La narrazione mostra consapevolezza delle discriminazioni (es. la paura dei fascisti), ma non le affronta in modo strutturale o con dibattito esplicito. L'episodio si focalizza sul vissuto personale, non sulla denuncia sociale.";"Non ci sono stereotipi etnici riprodotti né normalizzazione del pregiudizio; la diversità del protagonista è trattata con rispetto e umanità, senza minimizzazione o ironia offensiva.";"L'episodio non offre una critica strutturale al razzismo né centra le voci marginalizzate come agenti di cambiamento sociale; manca una discussione esplicita sulle cause sistemiche o soluzioni concrete. La consapevolezza è presente, ma non si traduce in impegno critico o trasformativo."
MENTAL;01;04;MentalS01E04;18/12/2020;10;+1;L'episodio presenta Daniel, un ragazzo figlio di migranti, come uno dei protagonisti, con una soggettività complessa che va ben oltre la sua origine etnica. Il razzismo è menzionato esplicitamente ('i fascisti smetteranno di seguirmi fuori da scuola'), ma non è il tema centrale: viene trattato come una delle tante difficoltà che Daniel affronta, senza essere minimizzato o ridotto a cliché. Non ci sono battute o stereotipi etnici normalizzati, né personaggi che esprimono pregiudizi senza conseguenze. L'episodio mostra consapevolezza del vissuto di Daniel, ma non si impegna in una critica strutturale o in una narrazione centrata sulle cause sistemiche del razzismo. La sua diversità è riconosciuta e rispettata dai personaggi positivi, ma il razzismo resta un elemento di contesto, non oggetto di dibattito esplicito.;Non ci sono stereotipi etnici, né battute razziste normalizzate. Il razzismo non viene minimizzato né presentato come normale o accettabile. La presenza di Daniel è dignitosa e complessa, e il suo vissuto non è ridotto a cliché.;L'episodio non affronta il razzismo come problema sociale, né lo analizza in modo strutturale. Non ci sono dibattiti espliciti, né conseguenze narrative per comportamenti discriminatori. Le voci marginalizzate sono presenti ma non centrali in senso trasformativo.
L ALLIEVA;01;06;L allievaS01E06;17/10/2016;1;+1;"L'episodio affronta la morte violenta di una donna somala attivista, Neila Dumadè, che viene presentata come figura autorevole e rispettata. La narrazione riconosce la sua lotta contro il traffico d'armi e la sua determinazione, e mostra rispetto per la sua identità e il suo impegno. I personaggi principali non fanno mai battute razziste, né minimizzano la sua condizione; anzi, la sua voce è centrale nella trama. Viene menzionata la sua etnia e la cultura di provenienza in modo neutro o rispettoso (ad esempio, le cicatrici tribali sono spiegate come segno di appartenenza culturale, non come curiosità esotica). Gli unici commenti potenzialmente problematici (ad esempio, la frase 'sono diversi da me e da te, appartengono proprio a un altro mondo, capisci? Per quanto si sforzi, non ce la faranno mai a essere come è') sono contestualizzati come espressione di disagio personale, non come posizione dominante della narrazione. Il razzismo non viene normalizzato né minimizzato, ma nemmeno affrontato come problema sociale strutturale: la discriminazione subita dalla vittima è legata più alla sua attività politica che alla sua origine etnica. Non ci sono stereotipi etnici offensivi né battute a sfondo razziale. La narrazione mostra consapevolezza e rispetto, ma non si spinge verso una critica esplicita alle strutture di potere.";Non assegno un punteggio più basso perché la rappresentazione della protagonista somala è dignitosa, rispettosa e centrale. Non ci sono stereotipi negativi, né battute razziste normalizzate o minimizzate. La narrazione non sostiene né normalizza il pregiudizio, né riduce i personaggi non italiani a semplici cliché.;"Non assegno un punteggio più alto perché l'episodio non affronta il razzismo come problema sociale strutturale né propone una critica alle cause sistemiche della discriminazione. La questione razziale rimane sullo sfondo e non viene analizzata in profondità; la voce della vittima è rispettata ma non diventa motore di cambiamento sociale o di analisi trasformativa."
L ALLIEVA;01;06;L allievaS01E06;17/10/2016;2;+2;L'episodio affronta il tema del razzismo e della discriminazione in modo esplicito e critico, centrando la narrazione sulla figura di Neila Dumadè, attivista somala impegnata contro il traffico d'armi e le guerre nel suo paese. La sua voce è autorevole e rispettata, viene presentata come una donna determinata e istruita, e la sua morte è trattata come una tragedia che coinvolge questioni di potere e corruzione internazionale. Gli stereotipi vengono evitati o contestati (ad esempio, la narrazione non riduce Neila a cliché etnici, ma ne valorizza la complessità e l'impegno sociale). I personaggi principali mostrano rispetto e coinvolgimento emotivo verso la vittima e la sua causa, e il razzismo strutturale (sia nel traffico d'armi che nella marginalizzazione delle voci africane) viene esplicitamente tematizzato. La narrazione include anche momenti di riflessione sull'appartenenza etnica e sulle difficoltà di integrazione, senza mai normalizzare il pregiudizio.;Non ci sono momenti in cui atteggiamenti razzisti vengono normalizzati o sostenuti: i personaggi razzisti non sono mai presentati positivamente, i commenti problematici sono contestati o inseriti in un contesto critico, e la narrazione evita di perpetuare stereotipi etnici. La vittima non viene mai ridotta a un cliché, e la sua storia viene trattata con rispetto e profondità.;Non si raggiunge il +3 perché, pur affrontando il razzismo come problema sociale e mostrando voci marginalizzate in modo centrale, l'episodio non sviluppa una vera e propria analisi strutturale delle cause sistemiche del razzismo né propone soluzioni concrete per l'equità. La critica alle strutture di potere è presente ma non approfondita a livello sistemico, e la narrazione rimane focalizzata sulla risoluzione del caso piuttosto che su una trasformazione sociale più ampia.
L ALLIEVA;01;06;L allievaS01E06;17/10/2016;3;+1;L'episodio affronta la questione del razzismo principalmente tramite la storia di Neila Dumadè, attivista somala uccisa in Italia. La narrazione riconosce la complessità delle dinamiche migratorie e sociali: Neila è presentata come una donna istruita, impegnata politicamente e rispettata dai personaggi principali. Si fa riferimento alle sue origini, alle cicatrici tribali come segno d'identità, e si evidenzia il suo ruolo attivo nella lotta contro il traffico d'armi. Il linguaggio medico-legale usa ancora la dicitura 'razza nera', ma in contesto tecnico e non offensivo. Alcuni personaggi secondari fanno battute o commenti stereotipati (ad esempio, la prostituzione come destino quasi scontato per una donna africana), ma questi non sono mai valorizzati né attribuiti ai protagonisti positivi. La narrazione mostra consapevolezza e rispetto per la diversità, senza però approfondire in modo strutturale le cause del razzismo sistemico. Il razzismo non è il tema centrale, ma viene trattato con una certa sensibilità e senza normalizzazione.;Non assegno -1 o -2 perché i personaggi di origine africana sono rappresentati con dignità, complessità e agency. Gli stereotipi presenti sono contestualizzati, non normalizzati né attribuiti a personaggi positivi. Non c'è sostegno attivo o normalizzazione del pregiudizio.;Non assegno +2 o +3 perché l'episodio non sviluppa un vero dibattito sul razzismo né una critica strutturale alle dinamiche di potere. Il razzismo è presente come sfondo e come elemento della vicenda, ma non viene affrontato come problema sociale centrale né vengono proposte soluzioni concrete o analisi sistemiche.
L ALLIEVA;01;06;L allievaS01E06;17/10/2016;4;+2;L'episodio affronta esplicitamente il tema del razzismo e della discriminazione, centrando la narrazione sulla figura di Neila Dumadè, attivista somala impegnata contro il traffico d'armi e le guerre nel suo paese. La sua voce è autorevole e rispettata, viene presentata come una donna determinata e istruita, con una storia personale di ritorno in patria per aiutare la sua gente. La sua morte è trattata come una tragedia e come conseguenza di interessi criminali e discriminatori, non come un fatto 'normale' o marginale. Il razzismo emerge anche nelle micro-espressioni di pregiudizio (ad esempio il commento 'sono diversi da me e da te, non ce la faranno mai a essere come noi'), che però vengono contestualizzate come problematiche e non condivise dai personaggi positivi. La narrazione mostra consapevolezza critica: si parla di etnie, di stereotipi, di cicatrici tribali con rispetto antropologico e senza ridicolizzazione. La protagonista e il reporter si impegnano attivamente per la verità e la giustizia, sfidando pregiudizi e poteri forti. La struttura dell'episodio porta il pubblico a empatizzare con la vittima e a condannare i responsabili, mostrando le conseguenze negative della discriminazione e della violenza razziale.;Non si può scendere sotto +2 perché l'episodio non normalizza né minimizza il razzismo: la vittima è trattata con rispetto, la sua storia è centrale, e le espressioni di pregiudizio sono contestate o messe in discussione. Non ci sono stereotipi riprodotti acriticamente, né personaggi positivi che sostengono idee razziste senza conseguenze.;Non raggiunge il +3 perché, pur mostrando consapevolezza e impegno critico, non c'è una vera analisi strutturale del razzismo sistemico italiano né vengono proposte soluzioni concrete per l'equità sociale. Le cause profonde della discriminazione sono accennate ma non esplorate in modo approfondito, e la narrazione rimane focalizzata sul caso individuale più che su una critica alle strutture di potere.
L ALLIEVA;01;06;L allievaS01E06;17/10/2016;5;+1;L'episodio affronta la presenza di una donna somala attivista, Neila, rappresentata in modo complesso e positivo: è descritta come colta, impegnata e determinata, con una storia di ritorno in Africa per lottare contro i signori della guerra. La narrazione riconosce la sua autorevolezza e la sua voce, e non la riduce a uno stereotipo. Tuttavia, la sua morte violenta è trattata come un caso di cronaca nera e non si approfondiscono le cause sistemiche della discriminazione o della violenza contro le donne migranti. Alcuni personaggi fanno commenti che rivelano una distanza culturale ('parla benissimo l'italiano', 'appartengono proprio a un altro mondo, non ce la faranno mai a essere come noi'), ma questi sono attribuiti a personaggi secondari e non sono mai presentati come giusti o condivisibili. Non c'è una vera contestazione esplicita, ma il tono generale è di rispetto e riconoscimento della diversità, con un uso consapevole di elementi culturali (le cicatrici tribali, la lingua, il ritorno in patria). L'episodio mostra consapevolezza degli stereotipi e li evita, ma non arriva a un impegno critico o a una denuncia strutturale del razzismo.;Non assegno un punteggio più basso perché la narrazione non normalizza né minimizza il pregiudizio: la figura della donna africana è centrale, positiva e trattata con rispetto. I pochi commenti problematici sono marginali e non rappresentano il messaggio dominante. Non ci sono stereotipi etnici ripetuti senza distanza critica, né battute razziste normalizzate.;Non assegno un punteggio più alto perché l'episodio non affronta il razzismo come problema sociale né analizza le sue cause strutturali. La discriminazione non viene tematizzata esplicitamente, non c'è dibattito né crescita dei personaggi rispetto ai pregiudizi, e le voci marginalizzate, pur presenti, non sono il vero centro della narrazione. Manca una critica alle strutture di potere o una proposta di soluzioni concrete.
L ALLIEVA;01;06;L allievaS01E06;17/10/2016;6;+2;L'episodio affronta il razzismo e la discriminazione in modo esplicito e critico, centrando la narrazione su una donna somala attivista, Neila Dumadè, vittima di violenza estrema. La sua voce e la sua storia sono trattate con rispetto: viene descritta come determinata, istruita, impegnata contro i signori della guerra e il traffico d'armi. La trama mette in luce il suo impegno politico e le difficoltà incontrate come donna africana in Italia. Il razzismo emerge sia come pregiudizio individuale (commenti sulla 'razza nera', stereotipi sulle prostitute migranti) sia come problema sistemico (traffico d'armi, sfruttamento, marginalizzazione). I personaggi positivi mostrano empatia e rispetto verso Neila e contestano implicitamente i pregiudizi. La narrazione non normalizza né minimizza il razzismo, ma lo rappresenta come un problema sociale da affrontare, con dibattito esplicito e conseguenze negative per chi perpetra violenza e discriminazione.;Non è -1 o -2 perché la presenza di stereotipi (prostituta migrante, 'razza nera') è contestualizzata in una narrazione che li decostruisce e li problematizza. Non è -3 perché non c'è mai una convalida attiva di idee razziste: i personaggi razzisti non sono mai ritratti positivamente, e la vittima è umanizzata e rispettata.;Non è +3 perché, pur centrando la voce della vittima e criticando le strutture di potere (traffico d'armi, imprese italiane coinvolte), l'analisi delle cause sistemiche del razzismo rimane implicita e non viene sviluppata in modo strutturale o trasformativo. Le soluzioni concrete per l'equità non sono proposte, e la narrazione si concentra più sulla risoluzione del caso che su una critica profonda alle strutture sociali.
L ALLIEVA;01;06;L allievaS01E06;17/10/2016;7;+2;"L'episodio affronta esplicitamente il tema del razzismo e della discriminazione contro una donna somala, Neila Dumadè, attivista impegnata contro il traffico d'armi e la guerra in Africa. La narrazione mostra chiaramente le difficoltà e i pregiudizi che affrontano le persone di origine africana in Italia: Neila è descritta come una donna determinata e rispettata, la sua voce è centrale nella trama, e il suo impegno politico viene valorizzato. Il razzismo non è mai normalizzato né minimizzato; anzi, la sua morte è presentata come conseguenza di dinamiche di potere e traffici illeciti, e la protagonista si batte per la verità e la giustizia. I personaggi positivi mostrano rispetto e coinvolgimento emotivo per la vittima, mentre i responsabili sono indagati e affrontano conseguenze. Il tema del pregiudizio è affrontato anche indirettamente (es. la professoressa che parla di 'aura di pregiudizio' per le frequentazioni personali), mostrando come il sospetto e l'esclusione sociale siano meccanismi diffusi. L'episodio non si limita a riconoscere il problema, ma lo integra nella trama come questione sociale da risolvere.";Non ci sono stereotipi etnici normalizzati, né battute razziste trattate come innocue. La narrazione non minimizza né normalizza il razzismo, e la vittima non è mai ridotta a un cliché. I personaggi positivi contestano i pregiudizi e cercano attivamente la verità.;L'episodio si ferma all'impegno critico: pur mostrando le cause sistemiche (traffico d'armi, interessi economici), non offre una vera analisi strutturale del razzismo italiano né soluzioni concrete per l'equità. Le voci marginalizzate sono centrali ma non completamente autorevoli (Neila è vittima e non protagonista attiva fino alla fine), e la critica alle strutture di potere resta implicita, non esplicitamente sviluppata.
L ALLIEVA;01;06;L allievaS01E06;17/10/2016;8;+2;L'episodio affronta esplicitamente il tema del razzismo e della discriminazione attraverso la storia di Neila Dumadè, attivista somala vittima di un omicidio legato a traffici illeciti e dinamiche di potere. La narrazione mette al centro una donna africana, le sue motivazioni politiche e la sua voce, che viene descritta come autorevole e rispettata. Il razzismo non è mai normalizzato né minimizzato: i personaggi principali mostrano rispetto per la vittima e per la sua lotta, e le indagini ruotano attorno alla sua identità e alle cause sistemiche della sua morte (traffico d'armi, sfruttamento, marginalizzazione). Gli stereotipi vengono evitati o contestati (ad esempio, la descrizione della vittima come 'prostituta' viene messa in dubbio e problematizzata). La narrazione include una critica esplicita alle strutture di potere che sfruttano i paesi africani, e la protagonista somala viene presentata come centrale e positiva. I personaggi positivi si impegnano attivamente per la verità e la giustizia, mostrando disagio e condanna verso la discriminazione.;Non è -3 o -2 perché il razzismo non viene mai sostenuto o normalizzato. I personaggi razzisti non sono positivi, le idee discriminatorie sono contestate e la narrazione mostra una chiara distanza critica dagli stereotipi. Non è -1 perché la diversità non è trattata in modo superficiale: la protagonista africana ha una storia complessa e dignitosa, e la sua voce è rispettata.;"Non è +3 perché, pur affrontando il razzismo come problema sociale e criticando le strutture di potere, l'analisi delle cause sistemiche resta sullo sfondo della trama investigativa e non diventa il fulcro assoluto dell'episodio. La narrazione non propone soluzioni concrete per l'equità né una vera analisi strutturale approfondita del razzismo in Italia; la voce della vittima è centrale ma non completamente protagonista, e la critica alle strutture di potere è presente ma non dominante."
L ALLIEVA;01;06;L allievaS01E06;17/10/2016;9;+1;L'episodio affronta la presenza di personaggi africani (in particolare somali) in modo relativamente rispettoso e consapevole rispetto al contesto italiano. La vittima è una donna somala attivista, descritta come intelligente, impegnata e determinata, con una storia personale e motivazioni proprie. Viene riconosciuta la sua autorevolezza e il suo ruolo centrale nella trama. Gli stereotipi sono evitati: la narrazione sottolinea la sua istruzione, il suo impegno civile e la sua capacità di agire. Gli unici commenti potenzialmente problematici (es. 'razza nera' nel referto medico, o l'accenno alle cicatrici tribali) sono presentati in un contesto tecnico o di indagine, senza carica dispregiativa o ironica. Quando emergono pregiudizi (ad esempio il personaggio che dice 'non saranno mai come noi'), questi sono attribuiti a personaggi secondari e non vengono mai sostenuti dalla narrazione o dai protagonisti, che anzi mostrano rispetto e coinvolgimento personale nella vicenda. L'episodio non sviluppa una critica strutturale al razzismo, ma mostra sensibilità e consapevolezza, evitando la normalizzazione degli stereotipi e dando spazio a voci marginalizzate.;Non assegno un punteggio più basso perché la narrazione non normalizza né minimizza i pregiudizi: la figura della donna africana è complessa e positiva, e i pochi commenti problematici sono neutri o contestualizzati. Non ci sono battute razziste né stereotipi etnici usati per ridicolizzare.;Non assegno +2 perché il razzismo non viene affrontato come problema sociale esplicito: non ci sono dibattiti, né i personaggi sfidano attivamente i pregiudizi o crescono superandoli. L'analisi delle cause sistemiche del razzismo è assente, e la trama si concentra più sul giallo che su una critica sociale approfondita.
L ALLIEVA;01;06;L allievaS01E06;17/10/2016;10;+1;L'episodio affronta la presenza di una donna somala attivista e vittima di omicidio, rappresentandola come figura positiva, determinata e impegnata socialmente. La narrazione mostra consapevolezza degli stereotipi (es. cicatrici tribali spiegate con rispetto antropologico, non come segno di barbarie) e attribuisce i commenti più problematici (es. 'sono diversi da noi, non saranno mai come noi') a personaggi secondari o in momenti di tensione, senza che questi vengano mai premiati o presentati come esempio. La vittima non è ridotta a uno stereotipo: viene descritta come istruita, impegnata e autonoma. Non si evita la tematica del razzismo sistemico (traffico d’armi, sfruttamento), ma la narrazione non approfondisce le cause strutturali, limitandosi a riconoscere la discriminazione e la difficoltà di integrazione. I personaggi principali mostrano rispetto e interesse per la diversità, e la narrazione suggerisce che il razzismo e il pregiudizio siano sbagliati, anche se non c’è un confronto diretto o una condanna esplicita.;Non assegno un punteggio più basso perché la rappresentazione della vittima e dell’attivista somala è positiva e complessa, e i pochi commenti problematici non sono mai normalizzati o lasciati incontestati dal tono generale. Non ci sono stereotipi etnici usati come comic relief né pregiudizi presentati come normali.;Non assegno un punteggio più alto perché l’episodio non offre una vera analisi strutturale del razzismo né un impegno critico esplicito: il razzismo è presente come sfondo e come ostacolo, ma non viene tematizzato in modo centrale né vengono proposte soluzioni o discussioni approfondite sulle cause sistemiche. Le voci marginalizzate non sono centrali nella narrazione, che resta focalizzata sui personaggi italiani.
LEA UN NUOVO GIORNO;01;03;Lea Un Nuovo giornoS01E03;15/02/2022;1;N/A;Nell'episodio, non ci sono riferimenti espliciti o impliciti a razza, etnia, migranti, rom o italiani di seconda generazione. I personaggi coinvolti e le loro dinamiche familiari, sentimentali e lavorative non toccano mai temi di discriminazione razziale o stereotipi etnici. Le uniche situazioni che coinvolgono personaggi stranieri (come Collia, il bambino russo, o Nadim) sono trattate esclusivamente in termini di problematiche familiari, mediche o sociali, senza alcun accenno a pregiudizi o discriminazioni legate all'etnia.;"Non ci sono elementi di discriminazione, stereotipi o normalizzazione del pregiudizio; il tema razziale non viene mai evocato.";Non è possibile assegnare un punteggio positivo perché il tema del razzismo non viene affrontato in alcun modo, né direttamente né indirettamente.
LEA UN NUOVO GIORNO;01;03;Lea Un Nuovo giornoS01E03;15/02/2022;2;N/A;Nell'episodio, non sono presenti riferimenti espliciti o impliciti a razza o etnia che abbiano rilevanza per la rappresentazione del razzismo nel contesto italiano. I personaggi con nomi stranieri (es. Nadim, Collia) sono trattati come individui con le loro storie personali, ma non vengono mai tematizzati o stereotipati in base alla loro origine. Non emergono battute, commenti, conflitti o dinamiche narrative che ruotino attorno a questioni razziali, né in senso discriminatorio né in senso critico.;Non ci sono elementi di discriminazione, stereotipi o normalizzazione del pregiudizio. L'etnia o la provenienza dei personaggi non viene mai problematizzata o usata come fonte di conflitto.;Non si può assegnare un punteggio positivo perché il tema del razzismo non viene affrontato in alcun modo, né direttamente né indirettamente. L'assenza di razzismo non equivale a un impegno attivo o a una rappresentazione critica del fenomeno.
LEA UN NUOVO GIORNO;01;03;Lea Un Nuovo giornoS01E03;15/02/2022;3;N/A;L'episodio non contiene alcun riferimento diretto o indiretto a razza, etnia, migranti, rom, italiani di seconda generazione, né a dinamiche di discriminazione razziale. I personaggi citati sono italiani o di origine russa (Colia), ma la narrazione non affronta mai la questione etnica o razziale: Colia è presentato come bambino malato e adottato, senza nessun accenno a stereotipi, pregiudizi o discriminazioni. L'unico personaggio con nome potenzialmente non italiano (Nadim) è coinvolto in una storyline di gravidanza adolescenziale, ma la sua origine non viene mai tematizzata né problematizzata. Nessuna battuta, situazione o dialogo fa riferimento a razzismo, stereotipi etnici, o questioni di diversità.;Non sono presenti elementi razzisti, discriminatori o stereotipati: nessun personaggio subisce o perpetua pregiudizi etnici.;Non si può assegnare un punteggio positivo perché il tema del razzismo non viene mai affrontato né tematizzato, né in modo critico né trasformativo.
LEA UN NUOVO GIORNO;01;03;Lea Un Nuovo giornoS01E03;15/02/2022;4;N/A;"L'episodio non presenta riferimenti espliciti o impliciti a razza, etnia, migrazione, rom, italiani di seconda generazione, né situazioni in cui il razzismo o il pregiudizio etnico siano tematicamente rilevanti. I personaggi con nomi stranieri (Colia, Nadim, Fatima) sono trattati in modo neutro e la loro provenienza non viene mai problematizzata o stereotipata; le difficoltà che affrontano sono legate a temi familiari, sanitari o sociali, non etnici.";Non ci sono elementi di discriminazione, stereotipo o normalizzazione del pregiudizio etnico, quindi non è possibile assegnare un punteggio negativo.;Non ci sono neanche elementi di critica, consapevolezza o analisi del razzismo, perché il tema non è presente nell'episodio.
LEA UN NUOVO GIORNO;01;03;Lea Un Nuovo giornoS01E03;15/02/2022;5;N/A;L'episodio, sulla base dei sottotitoli forniti, non presenta riferimenti espliciti o impliciti a razza, etnia, migranti, rom, italiani di seconda generazione o questioni razziali rilevanti nel contesto italiano. I personaggi con nomi stranieri (es. Nadim, Collia) sono trattati esclusivamente in relazione a dinamiche familiari, mediche o personali, senza alcun accenno a stereotipi, discriminazioni o pregiudizi etnici. Non emergono battute, commenti, situazioni o narrazioni che coinvolgano il razzismo o la diversità etnica come tema.;"Non ci sono elementi che suggeriscano discriminazione o stereotipi etnici; l'assenza di riferimenti rende impossibile l'attribuzione di un punteggio negativo.";Non ci sono nemmeno elementi di consapevolezza, impegno o analisi critica sul tema del razzismo, in quanto il tema stesso è assente. La scala non si applica.
LEA UN NUOVO GIORNO;01;03;Lea Un Nuovo giornoS01E03;15/02/2022;6;N/A;L'episodio non presenta riferimenti espliciti a razza, etnia, migranti, rom o italiani di seconda generazione. I personaggi coinvolti nelle principali trame (Aurora, Lea, Marco, Martina, Colia, Nadim) sono caratterizzati principalmente da dinamiche familiari, mediche e personali, senza alcuna tematizzazione o rappresentazione di questioni razziali o etniche. L'unico accenno potenzialmente rilevante è la presenza di Colia, bambino russo, e Nadim, che potrebbe avere un nome non italiano, ma la narrazione non fa mai riferimento alla loro provenienza in chiave di pregiudizio, discriminazione o stereotipo. Le interazioni sono neutrali e non vi sono battute, commenti o situazioni che richiamino il razzismo o la diversità etnica come elemento narrativo.;Non ci sono elementi di discriminazione, stereotipi o normalizzazione del pregiudizio. Nessun personaggio subisce o perpetua razzismo.;Non ci sono nemmeno elementi di riconoscimento consapevole, impegno critico o analisi strutturale del razzismo, perché il tema non è presente.
LEA UN NUOVO GIORNO;01;03;Lea Un Nuovo giornoS01E03;15/02/2022;7;+1;"L'episodio presenta una rappresentazione della diversità etnica e delle questioni migratorie in modo realistico e umano, senza però approfondire in modo strutturale le cause del razzismo o mettere al centro voci marginalizzate. Personaggi come Nadim e Collia sono trattati con rispetto e umanità, e le difficoltà legate all'adozione internazionale e all'integrazione sono affrontate con empatia. Non ci sono battute o stereotipi razzisti; i personaggi di origine straniera sono inseriti nella narrazione come individui complessi, non ridotti a cliché. Tuttavia, la narrazione non va oltre il riconoscimento consapevole: non c'è un dibattito esplicito sul razzismo né una critica alle strutture di potere, ma si nota una sensibilità nel trattare i temi della diversità e dell'inclusione.";Non ci sono elementi di normalizzazione, minimizzazione o sostegno al pregiudizio: nessun personaggio fa commenti razzisti, né vengono presentati stereotipi etnici negativi. I personaggi stranieri non sono oggetto di discriminazione narrativa, e le loro storie sono trattate con rispetto.;L'episodio non affronta il razzismo come problema sociale in modo esplicito (+2), né propone un'analisi strutturale delle discriminazioni (+3). I temi della diversità sono presenti e trattati con consapevolezza, ma non si arriva a un impegno critico o trasformativo: manca un confronto diretto con il razzismo o la messa in discussione delle strutture di potere.
LEA UN NUOVO GIORNO;01;03;Lea Un Nuovo giornoS01E03;15/02/2022;8;N/A;L'episodio non presenta alcun riferimento diretto o indiretto a razza, etnia, migranti, rom, italiani di seconda generazione, né stereotipi o situazioni che abbiano a che fare con il razzismo nel contesto italiano. Tutti i conflitti e le dinamiche ruotano attorno a questioni familiari, relazionali, mediche e sociali (adozione, maternità, relazioni sentimentali), ma mai connotate etnicamente o razzialmente. Anche i personaggi con nomi non italiani (Colia, Nadim, Kemal) sono trattati in modo neutro, senza alcun accenno a discriminazione o stereotipi.;Non ci sono elementi di discriminazione, stereotipi o pregiudizi razziali: nessun personaggio subisce o perpetua razzismo, né la narrazione lo normalizza o lo minimizza.;Non ci sono situazioni in cui la questione razziale viene affrontata, né in modo critico né trasformativo. L'assenza totale di riferimenti impedisce di valutare l'episodio su questa scala.
LEA UN NUOVO GIORNO;01;03;Lea Un Nuovo giornoS01E03;15/02/2022;9;N/A;L'episodio, basato sui sottotitoli forniti, non presenta riferimenti espliciti o impliciti a razza, etnia, migranti, rom, o italiani di seconda generazione. I personaggi e le situazioni ruotano attorno a dinamiche familiari, relazioni sentimentali, problemi medici e sociali (come l'abbandono di minori e l'affido), ma non emergono elementi che permettano di valutare la rappresentazione del razzismo secondo la scala proposta.;Non ci sono contenuti o personaggi che esprimano o normalizzino pregiudizi razziali o etnici, né stereotipi o battute problematiche legate alla diversità.;Non ci sono nemmeno elementi di riconoscimento, impegno critico o analisi strutturale del razzismo, perché il tema non viene affrontato in alcun modo.
LEA UN NUOVO GIORNO;01;03;Lea Un Nuovo giornoS01E03;15/02/2022;10;N/A;L'episodio non presenta riferimenti espliciti o impliciti a razza, etnia, migranti, rom, italiani di seconda generazione né a tematiche legate al razzismo. I personaggi coinvolti e le situazioni trattate ruotano intorno a dinamiche familiari, relazioni sentimentali, maternità, malattia, abbandono e adozione, ma non emergono elementi che riguardino la rappresentazione di questioni razziali o etniche nel contesto italiano.;"Non ci sono stereotipi, battute, commenti o narrazioni che possano essere interpretate come razziste o discriminatorie; il tema non è presente.";"Non ci sono neppure elementi di consapevolezza, critica o analisi del razzismo, né voci marginalizzate centrali; semplicemente la questione non viene affrontata."
LA LINEA VERTICALE;01;03;La linea verticaleS01E03;06/01/2018;1;-2;L'episodio presenta diversi personaggi di origine straniera (Ahmed, l'infermiere siberiano) che sono oggetto di battute e commenti esplicitamente razzisti e xenofobi, come 'ti rimando in Siberia, da dove cazzo vieni tu' e 'li tiri a casa tua, contro tua sorella, se vuoi, nel tuo paese'. Questi commenti non vengono mai realmente contestati o problematizzati: la narrazione li presenta come parte del linguaggio comune e della rabbia quotidiana, senza alcuna distanza critica. I personaggi che li pronunciano non subiscono conseguenze negative, né viene suggerito che tali atteggiamenti siano sbagliati. L'atmosfera generale normalizza il pregiudizio, anche quando il razzismo è espresso in modo diretto e aggressivo. Non c'è alcun tentativo di consapevolezza o ironia sugli stereotipi, né i personaggi stranieri sono caratterizzati oltre il loro ruolo funzionale.;Non assegno -3 perché, pur essendo presenti commenti razzisti e xenofobi, i personaggi che li pronunciano non sono ritratti come modelli positivi o eroi, né la narrazione li celebra apertamente. Il razzismo è normalizzato, ma non attivamente promosso come valore positivo dominante. Non c'è una glorificazione esplicita della discriminazione.;Non assegno -1 perché la rappresentazione non si limita a una minimizzazione superficiale o a stereotipi acritici: qui il razzismo è esplicitamente normalizzato e accettato come parte della quotidianità, senza alcuna contestazione. Non ci sono segnali di consapevolezza, rispetto o crescita, né elementi che bilancino la negatività della rappresentazione.
LA LINEA VERTICALE;01;03;La linea verticaleS01E03;06/01/2018;2;-2;"L'episodio presenta diversi personaggi di origine straniera (Ahmed, l'infermiere siberiano) che subiscono commenti e atteggiamenti discriminatori. Le battute e le aggressioni verbali contro Ahmed e l'infermiere (""tirali a casa tua, contro tua sorella, se vuoi, nel tuo paese"", ""ti rimando in Siberia, da dove cazzo vieni tu"") sono trattate come parte della normale dinamica ospedaliera, senza alcuna distanza critica o contestazione effettiva da parte dei personaggi positivi. Il tono generale è di normalizzazione del pregiudizio: le battute razziste sono accettate, nessuno le problematizza seriamente, e i personaggi stranieri sono spesso definiti dal loro essere 'diversi'. Non ci sono conseguenze negative per chi esprime questi pregiudizi, né alcun tentativo di affrontare il razzismo come problema sociale.";Non assegno -3 perché, pur essendoci normalizzazione e accettazione del pregiudizio, i personaggi razzisti non sono ritratti come eroi o modelli positivi, né la narrazione sostiene attivamente l'ideologia discriminatoria. Le idee razziste non sono celebrate, ma piuttosto passano come parte del quotidiano, senza enfasi positiva.;Non assegno -1 perché la rappresentazione va oltre la semplice minimizzazione: il razzismo non è solo superficiale o stereotipato, ma viene esplicitamente normalizzato e accettato come parte della realtà, senza alcuna critica o consapevolezza. Non ci sono segnali di ironia, consapevolezza o rispetto per la diversità che possano mitigare il quadro generale.
LA LINEA VERTICALE;01;03;La linea verticaleS01E03;06/01/2018;3;-2;"L'episodio presenta diversi personaggi di origine straniera (Ahmed, Med, l'infermiere siberiano) che interagiscono con gli altri pazienti e staff. Tuttavia, i riferimenti etnici sono spesso associati a battute o insulti (""tirali a casa tua, contro tua sorella, se vuoi, nel tuo paese"", ""ti rimando in Siberia, da dove cazzo vieni tu?""). Questi commenti vengono espressi senza una vera distanza critica: i personaggi che li pronunciano non subiscono conseguenze reali, e la narrazione non li condanna esplicitamente. L'atmosfera generale normalizza il pregiudizio, trattando le battute e le aggressioni verbali come parte della quotidianità ospedaliera, senza una riflessione o contestazione significativa da parte dei personaggi positivi.";"Non assegno -3 perché i personaggi razzisti non sono ritratti in modo apertamente positivo, né le loro idee sono celebrate o proposte come modello. Le aggressioni verbali sono presentate come parte di un clima di stress e rabbia, non come valori da emulare. Inoltre, c'è qualche segnale di disagio o tentativo di smorzare i toni (""no, veramente, non c'è bisogno, va tutto bene. Scusalo, eh. Scusaci."").";Non assegno -1 perché i commenti e gli atteggiamenti discriminatori sono ripetuti e mai contestati in modo serio. Non c'è alcuna consapevolezza critica, ironia consapevole o tentativo di riconoscere la diversità come valore. La narrazione non offre alcuna crescita o riflessione sui pregiudizi, e la normalizzazione del linguaggio razzista è dominante.
LA LINEA VERTICALE;01;03;La linea verticaleS01E03;06/01/2018;4;-2;L'episodio presenta diversi personaggi di origine straniera (Ahmed, l'infermiere siberiano) ma la narrazione normalizza ripetutamente commenti e atteggiamenti discriminatori. Ahmed viene preso in giro e aggredito verbalmente, con riferimenti al 'tuo paese' e battute che lo marginalizzano, senza alcuna contestazione da parte degli altri. L'infermiere siberiano viene minacciato di essere 'rimandato in Siberia' in modo aggressivo e razzista, e anche qui nessuno interviene criticamente: il comportamento viene trattato come normale tensione da reparto. I personaggi stranieri sono definiti principalmente dal loro essere 'altro', e i commenti razzisti sono presentati come parte della quotidianità, senza alcuna distanza critica o conseguenza negativa. Il tono generale è di normalizzazione del pregiudizio, con stereotipi e battute che passano inosservate.;Non assegno -3 perché non c'è una celebrazione attiva o esplicita del razzismo: i personaggi che fanno commenti discriminatori non sono ritratti come eroi o modelli positivi, e il razzismo non viene esplicitamente sostenuto come valore. Tuttavia, la mancanza di contestazione e la normalizzazione sono troppo forti per un punteggio più alto.;Non assegno un punteggio più alto perché non c'è alcuna consapevolezza critica, contestazione o crescita dei personaggi rispetto ai temi razziali. Gli stereotipi e i commenti razzisti sono accettati come parte della normalità, senza alcuna riflessione o critica.
LA LINEA VERTICALE;01;03;La linea verticaleS01E03;06/01/2018;5;-2;"L'episodio presenta diversi personaggi di origine straniera (Ahmed, l'infermiere siberiano) che subiscono commenti e comportamenti discriminatori. Le battute e le aggressioni verbali sono trattate come parte della normalità del reparto, senza una vera distanza critica o conseguenze negative per chi le compie. Il tono generale è quello della commedia drammatica, dove i pregiudizi vengono espressi apertamente (""Li tiri a casa tua, contro tua sorella, se vuoi, nel tuo paese"", ""ti rimando in Siberia, da dove cazzo vieni tu"") e nessun personaggio positivo interviene per contestare o problematizzare questi atteggiamenti. Il razzismo è normalizzato come parte del clima di rabbia e stress ospedaliero, non viene mai affrontato come problema sociale né analizzato criticamente.";Non assegno -3 perché il testo non glorifica né ritrae positivamente i personaggi razzisti: le aggressioni verbali sono presentate come sfoghi di rabbia e disagio, non come valori da emulare. Non c'è un sostegno attivo o una celebrazione della discriminazione, ma piuttosto una sua accettazione passiva.;Non assegno punteggi più alti perché non c'è alcuna consapevolezza critica, contestazione, crescita dei personaggi o analisi delle cause del razzismo. I personaggi stranieri sono definiti principalmente dalla loro alterità e subiscono stereotipi senza alcuna reazione positiva o difesa da parte del gruppo.
LA LINEA VERTICALE;01;03;La linea verticaleS01E03;06/01/2018;6;-2;L'episodio presenta diversi personaggi di origine straniera (Ahmed, l'infermiere 'siberiano'), ma la loro presenza è accompagnata da ripetuti commenti e atteggiamenti discriminatori che vengono trattati come normali e accettabili. Ahmed è oggetto di battute e aggressioni verbali, sia per il suo nome che per il suo comportamento, e viene apostrofato con frasi come 'tirali a casa tua, contro tua sorella, se vuoi, nel tuo paese'. L'infermiere viene minacciato di essere rimandato 'in Siberia' in modo aggressivo e senza che nessuno contesti seriamente la natura razzista del commento. Questi atteggiamenti sono normalizzati all'interno del reparto, non c'è distanza critica né conseguenze negative per chi li esprime. Il tono generale è quello di una quotidianità ospedaliera in cui il pregiudizio etnico è parte del linguaggio comune e non viene problematizzato.;Non assegno -3 perché, pur essendo presenti commenti e atteggiamenti razzisti, i personaggi che li esprimono non sono necessariamente ritratti come modelli positivi, né la narrazione li celebra esplicitamente. Non c'è un sostegno attivo o una valorizzazione del razzismo come valore, ma piuttosto una normalizzazione.;Non assegno -1 perché la rappresentazione non si limita a una minimizzazione superficiale o a stereotipi incontestati: qui il pregiudizio è parte integrante delle dinamiche sociali e viene accettato senza alcuna distanza critica. Non assegno punteggi positivi perché manca qualsiasi consapevolezza critica, contestazione o crescita dei personaggi rispetto al tema del razzismo.
LA LINEA VERTICALE;01;03;La linea verticaleS01E03;06/01/2018;7;-2;L'episodio presenta diversi personaggi di origine straniera (Ahmed, l'infermiere siberiano) che sono oggetto di battute e aggressioni verbali a sfondo etnico. In particolare, Ahmed viene trattato come 'diverso' e ridicolizzato, e l'infermiere viene minacciato di essere 'rimandato in Siberia' in modo esplicitamente discriminatorio. Questi commenti e atteggiamenti non vengono mai realmente contestati dai personaggi positivi, né c'è una distanza critica o una riflessione sul razzismo: il tono resta normalizzante e i comportamenti discriminatori sono trattati come parte della quotidianità ospedaliera. L'atmosfera generale normalizza il pregiudizio, con battute e minacce a sfondo etnico che non generano alcuna conseguenza o discussione.;Non assegno -3 perché, pur essendo presenti commenti e atteggiamenti discriminatori, non sono i protagonisti principali a esprimere idee razziste in modo esplicito e positivo, né la narrazione sostiene apertamente la discriminazione come valore. Il razzismo è normalizzato ma non celebrato o promosso come giusto.;Non assegno -1 perché la presenza di battute e minacce a sfondo etnico è ricorrente e mai problematizzata, e la narrazione non offre alcuna distanza critica o consapevolezza. Non ci sono elementi di ironia consapevole o tentativi di superare gli stereotipi: la normalizzazione del pregiudizio è dominante.
LA LINEA VERTICALE;01;03;La linea verticaleS01E03;06/01/2018;8;-2;L'episodio presenta diversi personaggi di origine straniera (Ahmed, l'infermiere siberiano) che sono oggetto di commenti e atteggiamenti discriminatori. Le battute e le reazioni razziste (ad esempio 'tirali a casa tua contro tua sorella, se vuoi, nel tuo paese' e 'io ti rimando in Siberia, da dove cazzo vieni tu') sono espresse da personaggi italiani senza che nessuno le contesti in modo significativo. Il tono generale è di normalizzazione: le frasi razziste sono trattate come parte della quotidianità, spesso nel contesto di rabbia o stress, ma non vengono mai criticate o problematizzate. I personaggi stranieri sono definiti principalmente dalla loro provenienza e dal loro ruolo, senza approfondimento o dignità particolare. L'atmosfera generale accetta il pregiudizio come normale, e la narrazione non offre alcuna distanza critica o consapevolezza.;Non assegno -3 perché le idee discriminatorie non sono esplicitamente celebrate o presentate come valori positivi: i personaggi razzisti non sono eroi né le loro idee sono proposte come modello. La narrazione non glorifica il razzismo, ma lo tratta come parte del contesto, senza sostegno attivo.;Non assegno un punteggio più alto perché manca qualsiasi forma di consapevolezza critica, contestazione o crescita dei personaggi rispetto al tema del razzismo. Non ci sono segnali di rispetto, ironia consapevole, dibattito o analisi delle cause del pregiudizio.
LA LINEA VERTICALE;01;03;La linea verticaleS01E03;06/01/2018;9;-2;L'episodio presenta diversi personaggi di origine straniera (Ahmed, l'infermiere siberiano) che sono coinvolti in scene in cui subiscono commenti e atteggiamenti discriminatori. Ahmed è oggetto di battute e aggressioni verbali, tra cui l'invito a tirare il telefono 'a casa tua, contro tua sorella, se vuoi, nel tuo paese'. L'infermiere viene minacciato di essere rimandato 'in Siberia, da dove cazzo vieni tu'. Questi commenti sono trattati come parte del normale scambio tra pazienti e personale, senza alcuna contestazione o distanza critica da parte degli altri personaggi. Il tono generale normalizza il pregiudizio: le battute e le aggressioni verbali non vengono mai messe in discussione, né c'è una riflessione sul razzismo. I personaggi stranieri non hanno ruoli centrali o dignitosi, ma sono definiti principalmente dalla loro alterità e dalle reazioni degli altri. Non si rileva una vera ironia consapevole o una critica agli stereotipi.;Il punteggio non è -3 perché, sebbene ci siano commenti e atteggiamenti discriminatori espliciti, i personaggi che li esprimono non sono necessariamente ritratti come positivi o modelli da seguire. Non c'è una glorificazione attiva del razzismo, né i personaggi razzisti sono presentati come eroi o vincenti. La narrazione non sostiene esplicitamente le idee discriminatorie come giuste, ma le normalizza.;Il punteggio non è -1 perché la rappresentazione va oltre la semplice minimizzazione: il pregiudizio è ripetuto e accettato come normale, senza alcuna distanza critica o contestazione. Non ci sono segnali di consapevolezza, ironia o rispetto verso la diversità. Non è 0 perché il posizionamento dominante è chiaramente verso la normalizzazione del pregiudizio, senza elementi progressisti in equilibrio.
LA LINEA VERTICALE;01;03;La linea verticaleS01E03;06/01/2018;10;-2;"L'episodio presenta diversi personaggi di origine straniera (Ahmed, l'infermiere siberiano), ma la narrazione normalizza commenti e atteggiamenti discriminatori. Ahmed è oggetto di battute e aggressioni verbali (""tiri il telefono a casa tua, contro tua sorella, se vuoi, nel tuo paese""), e l'infermiere viene minacciato di essere rimandato ""in Siberia"". Questi commenti razzisti sono trattati come parte del linguaggio comune e della tensione ospedaliera, senza una reale contestazione da parte dei personaggi positivi. La narrazione non mostra consapevolezza critica né conseguenze negative per chi esprime pregiudizi, e il tono generale tende a normalizzare il pregiudizio come parte della quotidianità.";"Non assegno -3 perché i personaggi razzisti non sono ritratti come modelli positivi né le loro idee sono esplicitamente celebrate; la discriminazione è più implicita e legata al contesto di stress e rabbia, non a una promozione attiva di valori razzisti.";"Non assegno -1 perché la presenza di commenti razzisti e minacce verso personaggi stranieri è reiterata e mai contestata, e il tono non suggerisce alcuna distanza critica o consapevolezza; la normalizzazione del pregiudizio è dominante e non c'è alcun riconoscimento consapevole o ironico."
MEDICINA GENERALE;02;06;Medicina generaleS02E06;08/12/2009;1;+1;"L'episodio presenta un personaggio indiano (Thomas) che lavora in ospedale e viene coinvolto in una storyline di errore medico. La sua etnia è menzionata solo in una battuta autoironica ('Sono indiano. Dalle mie parti non è una rarità. È solo che uno poi viene qua e prova vergogna. Ho un mio zio che non lo dice. Uguale a lei, identico.'), che mostra consapevolezza delle difficoltà di integrazione e della vergogna legata all'analfabetismo, ma senza mai scadere nello scherno o nello stereotipo. Thomas è rappresentato come lavoratore, onesto, e solidale: si assume la responsabilità dell'errore, viene compreso e aiutato dai colleghi, e offre aiuto concreto a una paziente italiana con difficoltà di lettura e scrittura. Non ci sono battute razziste o stereotipi etnici negativi; i pochi riferimenti all'origine straniera sono usati per umanizzare e approfondire il personaggio. La narrazione mostra rispetto per la diversità e una certa consapevolezza delle problematiche di integrazione, pur senza approfondire il tema in modo strutturale.";Non ci sono stereotipi etnici, battute razziste, né la normalizzazione di pregiudizi. Il personaggio straniero è positivo, dignitoso e centrale in una storyline di solidarietà. Nessun elemento dominante punta verso la discriminazione.;L'episodio non affronta il razzismo come problema sociale né analizza strutturalmente la discriminazione. Non ci sono dibattiti espliciti, conseguenze negative per pregiudizi, o una centralità delle voci marginalizzate. La presenza di consapevolezza e rispetto c'è, ma l'impegno critico resta superficiale.
MEDICINA GENERALE;02;06;Medicina generaleS02E06;08/12/2009;2;N/A;Nell'episodio analizzato, non sono presenti riferimenti espliciti o impliciti a razza, etnia, migranti, rom, italiani di seconda generazione o altre questioni razziali rilevanti nel contesto italiano. I dialoghi e le situazioni ruotano esclusivamente intorno a dinamiche familiari, professionali e sanitarie, senza alcun accenno a stereotipi, discriminazioni, pregiudizi o consapevolezza critica su temi razziali.;Non ci sono elementi che suggeriscano discriminazione razziale o normalizzazione di stereotipi etnici, quindi non è possibile assegnare un punteggio negativo.;Non ci sono nemmeno elementi di consapevolezza, impegno critico o analisi strutturale della discriminazione razziale, quindi non è possibile assegnare un punteggio positivo.
MEDICINA GENERALE;02;06;Medicina generaleS02E06;08/12/2009;3;0;L'episodio presenta una rappresentazione della diversità etnica (Thomas, infermiere indiano) senza stereotipi marcati né ironia razzista, ma anche senza particolare approfondimento della sua condizione. Thomas è coinvolto in una trama di errore medico, ma la sua etnia non viene mai tematizzata in modo problematico né valorizzata come elemento di riflessione sociale. L'unico accenno è una battuta autoironica di Thomas sulla vergogna dell'analfabetismo, che però non viene sfruttata per discutere di razzismo o discriminazione. Nessun personaggio esprime pregiudizi o stereotipi, ma non c'è nemmeno una particolare valorizzazione della diversità. La narrazione rimane neutra: Thomas è trattato come un qualsiasi altro collega, e la sua storia personale (famiglia all'estero, necessità di lavorare molto) è presentata senza giudizi o pietismi. Non emergono segnali forti né in senso negativo né positivo, e l'elemento etnico resta marginale e non problematico.;Non ci sono battute, stereotipi, né normalizzazione di pregiudizi. Thomas non viene mai ridicolizzato o ridotto a cliché etnici, e la sua presenza non è usata per fare ironia o per normalizzare atteggiamenti discriminatori. Nessun personaggio esprime commenti problematici nei suoi confronti.;Non c'è alcun impegno critico o riconoscimento consapevole della diversità: la questione etnica non viene tematizzata, non ci sono dialoghi o scene che affrontino il razzismo o la condizione dei migranti, e Thomas non ha un ruolo centrale o autorevole che dia voce a esperienze marginalizzate. La narrazione non mostra consapevolezza critica né propone riflessioni sociali.
MEDICINA GENERALE;02;06;Medicina generaleS02E06;08/12/2009;4;0;L'episodio presenta un cast quasi esclusivamente italiano, con un solo personaggio chiaramente identificato come straniero (Thomas, indiano). Thomas è un infermiere, rappresentato in modo dignitoso e umano: confessa un errore per senso di responsabilità, spiega le proprie motivazioni economiche, e offre aiuto a una paziente analfabeta. Non è oggetto di discriminazione esplicita né di stereotipi etnici negativi. Tuttavia, la sua etnia viene menzionata solo in una breve battuta ('sono indiano, dalle mie parti non è una rarità'), e la narrazione non approfondisce il tema dell'integrazione o delle difficoltà specifiche legate alla sua condizione di migrante. Nessun personaggio mostra ostilità o pregiudizio nei suoi confronti, ma la sua presenza non viene nemmeno valorizzata come occasione di riflessione sociale. L'episodio nel complesso non riproduce stereotipi, ma nemmeno li decostruisce o affronta il razzismo come problema. Gli altri pochi accenni alla diversità (es. 'fai giù dai cinesi che sono ancora aperti') sono neutri, senza carica offensiva o ironica. Il posizionamento dominante è quindi di genuina ambiguità: la diversità è presente ma trattata in modo neutro e senza profondità, senza segnali forti né in senso progressista né regressivo.;Non ci sono battute, atteggiamenti o stereotipi razzisti, né normalizzazione del pregiudizio. Thomas è un personaggio positivo e umano, non ridotto a cliché né marginalizzato. Non si rilevano elementi che giustificherebbero un punteggio negativo.;L'episodio non mostra consapevolezza critica degli stereotipi, non affronta il razzismo come problema sociale, né valorizza la voce di personaggi marginalizzati. La presenza di Thomas è neutra e non viene usata per stimolare riflessione o dibattito, quindi non si può assegnare un punteggio positivo.
MEDICINA GENERALE;02;06;Medicina generaleS02E06;08/12/2009;5;0;L'episodio non presenta riferimenti espliciti a razza o etnia nella trama principale. L'unico momento in cui emerge una questione etnica riguarda Thomas, un infermiere indiano, che rivela la propria origine durante una breve conversazione su analfabetismo e vergogna. La scena è trattata con tono neutro: Thomas offre aiuto senza essere oggetto di discriminazione, ma la sua identità etnica viene menzionata solo come dettaglio personale e non è centrale per la narrazione. Non ci sono stereotipi né contestazioni, né una valorizzazione particolare della diversità. L'orientamento generale dell'episodio è quindi ambiguo: la presenza di Thomas è dignitosa e normale, ma la questione razziale non viene né problematizzata né tematizzata.;Non ci sono battute, stereotipi o atteggiamenti razzisti, né normalizzazione di pregiudizi. La presenza di Thomas è trattata con rispetto e senza riduzione a cliché etnici.;La narrazione non mostra consapevolezza critica, né affronta il razzismo come problema sociale. L'etnia di Thomas è solo accennata e non porta a nessun approfondimento o messaggio positivo sulla diversità.
MEDICINA GENERALE;02;06;Medicina generaleS02E06;08/12/2009;6;N/A;Nell'episodio, analizzando i dialoghi e le situazioni presentate, non emergono riferimenti espliciti o impliciti a razza, etnia, migranti, rom, o italiani di seconda generazione. I personaggi e le loro interazioni ruotano attorno a dinamiche familiari, lavorative e sanitarie, senza alcun accenno a questioni razziali o discriminazione etnica. L'unico personaggio che si definisce 'indiano' (Thomas) lo fa in un contesto di alfabetizzazione e aiuto, senza che la sua origine sia oggetto di stereotipi, battute, o discriminazione.;Non ci sono elementi di discriminazione, stereotipi o normalizzazione del pregiudizio razziale, quindi non è applicabile un punteggio negativo.;Non ci sono neppure elementi di analisi, critica o rappresentazione positiva della diversità etnica, quindi non è applicabile un punteggio positivo.
MEDICINA GENERALE;02;06;Medicina generaleS02E06;08/12/2009;7;N/A;L'episodio, basato sui sottotitoli forniti, non presenta alcun riferimento diretto o indiretto a razza, etnia, migranti, rom, italiani di seconda generazione, né a situazioni di discriminazione razziale o stereotipi etnici. I dialoghi ruotano attorno a dinamiche familiari, errori medici, rapporti di lavoro, malattie e relazioni interpersonali, senza mai toccare il tema del razzismo o della diversità etnica.;Non è possibile assegnare un punteggio negativo perché non ci sono elementi di discriminazione, stereotipi o normalizzazione del pregiudizio razziale.;"Non è possibile assegnare un punteggio positivo perché il tema del razzismo non viene affrontato né in modo critico né trasformativo; semplicemente non è presente nell'episodio."
MEDICINA GENERALE;02;06;Medicina generaleS02E06;08/12/2009;8;N/A;L'episodio, basato sui sottotitoli forniti, non contiene alcun riferimento diretto o indiretto a razza, etnia, migranti, rom, italiani di seconda generazione o tematiche assimilabili. I dialoghi ruotano esclusivamente attorno a dinamiche familiari, relazioni di lavoro, errori medici, malattie e rapporti personali. Non emergono personaggi identificati per la loro appartenenza etnica né battute, stereotipi o situazioni che rimandino a questioni razziali.;Non si può assegnare un punteggio negativo perché non vi è alcuna rappresentazione, né positiva né negativa, di razzismo o diversità etnica.;Non si può assegnare un punteggio positivo perché il tema del razzismo è completamente assente: non ci sono né riconoscimento né critica né analisi strutturale della discriminazione.
MEDICINA GENERALE;02;06;Medicina generaleS02E06;08/12/2009;9;N/A;L'episodio, basato sui sottotitoli forniti, non presenta alcun riferimento diretto o indiretto a razza, etnia, migranti, rom, italiani di seconda generazione o tematiche legate al razzismo. I personaggi e le situazioni ruotano esclusivamente intorno a dinamiche familiari, professionali, mediche e personali, senza alcuna menzione o rappresentazione di questioni razziali.;Non si può assegnare un punteggio negativo perché non ci sono elementi di discriminazione, stereotipi etnici, battute o atteggiamenti riferibili a razzismo.;Non si può assegnare un punteggio positivo perché non viene affrontato il tema della diversità etnica o razziale, né in modo critico né trasformativo.
MEDICINA GENERALE;02;06;Medicina generaleS02E06;08/12/2009;10;N/A;Nell'episodio, non sono presenti riferimenti espliciti o impliciti a razza, etnia, migranti, rom, o italiani di seconda generazione. I personaggi principali e secondari non vengono caratterizzati né positivamente né negativamente in base all'appartenenza etnica. Le interazioni e i conflitti ruotano esclusivamente attorno a dinamiche familiari, professionali e sanitarie, senza alcun accenno a questioni razziali o stereotipi etnici.;Non si può assegnare un punteggio negativo perché non vi è alcuna rappresentazione di razzismo, né attiva né passiva.;Non si può assegnare un punteggio positivo perché non viene affrontato il tema della diversità etnica o razziale, né in modo critico né trasformativo.
MEDICINA GENERALE;01;08;Medicina generaleS01E08;01/04/2007;1;+1;L'episodio presenta diversi personaggi migranti (in particolare Erion, albanese, e un senegalese) coinvolti in trame mediche e sociali. Il razzismo non è mai esplicitamente sostenuto né normalizzato: i pochi commenti stereotipati (ad esempio sulle professioni, sulle difficoltà linguistiche, sulle condizioni di lavoro) sono inseriti in contesti realistici e non sono accompagnati da approvazione morale. I personaggi italiani mostrano generalmente rispetto, preoccupazione o solidarietà verso i migranti, e quando emergono situazioni di sfruttamento o illegalità (lavoro nero, incidenti sul lavoro), la narrazione le problematizza e non le giustifica. C'è consapevolezza delle difficoltà che affrontano i migranti (malattie importate, paura della polizia, precarietà lavorativa), ma queste non sono ridotte a cliché o oggetto di scherno. Alcuni personaggi esprimono empatia e invitano a dire la verità per aiutare, mentre altri sottolineano la necessità di avvisare le comunità straniere sui rischi (acido fluoridrico). Non si arriva però a una critica strutturale del razzismo o a un'analisi delle sue cause sistemiche.;Non ci sono elementi di sostegno attivo alla discriminazione (-3), né la narrazione normalizza il pregiudizio (-2) o riduce i personaggi migranti a stereotipi incontestati (-1). I pochi stereotipi o battute sono contestualizzati e non dominanti.;L'episodio non affronta il razzismo come problema sociale in modo esplicito (+2), né mette al centro voci marginalizzate o critica le strutture di potere (+3). La consapevolezza è presente, ma non si traduce in un impegno critico o trasformativo.
MEDICINA GENERALE;01;08;Medicina generaleS01E08;01/04/2007;2;+1;L'episodio presenta diversi personaggi migranti (albanese, senegalese, africano) e italiani di seconda generazione, inseriti nel contesto ospedaliero. La narrazione mostra consapevolezza delle difficoltà dei migranti (lavoro nero, paura della polizia, malattie importate, problemi di permesso di soggiorno) e, seppur con alcune battute stereotipate ('come dici cinque a casa tua, albanese?'), queste sono contestualizzate come parte di una realtà sociale e non sono mai attribuite ai personaggi positivi in modo celebrativo. I medici e infermieri si impegnano a capire la situazione clinica e sociale dei pazienti stranieri, cercano di proteggerli dalla burocrazia e dalla denuncia, e c'è attenzione a non criminalizzare il disagio o la rabbia dei migranti. L'episodio non offre una critica strutturale al razzismo, ma mostra una consapevolezza diffusa e una certa empatia verso i migranti, con dialoghi che evidenziano la complessità della loro condizione.;"Non assegno -1 o -2 perché i personaggi migranti non sono ridotti a semplici cliché e la loro presenza è trattata con dignità e attenzione. Le battute stereotipate sono sporadiche e non costituiscono il tono dominante; inoltre, i personaggi positivi non le rafforzano, anzi spesso le contestano o le superano con atteggiamenti rispettosi.";Non assegno +2 o +3 perché l'episodio non affronta il razzismo come problema sociale in modo esplicito né propone una critica alle strutture di potere o soluzioni concrete. La narrazione rimane su un piano di consapevolezza e rispetto, senza arrivare all'impegno attivo o all'inquadramento trasformativo.
MEDICINA GENERALE;01;08;Medicina generaleS01E08;01/04/2007;3;+1;"L'episodio presenta diversi personaggi migranti (Erion, l'albanese; il senegalese) e li inserisce in trame mediche e personali complesse. Vengono toccati temi come il lavoro nero, la paura della denuncia, la difficoltà di comunicazione e la diffidenza verso le istituzioni. I personaggi italiani mostrano in alcuni casi paternalismo o fanno battute stereotipate (es. 'come dici cinque a casa tua, albanese?'), ma la narrazione nel complesso mantiene una distanza critica: i protagonisti cercano di aiutare Erion, si interrogano sulle sue condizioni senza ridurlo a un semplice stereotipo, e c'è attenzione alle sue difficoltà reali. L'episodio mostra consapevolezza delle dinamiche di esclusione e dei rischi sociali per i migranti, senza però approfondire in modo strutturale le cause del razzismo. I personaggi positivi non sono mai apertamente razzisti e, quando emergono pregiudizi, sono trattati con ironia o contestati dal contesto. Il tono generale è empatico e attento, ma non si arriva a una denuncia esplicita delle strutture discriminatorie.";Non assegno un punteggio inferiore perché la rappresentazione dei personaggi migranti non è ridotta a stereotipi negativi incontestati, né la narrazione normalizza il pregiudizio. I protagonisti cercano di capire e aiutare, e le difficoltà dei migranti sono trattate con umanità.;Non assegno +2 o +3 perché manca un vero impegno critico esplicito: il razzismo non viene affrontato come problema sociale centrale, non ci sono dibattiti o conseguenze per comportamenti discriminatori, né un'analisi delle cause strutturali. Le voci marginalizzate sono presenti ma non centrali o autorevoli nella narrazione.
MEDICINA GENERALE;01;08;Medicina generaleS01E08;01/04/2007;4;+1;"L'episodio presenta diversi personaggi di origine straniera (Erion, albanese; un senegalese; riferimenti a migranti africani) inseriti in una trama ospedaliera. Le loro vicende sono trattate con una certa dignità e umanità: Erion è un paziente con malaria, viene interrogato con sospetto ma senza ostilità aperta, e alla fine la sua condizione di lavoratore a nero viene riconosciuta come problematica, ma non criminalizzata. I medici mostrano empatia e si interrogano sulle conseguenze di denunciare il suo datore di lavoro, evidenziando consapevolezza delle difficoltà dei migranti. Episodi di razzismo sono presenti solo in forma di microaggressioni o battute (es. 'albanese', 'bianchi sono gli ospedali'), ma non sono mai sostenute dalla narrazione o dai personaggi principali. C'è anche attenzione a non patologizzare i migranti (es. spiegazione della malaria, attenzione a non far passare il senegalese per ignorante). La narrazione mostra consapevolezza degli stereotipi e li evita o li problematizza, ma non va oltre una critica esplicita o un impegno trasformativo.";"Non assegno un punteggio più basso perché gli stereotipi etnici non sono mai normalizzati o sostenuti come verità; i personaggi stranieri non sono ridotti a cliché, e i pochi commenti problematici sono contestualizzati o lasciati cadere senza approvazione. La narrazione non normalizza il pregiudizio, anzi mostra disagio e riflessione sulle condizioni dei migranti.";Non assegno +2 o +3 perché l'episodio non affronta il razzismo come problema sociale in modo esplicito, né mette al centro le voci marginalizzate o offre una critica strutturale alle cause della discriminazione. L'approccio è consapevole e rispettoso, ma resta nell'ambito della rappresentazione dignitosa e della sensibilità, senza un vero impegno critico o trasformativo.
MEDICINA GENERALE;01;08;Medicina generaleS01E08;01/04/2007;5;+1;L'episodio presenta diversi personaggi di origine straniera (albanese, senegalese, africano) coinvolti in situazioni di vulnerabilità sociale e sanitaria, come lavoro nero, malattie importate, difficoltà linguistiche e diffidenza verso le istituzioni. La narrazione mostra consapevolezza dei problemi: i medici discutono apertamente delle difficoltà dei migranti, si interrogano sull'opportunità di denunciare situazioni di sfruttamento, e si preoccupano di informare le comunità straniere sui rischi chimici. Gli stereotipi (es. 'bianchino', 'albanese', 'africano') sono presenti ma spesso contestati o inseriti in un contesto di ironia o autocritica. I personaggi positivi (medici, infermieri) mostrano empatia, cercano di aiutare e comprendere, e non c'è mai una vera normalizzazione del pregiudizio. Il tono generale è quello di una consapevolezza critica, ma non si arriva a un vero impegno strutturale o analisi sistemica.;Nonostante la presenza di stereotipi e qualche battuta superficiale, questi non sono mai normalizzati né sostenuti attivamente dalla narrazione. I personaggi positivi contestano o si interrogano sulle situazioni problematiche, e il disagio dei migranti è trattato con rispetto. Non ci sono personaggi razzisti positivi né una morale discriminatoria.;L'episodio non offre una vera analisi delle cause strutturali del razzismo né soluzioni concrete per l'equità. Le voci marginalizzate sono presenti ma non centrali o autorevoli, e il razzismo non viene affrontato come problema sociale da risolvere, ma più come sfondo realistico. Manca un vero impegno critico (+2) o trasformativo (+3).
MEDICINA GENERALE;01;08;Medicina generaleS01E08;01/04/2007;6;+1;L'episodio presenta diversi personaggi migranti (albanese, senegalese, africani) coinvolti in situazioni di vulnerabilità (malaria, lavoro nero, incidenti sul lavoro, mancanza di documenti). La narrazione non indulge in stereotipi razzisti né li normalizza: i migranti sono trattati come pazienti e persone, con attenzione ai loro problemi reali (malattia, precarietà, sfruttamento). Alcuni personaggi fanno battute o commenti che potrebbero essere considerati stereotipati ('bianchi sono gli ospedali', 'si vede che fa l'imbianchino', 'uno che viene dal Senegal magari lo scambia per la bandiera dei pirati'), ma queste non sono mai il fulcro della narrazione e spesso vengono contestualizzate come ignoranza o superficialità, non come verità. Il tono generale è di rispetto e di tentativo di comprensione: i medici cercano di aiutare, si interrogano sulle cause sociali dei problemi (lavoro nero, permesso di soggiorno), e c'è una scena in cui si cerca di informare la comunità africana sui pericoli chimici, mostrando attenzione concreta. Non c'è un impegno critico strutturale (+2), né una vera analisi delle cause sistemiche del razzismo (+3), ma c'è consapevolezza e rispetto, con alcuni momenti di ironia e autocritica. Il posizionamento dominante è di riconoscimento consapevole.;Non si normalizzano né si minimizzano stereotipi: i migranti non sono ridotti a cliché, né i commenti problematici vengono lasciati completamente incontestati. Il focus è sulle difficoltà reali, non sulla loro 'diversità' come elemento negativo. Non ci sono personaggi positivi che sostengono idee razziste senza conseguenze.;Non si arriva a +2 perché il razzismo non è affrontato esplicitamente come problema sociale da dibattere o superare, né ci sono conseguenze narrative per comportamenti discriminatori. Non c'è una critica alle strutture di potere o una centralità delle voci marginalizzate: i migranti sono presenti e rispettati, ma non protagonisti della narrazione o agenti di cambiamento.
MEDICINA GENERALE;01;08;Medicina generaleS01E08;01/04/2007;7;+1;L'episodio presenta diversi personaggi migranti (albanese, senegalese, africano) e italiani di seconda generazione, inseriti in una narrazione corale ambientata in ospedale. I migranti sono rappresentati con dignità, come pazienti e lavoratori, e le loro difficoltà (malattie, lavoro nero, paura della polizia) sono trattate con empatia dai personaggi principali. Gli stereotipi (es. battuta sulle banche bianche, battute sull'albanese) vengono pronunciati ma non sono mai il fulcro della narrazione, né sono attribuiti ai personaggi positivi senza distanza critica. Anzi, le problematiche legate al lavoro nero e alle condizioni dei migranti vengono esplicitamente discusse e contestate, con alcuni personaggi che invitano a dire la verità e a denunciare le ingiustizie. Il tono generale è di rispetto e consapevolezza, con momenti di ironia sugli stereotipi, ma senza una vera analisi strutturale delle cause del razzismo.;"Non assegno -1 o punteggi inferiori perché la presenza di stereotipi è marginale e contestualizzata; i migranti non sono ridotti a cliché, e i personaggi positivi mostrano rispetto e consapevolezza. La narrazione non normalizza né minimizza il pregiudizio, ma lo affronta con una certa sensibilità.";Non assegno +2 o +3 perché l'episodio non sviluppa un vero dibattito esplicito sul razzismo né una critica alle strutture di potere. Le voci marginalizzate sono presenti ma non centrali o autorevoli nella trama, e il razzismo non viene affrontato come problema sociale sistemico, ma solo come difficoltà individuale o di gruppo.
MEDICINA GENERALE;01;08;Medicina generaleS01E08;01/04/2007;8;+1;"L'episodio presenta diversi personaggi migranti (Erion, albanese; un senegalese; altri personaggi non italiani) che sono coinvolti in trame cliniche e sociali. La narrazione mostra consapevolezza delle difficoltà e delle discriminazioni che affrontano: Erion mente sulle sue condizioni di lavoro per paura di essere denunciato, i medici discutono se avvisare la polizia o proteggere il paziente, e c'è attenzione alle conseguenze sociali e legali del lavoro nero. Alcuni personaggi fanno battute stereotipate (ad es. 'come dici cinque a casa tua, albanese?'), ma queste non sono mai celebrate né lasciate incontestate: il tono è generalmente empatico, i personaggi positivi si preoccupano per i migranti e cercano di aiutarli. L'episodio mostra anche una certa autocritica sulle difficoltà di comunicazione e sulle barriere culturali. Tuttavia, la rappresentazione rimane su un piano individuale e non si spinge verso una critica strutturale o sistemica del razzismo.";Nonostante la presenza di alcune battute stereotipate e una certa normalizzazione di domande invadenti (es. sulle origini, sul lavoro nero), il testo non normalizza il pregiudizio né lo presenta come accettabile: i personaggi positivi mostrano disagio o empatia, e la narrazione non legittima mai la discriminazione. I migranti non sono ridotti a semplici cliché e hanno una dignità narrativa.;L'episodio non affronta il razzismo come problema sociale strutturale (+2) né offre una critica delle cause sistemiche o soluzioni concrete (+3). La voce dei migranti è presente ma non centrale o autorevole, e la trama si concentra più sulle dinamiche personali che su un impegno trasformativo. La consapevolezza è presente ma non si traduce in una presa di posizione esplicita contro le strutture di potere.
MEDICINA GENERALE;01;08;Medicina generaleS01E08;01/04/2007;9;+1;L'episodio rappresenta diversi personaggi migranti (albanese, senegalese, africano) in modo realistico e umano, inserendoli nella trama ospedaliera come pazienti e lavoratori. Ci sono battute e stereotipi (ad esempio sulle gocce di colore, il lavoro a nero, la malaria, l'acido fluoridrico 'bandiera dei pirati'), ma il tono dominante è di empatia e rispetto: i medici cercano di capire la verità, aiutano i pazienti, si interrogano sulle loro condizioni e sulle difficoltà legate all'immigrazione. I personaggi positivi non mostrano razzismo, anzi si preoccupano di non mettere nei guai Erion e di avvertire la comunità senegalese dei rischi chimici. Gli stereotipi non sono mai celebrati, ma piuttosto contestualizzati e superati dalla narrazione. L'episodio mostra consapevolezza delle condizioni dei migranti e della precarietà del lavoro, senza scivolare nella normalizzazione del pregiudizio.;Non assegno -1 o -2 perché, sebbene siano presenti alcuni stereotipi e battute, la narrazione li supera e li problematizza: i personaggi positivi non li avallano, ma cercano di aiutare e comprendere. Non c'è normalizzazione né minimizzazione del razzismo.;"Non assegno +2 o +3 perché l'episodio non sviluppa un dibattito esplicito sul razzismo come problema sociale né offre una critica strutturale alle cause sistemiche. Le voci marginalizzate sono presenti e rispettate, ma non centrali o autorevoli; manca una vera analisi trasformativa."
MEDICINA GENERALE;01;08;Medicina generaleS01E08;01/04/2007;10;+1;L'episodio presenta diversi personaggi migranti (albanese, senegalese, africano) e italiani di seconda generazione, inseriti nel contesto ospedaliero. Le loro storie sono trattate con una certa dignità e complessità, evitando la riduzione a semplici cliché etnici. Le battute sugli stereotipi (ad esempio, 'come dici cinque a casa tua, albanese?') sono presenti, ma spesso contestate o inserite in un contesto di familiarità e non di scherno. I personaggi positivi mostrano empatia e rispetto verso i migranti, si preoccupano della loro salute e delle condizioni lavorative ('Se non ci racconti niente, appena guarisci, ti prendi il tuo passaporto e te ne torni in Albania. Se invece ci dici chi è che ti sta facendo lavorare a nero, può essere che resti in Italia e il permesso di soggiorno te lo diamo noi stessi.'), e c'è consapevolezza dei rischi e delle difficoltà affrontate dagli stranieri. Il razzismo non è mai sostenuto attivamente, né normalizzato: i personaggi razzisti non sono centrali né positivi, e le situazioni problematiche vengono affrontate con una certa ironia o distanza critica. Tuttavia, non si arriva a una vera analisi strutturale del razzismo, né a una critica esplicita delle cause sistemiche.;Non assegno un punteggio più basso perché non ci sono momenti in cui il razzismo viene sostenuto, normalizzato o minimizzato. Gli stereotipi vengono usati, ma non sono mai il messaggio dominante e spesso sono contestati o inseriti in un contesto di relazione personale. I personaggi migranti non sono ridotti a semplici cliché e hanno agency nella narrazione.;Non assegno +2 o +3 perché l'episodio non affronta il razzismo come problema sociale in modo esplicito, né propone soluzioni o analisi delle strutture di potere. La consapevolezza è presente, ma manca un vero impegno critico o trasformativo: il tema rimane sullo sfondo, senza diventare centrale o oggetto di dibattito approfondito.
DOC NELLE TUE MANI;03;10;Doc Nelle Tue ManiS03E10;15/02/2024;1;N/A;Nell'episodio, sulla base dei sottotitoli forniti, non ci sono riferimenti espliciti o impliciti a razza, etnia, migranti, rom, italiani di seconda generazione o altre tematiche legate al razzismo nel contesto italiano. I conflitti rappresentati riguardano principalmente dinamiche lavorative, sindacali, tecnologiche e personali, senza alcun accenno a questioni razziali o etniche.;Non sono presenti elementi di discriminazione razziale o etnica, né normalizzazione o minimizzazione di stereotipi di questo tipo.;L'episodio non affronta in alcun modo il tema del razzismo, né in senso critico né trasformativo, quindi non è possibile assegnare un punteggio positivo.
DOC NELLE TUE MANI;03;10;Doc Nelle Tue ManiS03E10;15/02/2024;2;N/A;L'episodio, da quanto emerge dai sottotitoli, non presenta riferimenti espliciti o impliciti a razza, etnia, migranti, rom, o italiani di seconda generazione. I conflitti sociali rappresentati ruotano attorno a questioni di lavoro, automazione, rapporti familiari e dinamiche personali, senza alcun accenno a tematiche razziali o etniche.;Non ci sono elementi di discriminazione razziale, stereotipi etnici o pregiudizi che possano giustificare un punteggio negativo.;Non ci sono nemmeno elementi di consapevolezza, impegno critico o analisi strutturale sulle questioni razziali, quindi non è possibile assegnare un punteggio positivo.
DOC NELLE TUE MANI;03;10;Doc Nelle Tue ManiS03E10;15/02/2024;3;N/A;Nell'episodio analizzato non sono presenti riferimenti, impliciti o espliciti, a razza, etnia, migranti, rom o italiani di seconda generazione. I conflitti e le dinamiche sociali rappresentate ruotano intorno a temi lavorativi (lotta sindacale, automazione), relazioni personali e questioni mediche, senza mai toccare questioni di discriminazione razziale o stereotipi etnici. Anche i pochi accenni a provenienza o background familiare dei personaggi non hanno alcuna connotazione etnica o razziale.;Non è stato assegnato un punteggio negativo perché non ci sono elementi di discriminazione, stereotipi o normalizzazione di pregiudizi razziali.;Non è stato assegnato un punteggio positivo perché la questione razziale non viene affrontata in alcun modo: la diversità etnica non è presente né tematizzata.
DOC NELLE TUE MANI;03;10;Doc Nelle Tue ManiS03E10;15/02/2024;4;N/A;Nell'episodio analizzato non sono presenti riferimenti espliciti o impliciti a razza, etnia, migranti, rom, o italiani di seconda generazione. I conflitti sociali rappresentati riguardano esclusivamente dinamiche lavorative (operai vs. macchine) e rapporti familiari, senza alcun accenno a questioni razziali o etniche. Anche i personaggi coinvolti non sono caratterizzati da background etnici rilevanti nel contesto italiano.;Non ci sono elementi che suggeriscano discriminazione o stereotipi etnici, quindi non è possibile assegnare un punteggio negativo.;Non ci sono elementi di consapevolezza, impegno critico o analisi strutturale rispetto al razzismo, perché il tema non viene affrontato in alcun modo.
DOC NELLE TUE MANI;03;10;Doc Nelle Tue ManiS03E10;15/02/2024;5;N/A;L'episodio, basato sui sottotitoli forniti, non presenta alcun riferimento diretto o indiretto a razza, etnia, migranti, rom, o italiani di seconda generazione. I conflitti e le tematiche affrontate ruotano intorno a questioni di lavoro, automazione, rapporti familiari, etica medica e relazioni personali, senza alcuna implicazione razziale o etnica.;Non ci sono elementi di discriminazione o stereotipi razziali, né battute, né personaggi di minoranze etniche rappresentati in modo problematico. L'assenza totale di riferimenti rende impossibile assegnare un punteggio negativo.;Non ci sono nemmeno elementi di critica o analisi del razzismo, né rappresentazioni positive di minoranze etniche. L'assenza di qualunque riferimento razziale impedisce di assegnare punteggi positivi.
DOC NELLE TUE MANI;03;10;Doc Nelle Tue ManiS03E10;15/02/2024;6;N/A;L'episodio, basato sui sottotitoli forniti, non presenta alcun riferimento esplicito o implicito a razza, etnia, migranti, rom o italiani di seconda generazione. I conflitti e le tematiche affrontate riguardano il lavoro, l'automazione, la salute, le relazioni personali e familiari, ma non emergono elementi riconducibili a questioni razziali o etniche nel contesto italiano.;Non ci sono contenuti discriminatori o stereotipi etnici da valutare, quindi non è possibile assegnare un punteggio negativo.;Non ci sono nemmeno elementi di riconoscimento, impegno o analisi critica della questione razziale, perché la tematica non è presente. Il punteggio massimo positivo non è applicabile.
DOC NELLE TUE MANI;03;10;Doc Nelle Tue ManiS03E10;15/02/2024;7;N/A;Nell'episodio, non ci sono riferimenti espliciti o impliciti a razza, etnia, migranti, rom, o italiani di seconda generazione. I conflitti e le tematiche sociali affrontate riguardano esclusivamente rapporti di lavoro, automazione, malattia, e dinamiche familiari. L'unico accenno a 'cinesi' è una battuta tra colleghi, ma non è collegata a personaggi di minoranza né ha rilevanza narrativa sul tema razziale.;Non ci sono elementi di discriminazione razziale o etnica, né stereotipi, né normalizzazione di pregiudizi. La battuta sui cinesi è isolata, reciproca e non contestualizzata come razzista.;Non ci sono elementi di riconoscimento, impegno critico o analisi strutturale sul razzismo, perché il tema non è presente nell'episodio.
DOC NELLE TUE MANI;03;10;Doc Nelle Tue ManiS03E10;15/02/2024;8;N/A;L'episodio, basato sui sottotitoli forniti, non presenta alcun riferimento diretto o indiretto a razza, etnia, migranti, rom, italiani di seconda generazione, né a questioni di discriminazione razziale. I conflitti sociali rappresentati riguardano il rapporto tra operai e datore di lavoro, l'automazione, la malattia, e le dinamiche familiari, ma non toccano il tema del razzismo o della diversità etnica.;Non sono presenti elementi di discriminazione razziale, stereotipi etnici, né battute o commenti riferibili a razza o etnia. Nessun personaggio subisce o perpetua pregiudizi di questo tipo.;Non ci sono spunti di analisi, critica o rappresentazione della diversità etnica o del razzismo, quindi non è possibile assegnare un punteggio positivo.
DOC NELLE TUE MANI;03;10;Doc Nelle Tue ManiS03E10;15/02/2024;9;N/A;L'episodio, basato sui sottotitoli forniti, non presenta alcun riferimento esplicito o implicito a razza, etnia, migranti, rom, o italiani di seconda generazione. Tutti i conflitti e le dinamiche sociali rappresentate ruotano attorno a temi di lavoro, automazione, rapporti familiari e personali, e questioni mediche. Non emergono personaggi o situazioni riconducibili a minoranze etniche o a dinamiche di discriminazione razziale, né in senso positivo né negativo.;Non sono presenti elementi di discriminazione o stereotipizzazione etnica che giustificherebbero un punteggio negativo.;Non sono presenti elementi di riconoscimento, impegno critico o analisi trasformativa delle questioni razziali, perché il tema non viene proprio toccato.
DOC NELLE TUE MANI;03;10;Doc Nelle Tue ManiS03E10;15/02/2024;10;N/A;L'episodio, basato sui sottotitoli forniti, non presenta alcun riferimento esplicito o implicito a razza, etnia, migranti, rom, o italiani di seconda generazione. I conflitti sociali rappresentati riguardano esclusivamente tematiche di lavoro, automazione, rapporti generazionali e dinamiche familiari, senza alcuna menzione o allusione a questioni razziali o etniche.;Non è possibile assegnare un punteggio negativo, poiché non sono presenti elementi di discriminazione razziale, stereotipi etnici, né battute o commenti riferiti a razza o etnia.;"Non è possibile assegnare un punteggio positivo, poiché l'episodio non affronta né tematizza in alcun modo il razzismo o la diversità etnica; la scala non è applicabile."
LA DOTTORESSA GIO;01;03;La dottoressa GioS01E03;08/11/1997;1;-1;L'episodio affronta la presenza e la condizione dei rom (qui chiamati spesso 'zingari') e dei migranti dell'Est Europa (es. la ragazza rumena) in modo superficiale e stereotipato. I personaggi rom sono spesso definiti dalla loro etnia, con ripetuti riferimenti a 'tribù', 'razza', 'gente povera', e attività stereotipate (fiere, addestrano orsi, ecc.). Il linguaggio usato dai personaggi (anche positivi) include più volte termini come 'zingari', 'zingarella', 'razza a parte', e battute su furti e comportamenti devianti, senza che nessuno li contesti seriamente. I pregiudizi sono dati per scontati o trattati come normali, e la narrazione non prende mai una posizione critica o di denuncia. La trama ruota attorno a una gravidanza tra minorenni di etnie diverse, ma il focus resta su stereotipi culturali e conflitti tra famiglie, senza approfondire le cause sociali o contestare i pregiudizi. L'unica reazione vagamente critica è quando una delle ragazze risponde a un insulto, ma la scena resta isolata e non cambia il tono generale.;Non assegno -2 perché, pur nella normalizzazione di stereotipi e linguaggio problematico, non c'è un sostegno attivo o una celebrazione della discriminazione: i personaggi razzisti non sono ritratti come modelli positivi, e non c'è una narrazione che giustifichi apertamente la discriminazione. Manca la convalida attiva di idee razziste da parte dei protagonisti.;Non assegno 0 o punteggi positivi perché la rappresentazione della diversità è quasi sempre superficiale e stereotipata, senza consapevolezza critica o tentativi di sfidare i pregiudizi. I personaggi di etnie diverse sono definiti quasi esclusivamente dal loro background, e le battute o i commenti discriminatori non vengono mai realmente contestati o problematizzati dalla narrazione.
LA DOTTORESSA GIO;01;03;La dottoressa GioS01E03;08/11/1997;2;-1;L'episodio presenta diversi personaggi rom/zingari e una ragazza rumena, ma la rappresentazione è fortemente stereotipata. I personaggi rom sono spesso associati a violenza, minacce, ignoranza, povertà e comportamenti devianti (minacce di spezzare le gambe, riferimenti a 'razza a parte', compravendita della sposa, ecc.). Il linguaggio usato dai personaggi italiani è spesso sprezzante o paternalistico ('zingari', 'razza a parte', 'gentaglia', 'ladri'), e i pochi tentativi di contestazione sono molto deboli o inesistenti. Non c'è una reale contestazione dei pregiudizi: i personaggi positivi non prendono posizione chiara contro il razzismo, e le battute o i commenti problematici restano incontestati. La ragazza rumena è definita principalmente dalla sua provenienza e dalla sua condizione sociale, e anche lei è coinvolta in dinamiche di stereotipo (servitù, povertà, insistenza sulla bellezza fisica). La narrazione non offre una vera distanza critica o consapevolezza sugli stereotipi, né un approfondimento sulle cause del pregiudizio.;Non assegno -2 perché, pur nella presenza di numerosi stereotipi e pregiudizi, l'episodio non normalizza completamente il razzismo come 'normale e accettabile': c'è qualche (debole) tentativo di umanizzare i personaggi rom e rumeni (ad esempio, la storia d'amore tra i due giovani, la sofferenza della ragazza, la solidarietà minima tra alcune donne). Non si arriva al livello di -3 perché i personaggi razzisti non sono ritratti come modelli positivi né le loro idee sono celebrate senza conseguenze.;Non assegno 0 o punteggi positivi perché la rappresentazione dominante è fortemente stereotipata e priva di consapevolezza critica: i pregiudizi non vengono mai realmente messi in discussione, la narrazione non offre strumenti per decostruirli e il punto di vista resta quello della maggioranza italiana, che guarda con sospetto e paternalismo i personaggi 'altri'.
LA DOTTORESSA GIO;01;03;La dottoressa GioS01E03;08/11/1997;3;-1;L'episodio presenta una trama incentrata su una giovane ragazza rom ('zingarella') incinta, con numerosi riferimenti espliciti e impliciti alla sua etnia. La narrazione riproduce molti stereotipi: i rom sono descritti come 'una razza a parte', 'gentaglia', 'ladri', e la loro cultura viene ridotta a cliché (matrimoni combinati, compravendita della sposa, vita nomade, addestramento di orsi). I personaggi principali, pur non mostrando aperta ostilità, spesso si riferiscono alla protagonista e alla sua famiglia con distacco, paternalismo o fastidio. Commenti razzisti e pregiudizi vengono espressi da diversi personaggi (sia pazienti che familiari), e raramente sono contestati in modo diretto e deciso. La protagonista rom è trattata come 'caso sociale', e la sua voce è mediata da altri (l'interprete rumena, i medici), senza che venga realmente valorizzata la sua soggettività. Sebbene alcuni personaggi mostrino empatia e aiutino Jasmine, il tono generale rimane quello della 'diversità problematica', e la soluzione finale passa comunque attraverso l'intervento delle istituzioni e degli adulti italiani. Non si arriva mai a una vera critica strutturale del razzismo, né a una valorizzazione autentica della cultura rom.;Il punteggio non è -2 o -3 perché, pur nella presenza di stereotipi e pregiudizi, non c'è una normalizzazione totale né un sostegno attivo alla discriminazione: alcuni personaggi (medici, amici) mostrano empatia, cercano di aiutare Jasmine e non la trattano esclusivamente come 'problema'. I commenti razzisti più espliciti sono attribuiti a personaggi secondari o negativi, e non sono mai presentati come 'giusti' o vincenti. La narrazione non glorifica chi discrimina.;"Il punteggio non è 0 o positivo perché la rappresentazione della diversità rimane superficiale e stereotipata: Jasmine è definita principalmente dalla sua etnia e dalla sua condizione di marginalità, i pregiudizi sono raramente contestati in modo esplicito, e la sua voce non è mai davvero centrale. Non c'è consapevolezza critica né impegno attivo contro il razzismo; la narrazione non supera i cliché, né offre una prospettiva trasformativa o strutturale."
LA DOTTORESSA GIO;01;03;La dottoressa GioS01E03;08/11/1997;4;-1;L'episodio presenta numerosi stereotipi e pregiudizi sui rom ('zingari'), sia nei dialoghi tra personaggi italiani sia nella rappresentazione della giovane Jasmine e della sua famiglia. I personaggi rom sono spesso definiti da cliché (nomadismo, matrimoni combinati, compravendita della sposa, ignoranza della lingua italiana, violenza familiare). I commenti razzisti e sprezzanti ('razza a parte', 'gentaglia', 'ladri', 'zoccoletta', 'mio nipote non porterà mai un nome da zingaro') vengono espressi da più personaggi e, nella maggior parte dei casi, non sono contestati apertamente o ricevono solo una blanda risposta. La narrazione non offre una vera analisi critica delle cause del pregiudizio né un impegno esplicito a sfidarlo. Tuttavia, alcuni personaggi (soprattutto la dottoressa) mostrano empatia verso Jasmine e cercano di aiutarla, ma la sua identità rom resta sempre associata a problematiche sociali e marginalità. La rappresentazione della diversità è quindi superficiale e stereotipata, senza consapevolezza o distanza critica.;Non assegno -2 perché, pur nella presenza diffusa di stereotipi e pregiudizi normalizzati, ci sono alcuni segnali di empatia e aiuto concreto da parte di personaggi positivi (la dottoressa, Margherita) che non condividono apertamente i pregiudizi e cercano di proteggere Jasmine. Non c'è un sostegno attivo o una celebrazione della discriminazione (che sarebbe da -3), né i personaggi razzisti sono chiaramente ritratti come modelli positivi.;Non assegno 0 o un punteggio positivo perché la rappresentazione dominante resta fortemente stereotipata e priva di consapevolezza critica. Gli stereotipi non vengono mai decostruiti, la narrazione non problematizza il razzismo in modo esplicito, e le voci marginalizzate non sono mai davvero centrali o autorevoli. L'episodio non mostra un vero percorso di crescita o superamento dei pregiudizi.
LA DOTTORESSA GIO;01;03;La dottoressa GioS01E03;08/11/1997;5;-1;L'episodio affronta la storia di una ragazza rom minorenne incinta, con numerosi riferimenti espliciti e impliciti alla sua etnia e condizione sociale. I personaggi rom vengono spesso chiamati 'zingari', 'razza a parte', e descritti tramite stereotipi (nomadismo, povertà, compravendita della sposa, addestramento di orsi). Il linguaggio è frequentemente stigmatizzante e paternalista, sia nei dialoghi tra personaggi italiani sia nelle interazioni con la ragazza rom. I commenti razzisti e denigratori ('gentaglia', 'ladri', 'zoccoletta', 'non si deve mischiare con questa gente') sono presenti e quasi sempre incontestati, talvolta trattati come battute o come parte della normalità. Anche i personaggi positivi raramente contestano apertamente i pregiudizi, e la narrazione non offre una vera distanza critica dagli stereotipi: la 'diversità' è trattata come un problema, e la soluzione è spesso paternalistica (istituto, intervento degli adulti italiani, ecc.). Pur mostrando qualche empatia per la protagonista, la sua identità etnica resta sempre problematizzata e associata a disagio, conflitto e marginalità.;Non assegno -2 o -3 perché, pur essendo presenti stereotipi e linguaggio discriminatorio, l'episodio non glorifica né sostiene attivamente la discriminazione: i personaggi razzisti non sono presentati come modelli positivi, e la narrazione non invita esplicitamente il pubblico a condividere le idee discriminatorie. Inoltre, la protagonista rom riceve un certo grado di attenzione e aiuto, seppur paternalistico, e la sua storia viene raccontata con qualche tentativo di comprensione.;"Non assegno 0 perché i segnali problematici sono nettamente prevalenti rispetto a quelli progressisti: la rappresentazione della diversità è superficiale, stereotipata e raramente contestata; non c'è una vera consapevolezza critica, né un impegno esplicito contro il razzismo. Non assegno +1 o più perché manca qualsiasi analisi strutturale, dibattito esplicito o crescita dei personaggi rispetto ai pregiudizi."
LA DOTTORESSA GIO;01;03;La dottoressa GioS01E03;08/11/1997;6;-1;L'episodio affronta la questione del razzismo e della discriminazione verso i rom e i migranti (in particolare una ragazza rom incinta e una giovane donna rumena) in modo superficiale e spesso stereotipato. I personaggi rom sono definiti principalmente dalla loro appartenenza etnica, con ripetuti riferimenti a 'tribù', 'razza', e stereotipi (ladri, verginità ossessiva, matrimoni combinati, scambi di denaro per la sposa). I commenti razzisti e classisti sono frequenti ('gentaglia', 'zingari', 'una razza a parte'), e spesso non vengono contestati, oppure sono trattati come normali battute o parte del colore locale. La narrazione non offre una vera distanza critica dagli stereotipi, né una riflessione profonda sulle cause o sulle conseguenze della discriminazione. Alcuni personaggi mostrano una certa empatia (la dottoressa che aiuta Jasmine), ma il quadro generale resta quello di una rappresentazione che riproduce cliché etnici e sociali senza consapevolezza o ironia.;Non assegno -2 o -3 perché, pur nella presenza di stereotipi e pregiudizi normalizzati, non c'è un sostegno attivo e celebrativo della discriminazione: i personaggi razzisti non sono ritratti come positivi, né le loro idee sono esplicitamente convalidate dalla narrazione. Inoltre, alcuni personaggi (la dottoressa, Margherita) mostrano un minimo di empatia e tentano di aiutare le ragazze discriminate, anche se senza una vera critica strutturale.;Non assegno 0 o punteggi positivi perché la rappresentazione dominante è superficiale e stereotipata, con i personaggi di etnia non italiana ridotti a cliché e con commenti problematici che non vengono contestati in modo significativo. Non c'è consapevolezza critica, né impegno attivo contro il razzismo, né una riflessione sulle cause sistemiche della discriminazione.
LA DOTTORESSA GIO;01;03;La dottoressa GioS01E03;08/11/1997;7;-1;L'episodio presenta una rappresentazione della comunità rom e dei migranti dell'Est Europa (in particolare rom e rumeni) fortemente stereotipata e superficiale. I personaggi rom vengono spesso chiamati 'zingari', associati a criminalità, povertà, ignoranza, e violenza, con battute e commenti denigratori ('una razza a parte', 'gentaglia', 'ladri', 'zoccoletta', 'comprare la sposa', ecc.). Le battute razziste e i pregiudizi sono ripetuti da più personaggi, spesso senza contestazione o con reazioni minime. La narrazione non offre una vera distanza critica: la storia si concentra sulle difficoltà personali, ma non mette mai davvero in discussione i pregiudizi dominanti né approfondisce le cause sociali o le prospettive delle voci marginalizzate. Alcuni personaggi mostrano una minima empatia (la dottoressa che aiuta Jasmine), ma il contesto generale rimane quello della normalizzazione dello stereotipo. L'episodio non arriva a sostenere attivamente la discriminazione (-2/-3), ma la diversità è trattata in modo superficiale, con personaggi ridotti a cliché etnici e commenti problematici incontestati.;Non assegno -2 o -3 perché, pur nella presenza di stereotipi e linguaggio discriminatorio, non c'è una vera glorificazione o sostegno esplicito alle idee razziste: i personaggi razzisti non sono ritratti come eroi, e la narrazione non premia o giustifica apertamente la discriminazione. Alcuni personaggi (la dottoressa, Margherita) mostrano empatia e cercano di aiutare, anche se senza una vera critica sociale.;Non assegno 0 o punteggi positivi perché la rappresentazione dominante è quella dello stereotipo etnico e della minimizzazione della diversità, senza una reale consapevolezza critica, crescita dei personaggi, o analisi delle cause strutturali del razzismo. Gli elementi di empatia sono troppo deboli e isolati per bilanciare il quadro generale.
LA DOTTORESSA GIO;01;03;La dottoressa GioS01E03;08/11/1997;8;-1;L'episodio affronta la questione del razzismo principalmente attraverso la storia di Jasmine, una giovane rom incinta, e il suo rapporto con Romeo, un ragazzo italiano. Sono presenti numerosi stereotipi e pregiudizi: i personaggi rom sono spesso chiamati 'zingari', descritti come 'razza a parte', associati a criminalità, povertà, nomadismo e pratiche tradizionali (vendita della sposa, esclusione sociale). I commenti razzisti e discriminatori sono frequenti, sia tra personaggi principali che secondari, spesso senza una vera contestazione. Alcuni personaggi esprimono una certa empatia o cercano di aiutare Jasmine, ma la narrazione non problematizza in modo critico i pregiudizi, né offre una riflessione strutturale sul razzismo. La rappresentazione della diversità è superficiale: i personaggi rom e rumeni sono quasi sempre definiti dalla loro etnia e dalle difficoltà sociali, senza sviluppo oltre i cliché. Gli episodi di discriminazione sono trattati come parte della normalità, e le reazioni dei personaggi positivi sono spesso di tolleranza passiva o paternalismo, non di vero impegno critico.;Non assegno -2 o -3 perché, pur nella presenza di stereotipi e pregiudizi normalizzati, l'episodio non glorifica né sostiene attivamente la discriminazione: i personaggi razzisti non sono ritratti come modelli positivi e non c'è una narrazione che giustifichi esplicitamente il razzismo. Alcuni personaggi cercano di aiutare Jasmine, e la sua storia viene trattata con una certa umanità, anche se in modo paternalistico e superficiale.;Non assegno 0 o punteggi positivi perché la rappresentazione della diversità rimane ancorata a stereotipi etnici e non c'è una vera consapevolezza critica o impegno nel contestare il razzismo. Gli elementi problematici sono dominanti e non bilanciati da una riflessione progressista o da una crescita dei personaggi rispetto ai pregiudizi.
LA DOTTORESSA GIO;01;03;La dottoressa GioS01E03;08/11/1997;9;-1;L'episodio presenta diversi personaggi rom e rumeni, ma la loro rappresentazione è spesso superficiale e stereotipata. I rom sono chiamati 'zingari', descritti come 'una razza a parte', associati a comportamenti criminali, minacce e violenza. I personaggi italiani fanno battute e commenti discriminatori ('gentaglia', 'ladri', 'schifosa', 'non ti frega niente di tuo schifoso portafoglio', 'babbo e scrofa mordara'), spesso senza una vera contestazione. Anche la protagonista Jasmine viene trattata come 'strana' e 'diversa', e la sua storia è usata più per generare dramma che per una reale esplorazione della sua condizione. Tuttavia, alcuni personaggi (la dottoressa e Margherita) mostrano empatia e cercano di aiutare Jasmine, ma la narrazione non si impegna in una critica esplicita dei pregiudizi o delle strutture sociali discriminatorie. La presenza di stereotipi etnici è dominante, e la distanza critica è minima.;Non assegno -2 o -3 perché, pur essendo presenti stereotipi e commenti razzisti, non sono sostenuti attivamente dalla narrazione come valori positivi né sono attribuiti ai protagonisti in modo celebrativo. Alcuni personaggi contestano o si dissociano dai pregiudizi, e la storia mostra momenti di empatia e aiuto verso Jasmine. Non c'è una normalizzazione totale del pregiudizio, né una glorificazione della discriminazione.;Non assegno 0 perché il posizionamento dominante è chiaramente problematico: la maggior parte dei personaggi italiani riproduce stereotipi senza consapevolezza o ironia, e la narrazione non bilancia con elementi progressisti equivalenti. Non assegno +1 o più perché manca una vera consapevolezza critica, un impegno esplicito contro il razzismo o una centralità delle voci marginalizzate. L'episodio si limita a una rappresentazione superficiale della diversità, senza approfondire le cause o proporre soluzioni.
LA DOTTORESSA GIO;01;03;La dottoressa GioS01E03;08/11/1997;10;-1;L'episodio presenta una narrazione dove la questione razziale riguarda principalmente la comunità rom ('zingari'), con Jasmine e la sua famiglia al centro della trama. Sono presenti numerosi stereotipi e pregiudizi: i personaggi rom vengono spesso chiamati 'zingari', associati a criminalità, povertà, ignoranza e costumi arcaici (matrimonio combinato, verginità ossessiva, compravendita della sposa). I personaggi italiani esprimono commenti razzisti ('gentaglia', 'ladri', 'non mi frega niente di tuo schifoso portafoglio', 'manco le cagne'), spesso senza essere contestati o con reazioni deboli. La narrazione non offre una vera distanza critica: i personaggi rom sono quasi sempre definiti dai loro cliché, la loro voce non è centrale né autorevole, e la soluzione al conflitto passa attraverso l'intervento degli italiani, non attraverso l'autodeterminazione dei protagonisti rom. Alcuni personaggi italiani mostrano una minima empatia (la dottoressa che cerca di aiutare Jasmine), ma non c'è un vero impegno critico o crescita rispetto ai pregiudizi. Il tono generale oscilla tra pietismo e paternalismo, senza mai mettere davvero in discussione le strutture di potere o i pregiudizi dominanti.;Non assegno -2 perché, pur essendo presenti stereotipi e commenti razzisti normalizzati, c'è qualche tentativo di empatia da parte di alcuni personaggi (es. la dottoressa che cerca di aiutare Jasmine e Romeo), e la narrazione non convalida attivamente la discriminazione: i personaggi razzisti non sono ritratti come modelli positivi e non 'vincono' la situazione. Non è -3 perché non c'è sostegno esplicito alla discriminazione, né i personaggi razzisti sono presentati come eroi.;"Non assegno 0 perché gli elementi problematici sono dominanti: la rappresentazione dei rom è quasi esclusivamente stereotipata e la distanza critica è assente. Non è +1 perché manca una vera consapevolezza o ironia sugli stereotipi, e i personaggi positivi non mostrano un rispetto esplicito per la diversità; non c'è dibattito o crescita significativa rispetto ai pregiudizi."
L ALLIEVA;03;03;L allievaS03E03;04/10/2020;1;+1;"L'episodio presenta una trama principale incentrata su un omicidio avvenuto in un ristorante giapponese, con la vittima e la sua famiglia di origine giapponese. La narrazione include diversi personaggi di etnie diverse (giapponesi, indios brasiliani, italiani), e vengono accennati temi come la migrazione, il lavoro umanitario con bambini indios in Brasile, e la presenza di una comunità giapponese in Italia. Il personaggio di Mattucci, che sui social 'inveire contro i giapponesi', viene presentato come sospetto e in modo negativo; la narrazione non normalizza né minimizza i suoi atteggiamenti, ma li inserisce in un contesto problematico. I personaggi principali mostrano rispetto e curiosità verso culture diverse (ad esempio, la direttrice che conosce la cultura Bororo, la protagonista che tratta con rispetto la famiglia giapponese della vittima). Non ci sono battute razziste né stereotipi etnici usati come comic relief; gli unici stereotipi (ad esempio, la cultura zen legata al sushi) sono trattati con rispetto e curiosità. L'episodio riconosce la diversità e la tratta con consapevolezza, ma non arriva a un impegno critico strutturale né a una vera analisi delle cause sistemiche del razzismo.";Non ci sono personaggi positivi che esprimono idee razziste, né stereotipi etnici normalizzati o battute razziste presentate come innocue. I pochi segnali problematici (Mattucci che odia i giapponesi) sono contestualizzati come parte della sua negatività e non sono mai normalizzati o minimizzati.;L'episodio non sviluppa un vero dibattito critico sul razzismo, né mostra personaggi che sfidano attivamente i pregiudizi o crescono superandoli. Non c'è una critica alle strutture di potere né una centralità delle voci marginalizzate. La consapevolezza è presente, ma non si traduce in impegno attivo o trasformativo.
L ALLIEVA;03;03;L allievaS03E03;04/10/2020;2;0;"L'episodio presenta una vittima giapponese (Aiko Okusada) e la sua famiglia, ma la loro rappresentazione è neutra e dignitosa: non ci sono battute razziste né stereotipi espliciti nei loro confronti. Il caso di omicidio ruota attorno a dinamiche personali e sentimentali, non a questioni etniche. L'unico elemento potenzialmente problematico è la menzione che il sospettato Mattucci 'sui social non fa altro che inveire contro i giapponesi', ma questa informazione resta sullo sfondo e non viene tematizzata né discussa criticamente. Non ci sono personaggi che contestano o normalizzano il pregiudizio; la questione razziale resta marginale e non orienta la narrazione. L'altro personaggio 'esotico' (Giacomo, che vive tra gli indios in Brasile) è trattato come un outsider eccentrico, ma senza connotazioni razziste o stereotipate. Nel complesso, i segnali sono pochi e deboli, e non emergono né una posizione problematica né un impegno critico.";Non ci sono battute, stereotipi o atteggiamenti razzisti normalizzati o minimizzati. La presenza della famiglia giapponese è rispettosa e non ridotta a cliché. L'unico accenno a pregiudizio (i post di Mattucci) non viene né normalizzato né sostenuto dalla narrazione.;L'episodio non tematizza il razzismo come problema sociale, né mostra consapevolezza critica o impegno trasformativo. La questione razziale è solo sfiorata e non viene affrontata né a livello personale né sistemico. Non ci sono personaggi che sfidano i pregiudizi o momenti di crescita su questi temi.
L ALLIEVA;03;03;L allievaS03E03;04/10/2020;3;0;L'episodio non presenta una narrazione centrata sul razzismo, ma include alcuni elementi etnici e interculturali: la vittima è giapponese e si fa qualche riferimento alla cultura giapponese (sushi, coltelli, zen), ma senza stereotipi marcati o battute offensive. Il personaggio di Giacomo lavora con bambini indios in Brasile e viene menzionata la cultura Bororo, ma il tono è rispettoso e informativo, senza esotizzazione o paternalismo eccessivo. L'unico elemento potenzialmente problematico è la frase iniziale 'Rocita è una scimmia', ma il contesto chiarisce che si tratta di un animale domestico e non di un insulto razziale. I personaggi di etnia diversa (giapponesi, indios) sono trattati con rispetto e non ridotti a cliché. Non ci sono battute o atteggiamenti razzisti, né una critica esplicita o una riflessione profonda sul razzismo. Nel complesso, la rappresentazione è neutra, senza segnali dominanti né in senso positivo né negativo.;Non ci sono stereotipi etnici offensivi, battute razziste, né la normalizzazione di pregiudizi. I personaggi di altre etnie non sono ridicolizzati né trattati come inferiori. L'episodio non minimizza né banalizza la diversità, né la tratta in modo problematico.;Non c'è un impegno attivo nel criticare il razzismo, né una riflessione consapevole o una narrazione che affronti il tema come problema sociale. La presenza di personaggi di altre etnie è funzionale alla trama, ma non viene tematizzata in modo critico o trasformativo.
L ALLIEVA;03;03;L allievaS03E03;04/10/2020;4;+1;L'episodio presenta una trama principale che ruota attorno a un omicidio in un ristorante giapponese gestito da una famiglia immigrata. La vittima è una giovane donna giapponese, e tra i sospettati c'è un cuoco italiano che, sui social, scrive e inveisce contro i giapponesi. Questi elementi evidenziano la presenza di tensioni razziali e pregiudizi, ma la narrazione non normalizza né minimizza il razzismo: il personaggio che esprime sentimenti xenofobi è sospettato di omicidio e la sua ostilità verso gli immigrati è presentata come problematica. Inoltre, il racconto mostra personaggi di diversa origine (giapponesi, indios brasiliani) in ruoli dignitosi e complessi, senza ridurli a stereotipi. L'episodio riconosce la presenza di razzismo e la tratta con una certa consapevolezza, attribuendo i commenti problematici a personaggi negativi e mostrando rispetto per la diversità, ma non arriva a una critica strutturale o a un dibattito esplicito sulle cause sociali.;Non assegno punteggi più bassi perché il razzismo non viene mai normalizzato né minimizzato: il personaggio razzista non è presentato positivamente, né le sue idee sono condivise o lasciate incontestate. La narrazione non sostiene né giustifica la discriminazione.;Non assegno punteggi più alti perché l'episodio non sviluppa una vera analisi strutturale del razzismo, né affronta il tema come problema sociale in modo esplicito o trasformativo. Le voci marginalizzate non sono centrali, e non vengono proposte soluzioni concrete o critiche alle strutture di potere.
L ALLIEVA;03;03;L allievaS03E03;04/10/2020;5;0;L'episodio presenta la presenza di personaggi di origine straniera (giapponesi, indios del Brasile) e tratta un caso di omicidio che coinvolge una giovane donna giapponese. Vengono menzionati stereotipi (es. battute sulla cucina giapponese/cinese, riferimenti al primitivo e ai Bororo), ma nel complesso i personaggi stranieri non sono ridicolizzati né colpevolizzati per la loro etnia. Il personaggio italiano che manifesta opinioni ostili verso i giapponesi (Mattucci) viene presentato come problematico e sospettato, ma la narrazione non si sofferma in modo critico o approfondito sul tema del razzismo, né lo affronta come problema sociale. I personaggi positivi non si esprimono in modo esplicitamente antirazzista, ma nemmeno avallano stereotipi. Gli elementi di diversità sono trattati in modo piuttosto neutro: la presenza di personaggi stranieri è funzionale alla trama, senza particolare enfasi positiva o negativa. Alcuni stereotipi (es. la cultura zen, l'esotismo dell'Amazzonia) sono presenti ma non caricati di valore morale. Nel complesso, il posizionamento dominante è ambiguo: non c'è un messaggio chiaro né in senso discriminatorio né in senso progressista.;"Non assegno un punteggio più basso perché i personaggi stranieri non vengono ridicolizzati, colpevolizzati o ridotti a semplici cliché etnici; i commenti problematici sono marginali e non dominano la narrazione. Il personaggio con atteggiamenti ostili verso i giapponesi è trattato come sospetto e non come modello positivo.";Non assegno un punteggio più alto perché l'episodio non mostra consapevolezza critica degli stereotipi, né affronta il razzismo come problema sociale. Non ci sono personaggi che sfidano attivamente i pregiudizi, né viene proposta una riflessione strutturale sulla discriminazione. La narrazione rimane neutra e non prende posizione.
L ALLIEVA;03;03;L allievaS03E03;04/10/2020;6;+1;L'episodio presenta una trama in cui il razzismo è presente principalmente attraverso il personaggio di Mattucci, ex proprietario italiano di un ristorante ora gestito da una famiglia giapponese. Mattucci viene mostrato come persona che 'invece sui social non fa altro che scrivere e inveire contro i giapponesi'. Tuttavia, la narrazione non lo tratta mai come personaggio positivo: è sospettato di omicidio, i suoi atteggiamenti sono visti come problematici e non vengono mai giustificati o normalizzati. La vittima è una giovane donna giapponese, trattata con rispetto e umanità dai protagonisti. I personaggi principali non esprimono mai pregiudizi razziali e anzi mostrano rispetto per la diversità, sia nei confronti della vittima che di Giacomo, che lavora con bambini indios in Brasile. Gli stereotipi sono presenti solo come elementi attribuiti a personaggi negativi o marginali, e non vengono mai avallati dalla narrazione dominante.;Non assegno -1 o meno perché la narrazione non normalizza né minimizza il pregiudizio: Mattucci viene esplicitamente associato a comportamenti problematici e nessun personaggio positivo lo giustifica o lo sostiene. Le battute e i commenti razzisti non sono trattati come normali o divertenti, ma come indizi di un carattere negativo.;Non assegno +2 o +3 perché l'episodio non affronta il razzismo come problema sociale strutturale, né propone una critica sistemica o soluzioni concrete. Il tema razziale è presente e trattato con consapevolezza, ma rimane circoscritto alla caratterizzazione dei personaggi e non diventa oggetto di dibattito esplicito o analisi profonda.
L ALLIEVA;03;03;L allievaS03E03;04/10/2020;7;0;"L'episodio presenta una trama principale che ruota intorno a dinamiche familiari, lavorative e sentimentali, con una sottotrama gialla ambientata in un ristorante giapponese. La presenza di personaggi non italiani (giapponesi) è trattata in modo generalmente neutro: la vittima è una giovane donna giapponese, figlia dei proprietari del locale, e la sua etnia è rilevante solo per la contestualizzazione del luogo e delle abitudini (ad es. i coltelli da sushi, la cultura zen). Non emergono stereotipi razziali marcati né battute o commenti problematici a sfondo etnico. L'unico elemento potenzialmente problematico è la menzione che il sospettato (Mattucci) 'sui social non fa altro che inveire contro i giapponesi', ma questa informazione è riportata in modo neutro e non viene né enfatizzata né discussa criticamente. Non ci sono personaggi che contestano o normalizzano apertamente il razzismo; il focus resta sempre sulla risoluzione del caso e sulle relazioni tra i protagonisti. L'episodio non offre né una rappresentazione stereotipata né un impegno esplicito contro il razzismo, ma nemmeno segnali fortemente problematici o di normalizzazione.";Non ci sono battute, atteggiamenti o narrazioni che normalizzano o sostengono il pregiudizio razziale. La presenza di personaggi giapponesi non è ridotta a cliché, e l'unico accenno a ostilità etnica (i post social di Mattucci) non viene né approvato né deriso, ma semplicemente riportato come dato di fatto.;L'episodio non mostra consapevolezza critica, né affronta il razzismo come problema sociale. Nessun personaggio prende posizione contro i pregiudizi, non c'è dibattito né crescita rispetto a tematiche razziali, e la narrazione non offre spunti di riflessione o messaggi positivi sull'inclusione o la diversità.
L ALLIEVA;03;03;L allievaS03E03;04/10/2020;8;0;L'episodio presenta una trama in cui una giovane donna giapponese viene uccisa e la narrazione ruota attorno all'indagine. La presenza di personaggi di origine giapponese è trattata con una certa dignità: la vittima è una chef, la famiglia è rappresentata in modo rispettoso e non emergono stereotipi razziali marcati. Tuttavia, si nota che il principale sospettato (Mattucci) esprime ostilità verso i giapponesi sui social, ma questo viene riportato dai personaggi investigatori senza essere tematizzato o problematizzato apertamente. Non ci sono battute razziste né normalizzazione del pregiudizio, ma neppure un vero dibattito o critica esplicita al razzismo. La narrazione resta neutra: il movente del delitto è passionale e non razziale, e la questione delle tensioni etniche resta sullo sfondo, senza essere né minimizzata né affrontata criticamente.;Non ci sono stereotipi etnici riprodotti né battute razziste normalizzate. Il personaggio che manifesta ostilità verso i giapponesi non viene mai giustificato o presentato positivamente, e la narrazione non normalizza il pregiudizio.;L'episodio non mostra una consapevolezza critica o un impegno attivo contro il razzismo: la questione delle tensioni etniche è solo accennata e non tematizzata. Non ci sono personaggi che contestano apertamente i pregiudizi, né viene affrontato il razzismo come problema sociale.
L ALLIEVA;03;03;L allievaS03E03;04/10/2020;9;+1;"L'episodio presenta una trama secondaria incentrata sull'omicidio di una giovane donna giapponese, Aiko, figlia di immigrati e sushi chef. La narrazione include alcuni elementi di stereotipo (ad esempio, il ristorante giapponese come luogo 'esotico', la vittima identificata principalmente per la sua etnia e professione), ma non insiste su questi aspetti in modo caricaturale o denigratorio. Il personaggio sospettato di razzismo, Mattucci, viene esplicitamente descritto come ostile verso i giapponesi sui social, ma la narrazione non lo giustifica né lo assolve: anzi, la sua posizione viene presentata come problematica e associata a un possibile movente criminale. I personaggi principali non fanno battute razziste né minimizzano la gravità del pregiudizio; la questione etnica viene trattata come elemento di contesto e non come oggetto di scherno. Inoltre, la presenza di Giacomo, che lavora con bambini indios in Brasile, introduce un tema di attenzione verso le minoranze e la marginalità, anche se con qualche tono paternalista. Nel complesso, l'episodio mostra una consapevolezza critica degli stereotipi e attribuisce le posizioni problematiche a personaggi negativi, senza però approfondire le cause strutturali del razzismo né dare voce centrale ai personaggi marginalizzati.";"Non assegno un punteggio più basso perché gli stereotipi non vengono mai normalizzati o presentati come divertenti; i personaggi positivi non minimizzano né giustificano il razzismo. Il sospetto di razzismo è associato a un personaggio problematico e non viene mai legittimato dalla narrazione.";"Non assegno un punteggio più alto perché l'episodio non affronta il razzismo come problema sociale né propone una critica strutturale; la voce della vittima e dei suoi genitori resta marginale, e non ci sono momenti di dibattito esplicito o soluzioni concrete per l'equità. La rappresentazione resta consapevole ma non trasformativa."
L ALLIEVA;03;03;L allievaS03E03;04/10/2020;10;+1;L'episodio presenta una trama in cui una giovane donna giapponese, Aiko, è vittima di omicidio in un ristorante gestito dalla sua famiglia. Il contesto etnico è presente: Aiko e i suoi genitori sono giapponesi immigrati, e il principale sospettato, Mattucci, è un italiano che sui social inveiva contro i giapponesi. Tuttavia, la narrazione non normalizza né minimizza il pregiudizio: Mattucci è sospettato proprio per i suoi atteggiamenti ostili e non viene mai presentato come positivo. I personaggi principali (Alice, la protagonista, e i suoi colleghi) non esprimono mai commenti razzisti o stereotipati, anzi, trattano la famiglia giapponese con rispetto e professionalità. L'episodio mostra consapevolezza del pregiudizio (si cita il razzismo di Mattucci come elemento problematico), ma non si sviluppa un vero dibattito sociale né una critica strutturale: il razzismo è riconosciuto e contestato implicitamente, ma resta sullo sfondo della trama investigativa. L'elemento dominante è la consapevolezza critica, non la trasformazione sociale.;Non assegno un punteggio più basso perché il razzismo non viene mai normalizzato, minimizzato o sostenuto. I personaggi positivi non fanno battute o commenti stereotipati, e il personaggio razzista è sospettato e visto negativamente. La narrazione non indulge in cliché etnici né li presenta come divertenti.;Non assegno un punteggio più alto perché la questione razziale non è centrale né affrontata in modo strutturale. Non c'è un vero dibattito sul razzismo, né vengono esplorate le cause sistemiche o proposte soluzioni. Le voci marginalizzate non sono centrali e autorevoli: la famiglia giapponese resta sullo sfondo e la trama si concentra sull'indagine, non sulla discriminazione.
LA LINEA VERTICALE;01;06;La linea verticaleS01E06;06/01/2018;1;+1;L'episodio presenta un personaggio (Ahmed) che viene percepito dagli altri come 'migrante', ma questa etichetta viene esplicitamente rifiutata da lui stesso in modo ironico e consapevole ('Ma perché continuate a rivolgervi a me come se io fossi arrivato a piedi dal Monte Ararat?'). Gli unici riferimenti etnici sono usati per giocare con gli stereotipi (ad esempio la scena del 'riflessologo cinese' che chiede il pagamento 'in nero'), ma il tono è chiaramente autoironico e consapevole, non c'è mai una vera ostilità o esclusione. I personaggi positivi non mostrano pregiudizio reale, e la narrazione sembra più riflettere sulla percezione degli stereotipi che riprodurli acriticamente. Non ci sono vere conseguenze negative per Ahmed, né viene mai ridicolizzato o marginalizzato per la sua origine. Il riferimento alla 'storia di migrazione' è usato per sottolineare la superficialità degli stereotipi, non per rafforzarli.;Non assegno un punteggio più basso perché i riferimenti etnici sono trattati con ironia consapevole e non c'è alcuna normalizzazione o sostegno reale al pregiudizio. Gli stereotipi vengono evocati per essere smontati o ridicolizzati, non per essere accettati.;"Non assegno un punteggio più alto perché l'episodio non affronta il razzismo come problema sociale né offre una critica strutturale; la questione razziale resta sullo sfondo e viene trattata solo attraverso battute e autoironia, senza approfondire o proporre soluzioni."
LA LINEA VERTICALE;01;06;La linea verticaleS01E06;06/01/2018;2;+1;L'episodio presenta un personaggio (Ahmed) che viene occasionalmente trattato come 'altro' (es. battute sulla migrazione, accento, medicina cinese), ma la narrazione non lo riduce mai a uno stereotipo negativo e, anzi, lo integra pienamente nel gruppo. I commenti sull'essere migrante sono usati in modo ironico e vengono contestati direttamente da Ahmed stesso ('Ma perché continuate a rivolgervi a me come se io fossi arrivato a piedi dal Monte Ararat?'). Non ci sono conseguenze negative per Ahmed, né viene mai ridicolizzato o marginalizzato. Le battute sulla medicina cinese e sul 'pagare nero' sono presentate in chiave di autoironia e non come critica etnica. Il tono generale è di rispetto e familiarità, e la diversità di Ahmed è trattata come parte della normalità del gruppo.;Non assegno un punteggio più basso perché, pur in presenza di qualche battuta stereotipata, queste sono contestate o ridicolizzate e non costituiscono mai la posizione dominante. Ahmed non è mai oggetto di discriminazione reale, né la narrazione normalizza il pregiudizio.;Non assegno un punteggio più alto perché l'episodio non affronta il razzismo come problema sociale né propone una critica strutturale. La presenza di Ahmed è trattata con rispetto e ironia consapevole, ma non c'è un vero impegno critico o una riflessione sulle cause sistemiche della discriminazione.
LA LINEA VERTICALE;01;06;La linea verticaleS01E06;06/01/2018;3;+1;L'episodio presenta Ahmed, personaggio di origine migrante, come parte integrante del gruppo e protagonista di molte interazioni. Il suo background migratorio viene menzionato, ma spesso con ironia e consapevolezza dei cliché ('Perché continuate a rivolgervi a me come se io fossi arrivato a piedi dal Monte Ararat?'). I commenti stereotipati (sul cibo, sulle pratiche mediche 'cinesi', sul pagare 'nero') sono attribuiti a personaggi che li usano in modo giocoso, non ostile, e vengono contestati direttamente da Ahmed o ridicolizzati dal contesto. Non c'è normalizzazione del pregiudizio, né minimizzazione: la narrazione mostra consapevolezza critica e ironia sugli stereotipi, e i personaggi positivi (incluso Ahmed) sono rispettati e hanno ruoli complessi, non ridotti alla loro etnia.;Non assegno un punteggio più basso perché i commenti problematici sono contestati o ironizzati, non accettati come normali. Non c'è sostegno né normalizzazione della discriminazione: il tono è consapevole e i personaggi di diverse origini sono trattati con rispetto.;Non assegno +2 o +3 perché l'episodio non affronta il razzismo come problema sociale, né analizza strutturalmente le cause della discriminazione. Non c'è dibattito esplicito né crescita dei personaggi su temi razziali, e le voci marginalizzate non sono centrali rispetto alla narrazione. La consapevolezza è presente, ma non si traduce in impegno critico o trasformativo.
LA LINEA VERTICALE;01;06;La linea verticaleS01E06;06/01/2018;4;+1;L'episodio presenta diversi personaggi di origine straniera (Ahmed, il riflessologo cinese, l'amico iraniano) inseriti nel contesto ospedaliero italiano. Ahmed è parte del gruppo, coinvolto nelle discussioni e nelle dinamiche, e viene trattato come individuo con una storia personale. Ci sono battute e riferimenti alla sua condizione di migrante, alcune ironiche, altre più stereotipate ('come se fossi arrivato a piedi dal Monte Ararat'), ma il tono generale è di consapevolezza: Ahmed stesso contesta le etichette e si mostra infastidito dalle semplificazioni. I commenti più problematici sono attribuiti a personaggi che incarnano l'ignoranza o l'attaccamento alle abitudini, e vengono spesso ridicolizzati o messi in discussione. Il riflessologo cinese è una macchietta, ma la scena è chiaramente giocata sull'assurdo e sull'ironia, non sulla validazione dei pregiudizi. Nel complesso, la narrazione mostra consapevolezza degli stereotipi e li usa in modo ironico, senza mai legittimarli come verità.;Non assegno un punteggio più basso perché i personaggi di origine straniera non sono ridotti a semplici cliché: Ahmed ha una voce autonoma e contesta attivamente le semplificazioni sulla sua identità. Gli stereotipi sono presenti, ma vengono usati con ironia e distanza critica, non come normalizzazione o sostegno alla discriminazione.;Non assegno un punteggio più alto perché l'episodio non offre una vera analisi strutturale del razzismo né centra le voci marginalizzate come protagoniste assolute. Il razzismo viene riconosciuto e ironizzato, ma non affrontato come problema sociale da risolvere, né vengono proposte soluzioni concrete o una critica alle strutture di potere.
LA LINEA VERTICALE;01;06;La linea verticaleS01E06;06/01/2018;5;+1;L'episodio presenta Ahmed, personaggio migrante, coinvolto in dialoghi che giocano con stereotipi (dieta vegana, cinesi, pagare 'nero'), ma lo fa in modo consapevole e ironico, con Ahmed che ribatte e si prende gioco delle aspettative degli altri. I commenti razzisti espliciti ('parassita verme nero') sono attribuiti a personaggi negativi, e vengono immediatamente contestati o ridicolizzati dal contesto. Ahmed non è mai ridotto a un puro cliché: ha voce, ironia, e la narrazione mostra consapevolezza delle dinamiche di esclusione. Non c'è una vera analisi strutturale del razzismo, ma il testo evita la normalizzazione e la minimizzazione, mostrando disagio e distanza critica verso i pregiudizi.;I commenti razzisti e gli stereotipi non sono mai presentati come normali o accettabili: vengono attribuiti a personaggi negativi, contestati, o resi oggetto di ironia. Ahmed ha agency e dignità, non è ridotto a un cliché né trattato come oggetto di scherno senza distanza critica.;Non si arriva a un impegno critico esplicito (+2): il razzismo non è affrontato come problema sociale centrale, né ci sono conseguenze narrative forti per i comportamenti discriminatori. Manca una vera analisi delle cause sistemiche o una centralità delle voci marginalizzate che permetterebbe di assegnare +3.
LA LINEA VERTICALE;01;06;La linea verticaleS01E06;06/01/2018;6;+1;L'episodio presenta Ahmed, personaggio migrante, in modo dignitoso e umano, coinvolto nelle dinamiche del gruppo senza essere ridotto a puro stereotipo. La sua condizione di migrante viene menzionata, ma con ironia consapevole e contestata apertamente ('Ma perché continuate a rivolgervi a me come se io fossi arrivato a piedi dal Monte Ararat?'). I commenti problematici (es. battute sull'essere migrante, pagare 'nero', andare dai cinesi) sono inseriti in un contesto di autoironia e vengono contestati o ridicolizzati dai personaggi stessi, senza mai essere presentati come verità o morale dominante. Non c'è una vera analisi strutturale del razzismo, né un dibattito esplicito, ma la narrazione mostra consapevolezza critica e rispetto per la diversità.;Non assegno un punteggio più basso perché i personaggi di diversa origine non sono ridotti a cliché, né i commenti razzisti sono normalizzati o presentati come innocui. L'atteggiamento generale è di rispetto, e le battute problematiche sono contestate o ironizzate, non accettate passivamente.;Non assegno un punteggio più alto perché l'episodio non affronta il razzismo come problema sociale, né propone una critica strutturale o soluzioni concrete. La questione razziale resta marginale e trattata con ironia, senza diventare tema centrale o occasione di crescita per i personaggi.
LA LINEA VERTICALE;01;06;La linea verticaleS01E06;06/01/2018;7;+1;"L'episodio presenta diversi personaggi di origine migrante (Ahmed, l'amico iraniano, la riflessologa cinese) che sono integrati nella narrazione e partecipano attivamente al dialogo, senza essere ridotti esclusivamente a cliché etnici. Ci sono battute e riferimenti ironici alla loro provenienza, ma il tono prevalente è quello della consapevolezza e dell'accettazione: Ahmed si lamenta ironicamente di essere sempre visto come 'il migrante', ma lo fa con autoironia e senza subire umiliazioni o esclusioni reali. I commenti razzisti espliciti (il monologo 'vattene via, parassita verme nero!') sono chiaramente attribuiti a un personaggio negativo, in un contesto surreale e grottesco che li rende oggetto di critica implicita. Nessun personaggio positivo sostiene o normalizza il razzismo; anzi, la narrazione mostra disagio e distanza da queste posizioni. La presenza di personaggi stranieri è trattata con ironia consapevole, non con superficialità.";Non assegno un punteggio più basso perché i personaggi migranti non sono ridotti a stereotipi, né subiscono discriminazioni normalizzate o validate dalla narrazione. I commenti razzisti sono contestualizzati come negativi e non vengono mai presentati come accettabili o divertenti senza critica.;Non assegno un punteggio più alto perché l'episodio non affronta il razzismo come problema sociale strutturale, né propone una critica esplicita alle cause sistemiche o soluzioni concrete. La consapevolezza è presente, ma manca un vero impegno critico (+2) o un inquadramento trasformativo (+3).
LA LINEA VERTICALE;01;06;La linea verticaleS01E06;06/01/2018;8;+1;"L'episodio presenta Ahmed, personaggio migrante, come parte integrante del gruppo, con battute e scambi che lo coinvolgono senza mai relegarlo esclusivamente al suo ruolo etnico. Ci sono riferimenti alla sua 'storia di migrazione' e qualche battuta stereotipata (sul cibo, sui cinesi, sul pagare 'nero'), ma il tono è prevalentemente ironico e non ostile. Quando vengono fatte battute o riferimenti potenzialmente problematici, Ahmed risponde con autoironia o contestualizza, mostrando consapevolezza della propria condizione. Nessun personaggio positivo sostiene idee razziste in modo serio; anzi, le battute sono spesso smorzate dalla reazione dei presenti. Il razzismo non è affrontato come tema centrale, ma la presenza di Ahmed è trattata con rispetto e normalità, e il gruppo lo considera parte della comunità.";Non ci sono personaggi positivi che sostengono idee razziste né stereotipi etnici presentati come normali o accettabili. Le battute sono contestualizzate e non c'è normalizzazione del pregiudizio. Ahmed non è ridotto a un cliché etnico, ma ha una personalità e un ruolo attivo nella narrazione.;L'episodio non affronta il razzismo come problema sociale né offre una critica strutturale alle cause sistemiche. Non c'è dibattito esplicito né crescita dei personaggi rispetto ai pregiudizi, e le voci marginalizzate non sono centrali o autorevoli nella narrazione. Il tema rimane sullo sfondo e non viene sviluppato in modo trasformativo.
LA LINEA VERTICALE;01;06;La linea verticaleS01E06;06/01/2018;9;+1;L'episodio presenta un personaggio (Ahmed) che viene occasionalmente trattato come 'altro' (ad esempio, l'oncologo che fa riferimento alla sua storia di migrazione in modo un po' stereotipato), ma la narrazione nel complesso non insiste su stereotipi razziali negativi e non c'è alcuna ostilità reale verso di lui. Quando si fa ironia sulle origini o sulle pratiche di Ahmed (ad esempio, la scena del medico cinese), il tono è leggero e non denigratorio. Ahmed è integrato nel gruppo, partecipa alle discussioni e viene ascoltato dagli altri. I pochi commenti potenzialmente problematici sono trattati con ironia e non sono attribuiti a personaggi positivi in modo acritico. La rappresentazione della diversità è consapevole e, pur non essendo centrale, evita sia la minimizzazione che la normalizzazione del pregiudizio.;Non ci sono stereotipi etnici ripetuti senza distanza critica, né battute razziste trattate come innocue. Ahmed non è ridotto a un cliché e la narrazione non normalizza il pregiudizio. I personaggi positivi non esprimono idee razziste senza conseguenze.;L'episodio non affronta il razzismo come problema sociale né esplora le sue cause sistemiche. Non ci sono dibattiti espliciti sul tema, né una critica strutturale alle dinamiche di potere. La diversità è presente e trattata con rispetto, ma non è centrale né trasformativa.
LA LINEA VERTICALE;01;06;La linea verticaleS01E06;06/01/2018;10;+1;L'episodio presenta un personaggio (Ahmed) che viene percepito dagli altri come migrante, con riferimenti espliciti alla sua 'storia di migrazione' e battute sulla sua origine. Tuttavia, Ahmed contesta apertamente la riduzione della sua identità a quella di migrante ('Ma perché continuate a rivolgervi a me come se io fossi arrivato a piedi dal Monte Ararat?'), mostrando consapevolezza e ironia rispetto agli stereotipi. I commenti problematici sono attribuiti a personaggi che appaiono ingenui o poco informati, e non vengono mai presentati come verità assolute o valori positivi. Il tono generale è autoironico e riflessivo, e la narrazione mostra una certa sensibilità nel rappresentare la diversità, pur senza affrontare il razzismo come problema sociale centrale.;Non assegno un punteggio più basso perché gli stereotipi etnici, quando emergono, sono tematizzati e messi in discussione direttamente dal personaggio coinvolto (Ahmed), che si sottrae attivamente alla riduzione identitaria. Non c'è normalizzazione o convalida del pregiudizio: la narrazione suggerisce che la riduzione dell'altro a cliché sia una posizione ingenua o ridicola.;Non assegno un punteggio più alto perché l'episodio non affronta il razzismo come problema sociale strutturale, né mette al centro voci marginalizzate in modo trasformativo. La consapevolezza c'è, ma resta a livello di ironia e autocritica, senza un vero impegno critico o analisi delle cause sistemiche.
MEDICINA GENERALE;02;12;Medicina generaleS02E12;06/01/2010;1;+1;"L'episodio presenta due casi di marginalità: Mikulas, il barbone slovacco, e Vittorio, sieropositivo. Mikulas è identificato come straniero (slovacco) e barbone, ma la narrazione non indulge in stereotipi etnici o razziali: i personaggi principali si preoccupano sinceramente per la sua salute, lo cercano attivamente quando scompare e si indignano per il video violento girato dai ragazzi. Il linguaggio usato nei suoi confronti ('barbone', 'puzza', battute sul sedativo) è a volte superficiale e non sempre contestato, ma il tono generale è di preoccupazione e rispetto, con la sua dignità di paziente riconosciuta. Non ci sono battute razziste o pregiudizi espliciti; la sua nazionalità viene citata solo per motivi medici. Il caso HIV non coinvolge questioni razziali, ma mostra sensibilità verso la marginalità sociale. Nel complesso, l'episodio mostra consapevolezza critica: i personaggi positivi si indignano per la violenza contro Mikulas, si attivano per aiutarlo, e la narrazione non normalizza né minimizza il pregiudizio. Tuttavia, manca una vera analisi strutturale del razzismo o delle cause sistemiche.";Non ci sono stereotipi etnici dannosi, né battute razziste normalizzate. La marginalità di Mikulas è trattata con rispetto e preoccupazione, non con disprezzo o ironia. I personaggi positivi agiscono per il suo bene e contestano implicitamente la violenza subita.;L'episodio non sviluppa un discorso critico sulle cause sistemiche del razzismo né dà voce centrale a personaggi marginalizzati. La questione razziale è solo tangenziale (nazionalità di Mikulas), e non viene affrontata come problema sociale o strutturale. Non si arriva a una trasformazione o a una proposta concreta di equità.
MEDICINA GENERALE;02;12;Medicina generaleS02E12;06/01/2010;2;+1;L'episodio presenta la figura di Mikulas, un senzatetto slovacco, trattato con una certa dignità e attenzione clinica. Alcuni personaggi fanno battute stereotipate ('che puzza, ma che è, un tarantolato?'), ma queste non sono mai celebrate o sostenute dalla narrazione. Il personale sanitario si preoccupa sinceramente per la sua salute, si attiva per cercarlo quando scompare e lo salva con impegno. Il suo essere straniero viene menzionato solo per motivi pratici (nazionalità, lingua), senza caricare il discorso di pregiudizi. Inoltre, la narrazione mostra empatia per altri soggetti marginalizzati (Vittorio, HIV positivo), senza stigmatizzazione. I commenti problematici sono attribuiti a personaggi secondari e non sono mai la voce dominante. Nel complesso, la rappresentazione è consapevole, rispettosa e non normalizza né minimizza il razzismo.;Non assegno -1 o punteggi negativi perché la narrazione non riduce Mikulas a uno stereotipo, né normalizza il pregiudizio. Le battute sono isolate e non rappresentano il tono generale. Il gruppo principale di personaggi si attiva per il suo benessere, mostrando rispetto e preoccupazione.;Non assegno +2 o +3 perché l'episodio non affronta il razzismo come problema sociale né propone una critica strutturale. Non c'è dibattito esplicito sulle cause della marginalizzazione di Mikulas né sulle strutture di potere. La sua voce non è centrale né autorevole, e il tema razziale rimane sullo sfondo, senza un impegno trasformativo.
MEDICINA GENERALE;02;12;Medicina generaleS02E12;06/01/2010;3;+1;"L'episodio presenta due personaggi marginalizzati: Mikulas, il 'barbone' slovacco, e Vittorio, sieropositivo. Mikulas è chiamato più volte 'barbone' (termine stigmatizzante), ma la narrazione non indulge in stereotipi etnici o razziali: la sua nazionalità viene citata solo per motivi burocratici e medici, senza commenti dispregiativi. Il suo stato di vulnerabilità è trattato con una certa empatia, soprattutto da Olga, che si preoccupa sinceramente per lui e si attiva per salvarlo. I ragazzini che lo aggrediscono sono implicitamente condannati (il video viene rimosso, la scuola interviene), e non c'è alcuna normalizzazione o giustificazione della violenza. Nessun personaggio positivo esprime pregiudizi razziali; i pochi commenti problematici ('barbone', 'tarantolato') sono attribuiti a personaggi secondari e non sono mai oggetto di complicità o sostegno narrativo. L'episodio mostra consapevolezza delle condizioni sociali dei marginalizzati, ma non approfondisce le cause strutturali del razzismo né dà voce centrale a Mikulas. Il personaggio con HIV è trattato con rispetto e umanità, senza stereotipi su orientamento o provenienza. Nel complesso, il tono è di rispetto e solidarietà, con una consapevolezza critica dei temi sociali, ma senza impegno strutturale o analisi profonda.";Non ci sono stereotipi etnici, battute razziste, né normalizzazione del pregiudizio. I personaggi positivi mostrano disagio e attivismo verso le situazioni di vulnerabilità. L'episodio non minimizza né tratta superficialmente la diversità, e la narrazione non sostiene mai la discriminazione.;L'episodio non offre una critica strutturale al razzismo, né centra le voci marginalizzate come agenti di cambiamento. Mikulas resta un personaggio passivo, e la sua storia non è usata per analizzare le cause sistemiche della discriminazione. Il focus è sulla solidarietà individuale, non su soluzioni concrete o analisi delle strutture di potere.
MEDICINA GENERALE;02;12;Medicina generaleS02E12;06/01/2010;4;+1;L'episodio presenta la figura di Mikulas, un senzatetto slovacco, che viene trattato con una certa dignità e umanità dal personale medico, nonostante alcuni commenti stereotipati ('che puzza, ma che è, un tarantolato?', 'un bel sedativo per il barbone?'). Questi commenti sono attribuiti a personaggi secondari e non sono mai sostenuti dalla narrazione principale, che invece mostra preoccupazione per la sua salute e si attiva per cercarlo quando scompare. La sua nazionalità viene menzionata senza ironia o disprezzo, e il suo caso viene trattato come quello di qualsiasi altro paziente. Inoltre, il tema della malattia di Vittorio (HIV) è affrontato con rispetto e senza stigmatizzazione, sottolineando la solitudine e la necessità di supporto umano, senza alcun riferimento negativo alla sua condizione. I personaggi positivi mostrano empatia e attenzione verso i più vulnerabili, e la narrazione si concentra sulla cura e il rispetto, pur senza affrontare il razzismo come problema sociale strutturale.;Nonostante alcuni commenti superficiali e stereotipi sul senzatetto, questi non sono mai sostenuti dalla narrazione principale, né attribuiti ai protagonisti. Il tono generale è di rispetto e cura, e non si verifica alcuna normalizzazione o minimizzazione del pregiudizio. Nessun personaggio positivo sostiene idee discriminatorie.;L'episodio non sviluppa un impegno critico esplicito contro il razzismo, né analizza le cause sistemiche della discriminazione. Non c'è dibattito sociale sul tema, né vengono proposte soluzioni concrete per l'equità. Le voci marginalizzate non sono centrali e autorevoli, e il razzismo non è affrontato come problema strutturale, ma solo come sfondo.
MEDICINA GENERALE;02;12;Medicina generaleS02E12;06/01/2010;5;+1;L'episodio presenta due situazioni potenzialmente rilevanti per la scala: il trattamento di Mikulas, il 'barbone' slovacco, e la gestione di Vittorio, paziente HIV positivo. Mikulas viene chiamato 'barbone' ripetutamente, con alcuni commenti che sfiorano lo stereotipo ('che puzza, che è, un tarantolato?'), ma la narrazione non indulge in disprezzo o violenza verbale, e i personaggi principali si preoccupano sinceramente per la sua salute, lo cercano attivamente quando scompare, e si impegnano per salvarlo. Non c'è distanza critica esplicita sugli stereotipi, ma il tono generale è di cura e inclusione, non di esclusione. Il background etnico di Mikulas viene menzionato solo per ragioni pratiche (documenti, lingua), senza ironia o pregiudizio. La questione HIV viene affrontata con rispetto e attenzione, senza stigmatizzazione verso orientamento sessuale, etnia o status sociale: si sottolinea che il paziente non è né gay né tossicodipendente, ma il tono è informativo, non giudicante. Nel complesso, l'episodio mostra consapevolezza dei rischi di marginalizzazione, attribuendo i commenti più problematici a personaggi secondari o di passaggio, mentre i protagonisti si comportano in modo rispettoso e attento. Non c'è impegno critico esplicito (+2), né analisi strutturale (+3), ma la narrazione evita la normalizzazione del pregiudizio e mostra una consapevolezza di base.;Non assegno -1 o -2 perché la narrazione non riduce Mikulas o Vittorio a semplici stereotipi, né normalizza il pregiudizio: la loro condizione è trattata con empatia e attenzione, e i protagonisti si impegnano attivamente per aiutarli. I commenti problematici sono sporadici e non dominanti.;"Non assegno +2 o +3 perché l'episodio non affronta il razzismo come problema sociale, né mette in discussione le strutture di potere o offre una critica sistemica. Non c'è dibattito esplicito sui temi razziali o sulle cause della marginalizzazione; la consapevolezza rimane a livello personale e relazionale."
MEDICINA GENERALE;02;12;Medicina generaleS02E12;06/01/2010;6;N/A;Nell'episodio non sono presenti riferimenti espliciti o impliciti a razza, etnia, migranti, rom, o italiani di seconda generazione. L'unico personaggio straniero rilevante è Mikulas, identificato come slovacco, ma la sua condizione di senzatetto è trattata esclusivamente in termini sanitari e sociali, senza alcun accenno a stereotipi etnici o razziali. Le interazioni con lui sono neutrali o compassionevoli, e non emergono battute, commenti o dinamiche che rimandino a questioni di razzismo o discriminazione etnica.;Non ci sono elementi di discriminazione, stereotipi o pregiudizi etnici/razziali. L'episodio non normalizza né minimizza il pregiudizio, semplicemente non lo affronta.;"Non vengono affrontati temi di razzismo, inclusione o discriminazione; quindi non è possibile attribuire un punteggio positivo. L'assenza totale del tema rende il punteggio N/A."
MEDICINA GENERALE;02;12;Medicina generaleS02E12;06/01/2010;7;N/A;Nell'episodio non ci sono riferimenti espliciti o impliciti a razza, etnia, migranti, rom o italiani di seconda generazione. L'unico personaggio straniero identificato è Mikulas, un senzatetto slovacco, ma la sua nazionalità viene menzionata solo per chiarimenti amministrativi e non è oggetto di stereotipi, discriminazione o discussione razziale. La narrazione si concentra esclusivamente su temi sanitari, relazionali e personali, senza mai toccare questioni razziali o etniche.;Non ci sono elementi discriminatori, stereotipi etnici o battute a sfondo razziale che giustificherebbero un punteggio negativo.;Non vengono affrontati temi di razzismo, inclusione, né tantomeno discussioni critiche o trasformative sulle questioni razziali, quindi non è possibile assegnare un punteggio positivo.
MEDICINA GENERALE;02;12;Medicina generaleS02E12;06/01/2010;8;+1;L'episodio presenta due casi marginali: Mikulas, il 'barbone' slovacco, e Vittorio, giovane sieropositivo. Mikulas è chiamato 'barbone' ripetutamente, ma la narrazione non indulge in stereotipi etnici: il suo essere slovacco viene menzionato solo come dato anagrafico, senza caricare il personaggio di tratti negativi legati all'origine. La sua condizione di marginalità sociale è trattata con una certa empatia: i protagonisti si preoccupano per la sua salute, lo cercano quando sparisce, e si indignano per il video violento girato dai ragazzi. Tuttavia, non c'è una riflessione strutturale sulle cause della sua esclusione, né una critica esplicita al razzismo o alla xenofobia. I commenti problematici ('un bel sedativo per il barbone', 'che puzza', 'lo mando via in qualsiasi lingua') sono attribuiti a personaggi secondari, e non sono mai sostenuti dai protagonisti, che anzi mostrano disagio e si impegnano per il suo benessere. Non emergono stereotipi etnici forti, né battute razziste normalizzate. L'episodio mostra consapevolezza della marginalità, ma non la tematizza come problema sociale, né offre una critica strutturale. Il contesto italiano è rispettato: la questione razziale si intreccia con la povertà e la salute, ma resta sullo sfondo.;Non ci sono stereotipi etnici ripetuti né battute razziste normalizzate. I personaggi positivi non sostengono pregiudizi, e la narrazione non convalida né normalizza la discriminazione. La marginalità di Mikulas è trattata con empatia, non con ironia o superficialità.;Non si arriva a un impegno critico: il razzismo e la marginalizzazione non vengono affrontati come problema sociale, né c'è una critica alle strutture di potere. Le voci marginalizzate non sono centrali, e manca una riflessione sulle cause sistemiche. L'episodio si limita al riconoscimento consapevole, senza proporre soluzioni o analisi trasformative.
MEDICINA GENERALE;02;12;Medicina generaleS02E12;06/01/2010;9;+1;L'episodio presenta la figura di Mikulas, un senzatetto slovacco, trattato con una certa dignità e umanità, soprattutto dalla caposala Olga, che si preoccupa sinceramente per la sua salute e la sua scomparsa. Sebbene alcuni personaggi usino termini come 'barbone' e battute poco rispettose ('un bel sedativo per il barbone?', 'che puzza'), questi commenti sono contestualizzati come parte di un ambiente ospedaliero stressante e non vengono mai premiati o sostenuti dalla narrazione. Olga e altri personaggi positivi si impegnano attivamente per il benessere di Mikulas, mostrando empatia e attenzione. Non ci sono stereotipi etnici marcati né battute razziste a carico del personaggio slovacco, e la sua nazionalità viene trattata come dato anagrafico, non come motivo di discriminazione. L'episodio mostra consapevolezza dei pregiudizi (alcuni personaggi sono più distaccati o ironici, altri più empatici) e la posizione dominante è di rispetto e inclusione, anche se non si arriva a una critica strutturale del razzismo.;Non assegno un punteggio più basso perché la narrazione non normalizza né sostiene il pregiudizio: i commenti problematici sono minoritari, non sono attribuiti ai personaggi positivi e non hanno conseguenze positive. Mikulas è trattato come paziente meritevole di attenzione, e la sua condizione di straniero non è oggetto di scherno o esclusione.;Non assegno +2 o +3 perché l'episodio non affronta il razzismo come problema sociale né propone una critica alle strutture di potere. Non c'è dibattito esplicito sul tema, né vengono esplorate le cause sistemiche della marginalizzazione. La voce di Mikulas non è centrale né autorevole, e la sua storia non diventa occasione di riflessione collettiva sulla discriminazione.
MEDICINA GENERALE;02;12;Medicina generaleS02E12;06/01/2010;10;N/A;Nell'episodio non ci sono riferimenti espliciti o impliciti a razza o etnia come oggetto di discriminazione, pregiudizio o stereotipi. L'unico personaggio straniero identificato è Mikulas, il 'barbone' slovacco, ma la sua nazionalità viene menzionata solo per chiarire la provenienza e non è oggetto di battute, pregiudizi o discriminazioni. Il trattamento che riceve è legato alla sua condizione sociale (senza fissa dimora) e sanitaria, non alla sua etnia. Non emergono altri personaggi o situazioni che coinvolgano questioni razziali o etniche rilevanti nel contesto italiano.;Non sono presenti elementi di discriminazione razziale, stereotipi etnici o normalizzazione del pregiudizio: l'episodio non tratta il tema razziale.;Non si può assegnare un punteggio positivo perché il tema del razzismo non viene affrontato né in modo critico né trasformativo, semplicemente è assente.
MEDICINA GENERALE;02;11;Medicina generaleS02E11;06/01/2010;1;0;L'episodio non presenta alcun riferimento diretto a razza, etnia, migranti, rom, o italiani di seconda generazione. L'unico passaggio che si avvicina al tema è la discussione sullo screening per microcitemia tra bambini immigrati clandestini, che viene trattato in modo neutro e tecnico, senza giudizi, stereotipi, né contestazioni. Non emergono né pregiudizi né consapevolezza critica, né tantomeno analisi strutturali o impegno sociale. L'intera narrazione ruota attorno a dinamiche familiari, relazioni sentimentali e problematiche mediche, senza alcun posizionamento sul razzismo.;Non ci sono stereotipi, battute, normalizzazione o minimizzazione di pregiudizi razziali. Nessun personaggio esprime idee discriminatorie, né vengono presentati come normali o accettabili.;Non si affronta il tema del razzismo in nessuna forma, né come consapevolezza, né come impegno critico, né come analisi strutturale. L'unico riferimento agli immigrati è tecnico e privo di qualunque posizionamento ideologico.
MEDICINA GENERALE;02;11;Medicina generaleS02E11;06/01/2010;2;N/A;Nell'episodio analizzato, non emergono riferimenti espliciti o impliciti a razza, etnia o questioni di razzismo. I personaggi e le situazioni ruotano attorno a dinamiche familiari, relazioni lavorative e problemi di salute, senza mai toccare tematiche legate alla discriminazione razziale, ai migranti, ai rom o agli italiani di seconda generazione. L'unico accenno alla diversità è di tipo medico (screening su microcitemici tra figli di immigrati), ma viene trattato come questione sanitaria e non sociale o identitaria.;Non ci sono elementi che suggeriscano stereotipi, battute o atteggiamenti discriminatori, quindi non è possibile assegnare un punteggio negativo.;Non si può assegnare un punteggio positivo perché il tema del razzismo non viene affrontato né riconosciuto, né tantomeno analizzato in modo critico o trasformativo.
MEDICINA GENERALE;02;11;Medicina generaleS02E11;06/01/2010;3;N/A;L'episodio, sulla base dei sottotitoli forniti, non presenta alcun riferimento esplicito o implicito a razza, etnia, migranti, rom, italiani di seconda generazione o questioni razziali. Tutti i dialoghi e le dinamiche ruotano intorno a questioni familiari, mediche, relazionali e lavorative, senza alcun accenno a diversità etnica o razziale.;Non ci sono elementi discriminatori o stereotipi etnici, quindi non è applicabile un punteggio negativo.;Non ci sono nemmeno elementi di riconoscimento, impegno o analisi critica sul tema del razzismo, quindi non è applicabile un punteggio positivo.
MEDICINA GENERALE;02;11;Medicina generaleS02E11;06/01/2010;4;N/A;Nell'episodio, non sono presenti riferimenti espliciti o impliciti a razza, etnia, migranti, rom o italiani di seconda generazione. I personaggi e le situazioni ruotano attorno a dinamiche familiari, lavorative e sanitarie, senza alcun accenno a questioni razziali o stereotipi etnici. L'unico accenno a gruppi sociali diversi riguarda bambini figli di immigrati in un progetto di screening medico, ma viene trattato in modo puramente tecnico e non narrativo.;Non ci sono elementi discriminatori, né normalizzazione di stereotipi, né minimizzazione o ironia sugli stessi. L'assenza totale di riferimenti rende impossibile assegnare un punteggio negativo.;Non ci sono nemmeno elementi di riconoscimento, impegno critico o analisi strutturale della discriminazione, perché il tema non viene affrontato in alcun modo. L'episodio è semplicemente neutro rispetto alla questione razziale.
MEDICINA GENERALE;02;11;Medicina generaleS02E11;06/01/2010;5;N/A;L'episodio, sulla base dei sottotitoli forniti, non presenta alcun riferimento diretto o indiretto a razza, etnia, migranti, rom o italiani di seconda generazione. Tutte le interazioni tra i personaggi ruotano intorno a dinamiche familiari, relazioni sentimentali, malattie e questioni lavorative in ambito ospedaliero. L'unico accenno a 'immigrati clandestini' è in un contesto puramente medico (screening microcitemia) e non viene sviluppato né caricato di alcun significato sociale, pregiudiziale o valoriale. Non ci sono battute, stereotipi, né personaggi identificabili come appartenenti a minoranze etniche o razziali.;Non sono presenti elementi discriminatori, stereotipi o normalizzazione del pregiudizio: il tema razziale è del tutto assente.;Non ci sono elementi di riconoscimento, consapevolezza o critica del razzismo, né tantomeno un inquadramento trasformativo: la questione razziale non viene mai toccata.
MEDICINA GENERALE;02;11;Medicina generaleS02E11;06/01/2010;6;N/A;Nell'episodio non ci sono riferimenti espliciti o impliciti a razza, etnia, migranti, rom, italiani di seconda generazione o tematiche legate al razzismo. L'unico passaggio potenzialmente rilevante è la discussione sullo screening per microcitemia tra bambini immigrati, ma viene trattato esclusivamente come questione medica e non sociale o identitaria. Nessun personaggio viene caratterizzato in base all'etnia, né vengono espressi stereotipi, pregiudizi o battute a tema razziale.;Non ci sono elementi discriminatori, stereotipi o normalizzazione del pregiudizio razziale: l'assenza totale di riferimenti etnici rende impossibile assegnare punteggi negativi.;Non ci sono analisi, consapevolezza, impegno critico o inquadramento trasformativo rispetto al razzismo, semplicemente perché il tema non viene affrontato.
MEDICINA GENERALE;02;11;Medicina generaleS02E11;06/01/2010;7;N/A;L'episodio, basato sui sottotitoli forniti, non presenta alcun riferimento esplicito o implicito a razza, etnia, migranti, rom o italiani di seconda generazione. Tutte le interazioni e i conflitti ruotano attorno a dinamiche familiari, relazioni sentimentali, salute, lavoro e questioni personali, senza mai toccare temi di diversità etnica o razziale.;Non sono presenti elementi discriminatori, stereotipi etnici o battute a sfondo razziale che giustificherebbero un punteggio negativo.;Non ci sono nemmeno elementi di riconoscimento, consapevolezza o impegno rispetto al tema del razzismo o della diversità etnica, quindi non è possibile assegnare un punteggio positivo.
MEDICINA GENERALE;02;11;Medicina generaleS02E11;06/01/2010;8;N/A;L'episodio, sulla base dei sottotitoli forniti, non presenta alcun riferimento diretto o indiretto a razza, etnia, migranti, rom, italiani di seconda generazione, né a questioni di discriminazione razziale. I dialoghi ruotano attorno a dinamiche familiari, relazioni di coppia, problemi di salute, lavoro e rapporti interpersonali tra personale medico e pazienti. L'unico passaggio potenzialmente collegato a diversità è la menzione di uno screening per microcitemia su 'figli di immigrati clandestini', ma viene trattato esclusivamente come questione sanitaria, senza alcun commento, stereotipo o giudizio sociale.;Non è possibile assegnare un punteggio negativo, perché non sono presenti elementi di discriminazione, stereotipi o normalizzazione del pregiudizio razziale.;Non è possibile assegnare un punteggio positivo, perché non esistono scene che affrontino il razzismo, né in modo critico né trasformativo. La questione razziale è completamente assente.
MEDICINA GENERALE;02;11;Medicina generaleS02E11;06/01/2010;9;N/A;L'episodio non presenta alcun riferimento diretto o indiretto a razza, etnia, migrazione, rom, italiani di seconda generazione o tematiche connesse al razzismo. Tutti i dialoghi e le situazioni ruotano attorno a dinamiche familiari, relazioni sentimentali, malattie, lavoro ospedaliero e rapporti interpersonali, senza mai introdurre personaggi, battute, stereotipi o conflitti che abbiano a che fare con la diversità etnica o con la discriminazione razziale.;Non si può assegnare un punteggio negativo perché non ci sono elementi di discriminazione, stereotipi o normalizzazione del pregiudizio razziale: il tema è completamente assente.;Non si può assegnare un punteggio positivo perché non viene affrontato alcun tema legato al razzismo, né in modo critico né trasformativo: la questione non è presente.
MEDICINA GENERALE;02;11;Medicina generaleS02E11;06/01/2010;10;N/A;Nell'episodio, non sono presenti riferimenti espliciti o impliciti a razza, etnia, migranti, rom o italiani di seconda generazione. Tutti i personaggi e le dinamiche ruotano intorno a questioni familiari, mediche e relazionali senza alcun accenno a tematiche razziali o etniche.;Non ci sono elementi di discriminazione, stereotipi o pregiudizi razziali da valutare. L'assenza totale di riferimenti rende impossibile assegnare un punteggio negativo.;Non ci sono nemmeno elementi di riconoscimento, consapevolezza o critica del razzismo, semplicemente perché il tema non viene affrontato in alcun modo. L'episodio è neutro rispetto alla questione razziale.
LEA UN NUOVO GIORNO;01;05;Lea Un Nuovo giornoS01E05;22/02/2022;1;0;L'episodio presenta una rappresentazione della diversità etnica (ad esempio Kolya, il ragazzo russo, e un breve scambio su una ragazza 'esotica' durante la festa), ma la questione razziale non è centrale né affrontata in modo strutturale. L'unico momento in cui emergono stereotipi o pregiudizi è la battuta di Enrica ('Non pensavo ti piacesse l'esotico. Dove l'hai pescata? In qualche centro di accoglienza?'), che viene immediatamente contestata dalla protagonista Michela, che si dissocia e si allontana. Tuttavia, la narrazione non approfondisce il tema né lo usa come spunto di riflessione sociale: la scena resta isolata, non ha conseguenze né viene discussa ulteriormente. Gli altri personaggi di diversa origine sono integrati senza stereotipi evidenti, ma non sono al centro della narrazione e la loro presenza non è usata per esplorare la questione razziale. Nel complesso, il posizionamento dominante è di ambiguità: c'è sia un segnale problematico (la battuta razzista) che uno positivo (la dissociazione immediata), senza che nessuno dei due prevalga in modo netto. Non ci sono altri segnali forti né in senso negativo né positivo.;Non assegno un punteggio più basso perché la battuta razzista viene immediatamente contestata dalla protagonista, che si dissocia e si allontana, mostrando disagio. Non c'è normalizzazione né sostegno attivo alla discriminazione: il tono generale non è complice verso il pregiudizio.;Non assegno un punteggio più alto perché il tema razziale non viene affrontato in modo consapevole, critico o strutturale. La narrazione non offre una riflessione, né approfondisce le cause o le conseguenze del razzismo, né dà voce alle persone marginalizzate. La scena resta un episodio isolato e non c'è un messaggio chiaro di impegno sociale.
LEA UN NUOVO GIORNO;01;05;Lea Un Nuovo giornoS01E05;22/02/2022;2;N/A;L'episodio, basato sui sottotitoli forniti, non presenta alcun riferimento diretto o indiretto a razza, etnia, migranti, rom, italiani di seconda generazione o altre questioni razziali. I dialoghi e le situazioni ruotano esclusivamente intorno a dinamiche familiari, relazioni sentimentali, problemi di salute, gestione ospedaliera e rapporti interpersonali. Non emergono stereotipi, battute, personaggi o situazioni che rimandino a tematiche di razzismo o discriminazione etnica.;Non ci sono elementi di discriminazione, stereotipi o pregiudizi razziali da valutare: il punteggio -3, -2 o -1 non si applica.;Non ci sono neppure elementi di riconoscimento, impegno critico o analisi strutturale del razzismo: il punteggio +1, +2 o +3 non si applica.
LEA UN NUOVO GIORNO;01;05;Lea Un Nuovo giornoS01E05;22/02/2022;3;N/A;Nell'episodio non sono presenti riferimenti espliciti o impliciti a razza, etnia, migrazione, rom, italiani di seconda generazione o altri temi collegati al razzismo nel contesto italiano. Tutti i personaggi e le dinamiche ruotano attorno a questioni familiari, sentimentali e sanitarie, senza alcun accenno a diversità etnica o razziale, né in positivo né in negativo.;Non ci sono elementi discriminatori, stereotipi o battute a sfondo razziale/etnico che possano giustificare un punteggio negativo.;Non ci sono nemmeno elementi di riconoscimento, critica o analisi del razzismo che possano giustificare un punteggio positivo.
LEA UN NUOVO GIORNO;01;05;Lea Un Nuovo giornoS01E05;22/02/2022;4;0;L'episodio si svolge in un contesto ospedaliero italiano contemporaneo, con una trama centrata su adolescenti, famiglie e relazioni personali. La rappresentazione della diversità etnica è marginale: l'unico personaggio esplicitamente non italiano è Kolya, russo, che viene introdotto brevemente e senza stereotipi negativi. L'unico momento in cui emergono riferimenti razziali è durante la festa, quando Enrica fa una battuta a Michela ('Non pensavo ti piacesse l'esotico. Dove l'hai pescata? In qualche centro di accoglienza?'), che è chiaramente razzista. Tuttavia, la battuta viene subito contestata dalla protagonista ('Adesso te ne vai subito, immediatamente. Va bene? Tanto non capisce. Parli la nostra lingua?'), e Michela si allontana turbata. Il tono generale dell'episodio è di inclusione e rispetto, con personaggi che collaborano e si aiutano a vicenda, ma la questione razziale non è centrale né affrontata in modo strutturale. La battuta razzista è isolata, contestata dalla protagonista, ma non viene approfondita né discussa ulteriormente. Non ci sono stereotipi etnici ripetuti, né personaggi definiti esclusivamente dalla loro etnia. La presenza di Kolya è neutra. Il posizionamento dominante è quello di una narrazione che non tematizza il razzismo, ma lo riconosce come problematico quando emerge, senza però sviluppare una critica o una riflessione consapevole.;Non assegno un punteggio più basso perché la battuta razzista è isolata, viene immediatamente contestata dalla protagonista, e non viene normalizzata né sostenuta dalla narrazione. Non ci sono altri segnali di discriminazione o stereotipi etnici. Nessun personaggio positivo esprime idee razziste senza conseguenze.;Non assegno un punteggio più alto perché il razzismo non è affrontato come problema sociale, né c'è una consapevolezza critica strutturale. La battuta razzista viene contestata, ma non genera dibattito né crescita dei personaggi. Le voci marginalizzate non sono centrali, e la questione razziale rimane marginale e non tematizzata.
LEA UN NUOVO GIORNO;01;05;Lea Un Nuovo giornoS01E05;22/02/2022;5;N/A;L'episodio, basato sui sottotitoli forniti, non presenta alcun riferimento esplicito o implicito a razza, etnia, migranti, rom, o italiani di seconda generazione. Tutti i dialoghi e le situazioni ruotano attorno a dinamiche familiari, relazioni sentimentali, problemi di salute e organizzazione di una festa in ospedale. L'unico personaggio identificato come 'russo' (Kolya) viene semplicemente presentato senza alcun commento stereotipato o discriminatorio, e non vi sono battute, allusioni o narrazioni che affrontino o rappresentino questioni razziali o etniche.;Non vi sono elementi che suggeriscano discriminazione, stereotipi o normalizzazione del pregiudizio. L'assenza totale di riferimenti razziali o etnici esclude l'applicazione di punteggi negativi.;Non ci sono nemmeno elementi di riconoscimento critico, impegno sociale o analisi strutturale sul razzismo, perché il tema non viene mai affrontato. L'episodio si mantiene completamente neutro rispetto alla questione razziale.
LEA UN NUOVO GIORNO;01;05;Lea Un Nuovo giornoS01E05;22/02/2022;6;N/A;Nell'episodio non sono presenti riferimenti a razza, etnia, migrazione o questioni razziali. Tutti i personaggi e le dinamiche ruotano attorno a temi familiari, relazionali e sanitari, senza alcuna menzione o rappresentazione di diversità etnica o di stereotipi correlati. Anche gli scambi tra personaggi non includono battute, allusioni o situazioni che possano essere interpretate in chiave razziale o discriminatoria.;Non ci sono elementi discriminatori, né normalizzazione di pregiudizi o minimizzazione di stereotipi: semplicemente il tema non è presente.;Non ci sono elementi di consapevolezza, impegno critico o analisi strutturale del razzismo, perché il tema non viene mai toccato.
LEA UN NUOVO GIORNO;01;05;Lea Un Nuovo giornoS01E05;22/02/2022;7;0;L'episodio non presenta una tematica razziale centrale e i personaggi di diversa origine (ad esempio Kolya, il ragazzo russo) sono trattati con normalità e rispetto, ma la loro etnia non viene mai problematizzata né stereotipata. L'unico momento in cui emergono riferimenti espliciti alla diversità è una battuta di Enrica ('Non pensavo ti piacesse l'esotico. Dove l'hai pescata? In qualche centro di accoglienza?'), che rappresenta un commento razzista. Tuttavia, questo commento viene immediatamente contestato dalla protagonista, che difende Michela e allontana Enrica. Il tono generale dell'episodio è inclusivo, ma la questione razziale è marginale e non viene né approfondita né usata come spunto di riflessione sociale. Non ci sono stereotipi né ironie problematiche, ma nemmeno una vera analisi o consapevolezza critica. Gli elementi positivi (contestazione immediata del commento razzista) sono bilanciati dal fatto che la questione non viene più ripresa né discussa, e il personaggio 'diverso' non è centrale nella narrazione.;Il commento razzista è isolato e viene immediatamente contestato dalla protagonista, senza essere normalizzato o minimizzato. Non ci sono stereotipi diffusi né personaggi positivi che sostengano idee discriminatorie.;Non c'è un impegno critico o una consapevolezza strutturale: la questione razziale non viene affrontata come problema sociale, né si sviluppa una riflessione o crescita dei personaggi su questo tema. La narrazione non mostra consapevolezza critica né attribuisce centralità alle voci marginalizzate.
LEA UN NUOVO GIORNO;01;05;Lea Un Nuovo giornoS01E05;22/02/2022;8;N/A;Nell'episodio non sono presenti riferimenti espliciti o impliciti a razza, etnia, migrazione, rom, o italiani di seconda generazione. Tutti i personaggi e le interazioni si concentrano su dinamiche familiari, relazioni sentimentali, problemi di salute e questioni lavorative, senza alcuna menzione o rappresentazione di diversità etnica o razziale. Anche i personaggi secondari (come Kolya, descritto come russo) sono trattati solo in relazione alla loro condizione clinica e non vi è alcun accenno a stereotipi, discriminazioni o pregiudizi legati all'origine.;Non ci sono elementi discriminatori, stereotipi o normalizzazione del pregiudizio, né battute o atteggiamenti problematici legati a razza o etnia.;Non ci sono nemmeno elementi di riconoscimento consapevole o impegno critico, perché la tematica razziale è completamente assente dall'episodio.
LEA UN NUOVO GIORNO;01;05;Lea Un Nuovo giornoS01E05;22/02/2022;9;N/A;L'episodio non presenta alcun riferimento esplicito o implicito a razza, etnia, migranti, rom, italiani di seconda generazione, né tematiche di discriminazione razziale. Tutti i personaggi sono trattati in modo neutro rispetto all'etnia, e le dinamiche narrative ruotano esclusivamente intorno a questioni familiari, mediche e relazionali. L'unico accenno potenzialmente ambiguo è la battuta 'Non pensavo ti piacesse l'esotico. Dove l'hai pescata? In qualche centro di accoglienza?', ma viene subito contestata e non ha peso dominante né viene reiterata.;Non ci sono stereotipi, battute razziste, né normalizzazione o minimizzazione di pregiudizi etnici. L'unica frase potenzialmente problematica viene immediatamente isolata, contestata e non ha alcun impatto sulla narrazione generale.;Non ci sono elementi di riconoscimento consapevole, impegno critico o analisi strutturale del razzismo, semplicemente perché il tema non è presente nell'episodio.
LEA UN NUOVO GIORNO;01;05;Lea Un Nuovo giornoS01E05;22/02/2022;10;N/A;Nell'episodio analizzato, non ci sono riferimenti espliciti o impliciti a razza, etnia, migrazione, rom, o italiani di seconda generazione. I personaggi sono presentati senza alcuna caratterizzazione etnica, e le dinamiche narrative ruotano esclusivamente intorno a temi familiari, relazionali e sanitari. L'unico accenno potenzialmente ambiguo ('Dove l'hai pescata? In qualche centro di accoglienza?') è chiaramente riferito a una questione di gelosia personale e non viene sviluppato né contestualizzato in chiave razziale o migratoria, né attribuito a personaggi marginalizzati.;Non ci sono elementi di discriminazione, stereotipi, o normalizzazione del pregiudizio razziale. L'episodio non presenta nessun personaggio di minoranza etnica né battute, commenti o situazioni che possano essere lette come razziste.;Non ci sono spunti di analisi, consapevolezza o critica sul tema del razzismo, né rappresentazione di voci marginalizzate o discussione sulle strutture di potere. Il tema razziale semplicemente non è presente.
L ALLIEVA;02;09;L allievaS02E09;22/11/2018;1;+2;L'episodio affronta il tema del razzismo e della marginalizzazione in modo esplicito e critico. La vittima, Matthew, è un giovane americano che aiuta attivamente i senzatetto e gli emarginati a Roma, venendo per questo preso di mira e ucciso da una banda che sfrutta i mendicanti. La narrazione mostra chiaramente la condanna morale della violenza e dell'intolleranza: i personaggi positivi sono sconvolti e indignati, la generosità di Matthew viene celebrata, e il suo gesto finale (l'aiuto per l'operazione di Zampetta) è presentato come un esempio da seguire. Si parla esplicitamente di 'intolleranza razziale' e viene organizzata una cena-evento contro il razzismo. Il razzismo e la discriminazione sono trattati come problemi sociali, con conseguenze negative per chi li perpetra e un messaggio chiaro di condanna. Tuttavia, l'episodio non arriva a una vera analisi strutturale delle cause sistemiche né dà voce centrale ai marginalizzati: la prospettiva rimane quella dei protagonisti italiani, e le soluzioni sono individuali e caritatevoli, non collettive o politiche.;Non è -1, -2 o -3 perché i comportamenti razzisti e discriminatori sono chiaramente condannati dalla narrazione e dai personaggi positivi. Non c'è normalizzazione né minimizzazione del pregiudizio, e la morale finale è inequivocabilmente contro il razzismo.;Non è +3 perché manca un'analisi strutturale del razzismo: non vengono esplorate le cause sistemiche, né le voci degli emarginati diventano centrali e autorevoli. L'episodio si ferma all'impegno critico e alla condanna morale, senza proporre soluzioni concrete o una critica alle strutture di potere.
L ALLIEVA;02;09;L allievaS02E09;22/11/2018;2;+2;L'episodio affronta il tema del razzismo e della marginalizzazione in modo esplicito e critico. La trama ruota attorno all'omicidio di uno studente americano che aiutava i senzatetto e i migranti, e viene ucciso proprio per il suo impegno verso gli emarginati. Viene mostrata la violenza dei 'giustizieri' contro chi aiuta i più deboli, e il razzismo sistemico è suggerito come causa del delitto. I personaggi positivi si indignano per l'ingiustizia, condannano apertamente la violenza e la discriminazione, e la narrazione mostra empatia verso le vittime. C'è una riflessione esplicita sull'intolleranza razziale e sulla necessità di combatterla, culminando in una cena/evento contro l'intolleranza. Le voci marginalizzate (senzatetto, migranti) sono ascoltate e rispettate, anche se non sono centrali quanto i protagonisti. Il razzismo non viene minimizzato né normalizzato, ma affrontato come problema sociale.;"Non ci sono elementi di normalizzazione o minimizzazione del razzismo; i comportamenti discriminatori sono condannati e hanno conseguenze negative. I personaggi positivi mostrano disagio e indignazione verso la violenza e la discriminazione. Non ci sono stereotipi presentati come divertenti o normali.";L'episodio non raggiunge il livello +3 perché, pur affrontando il razzismo come problema sociale e mostrando le sue conseguenze, non offre una vera analisi strutturale delle cause sistemiche né soluzioni concrete per l'equità. Le voci marginalizzate sono presenti e rispettate, ma non sono centrali o autorevoli nella narrazione. La critica alle strutture di potere è implicita, ma non esplicitamente sviluppata.
L ALLIEVA;02;09;L allievaS02E09;22/11/2018;3;+2;L'episodio affronta esplicitamente il tema della marginalità e della violenza contro chi aiuta gli emarginati (senza tetto, migranti, poveri). Il personaggio di Matthew, americano generoso, viene ucciso per aver aiutato i senzatetto, e la narrazione lo celebra come 'buono come Gesù'. Il razzismo e l'intolleranza sociale vengono discussi apertamente: si parla di 'cena contro l'intolleranza razziale', si mostra empatia verso le vittime e si condanna chiaramente la violenza e la discriminazione. I personaggi positivi sono solidali e indignati per l'ingiustizia, e la storia mostra le conseguenze negative per i colpevoli. L'episodio si conclude con un gesto concreto di solidarietà (la madre di Matthew che paga l'operazione di un senzatetto), rafforzando il messaggio contro la discriminazione.;Non ci sono elementi di normalizzazione o minimizzazione del pregiudizio: i pochi personaggi negativi (gli sfruttatori, chi esprime intolleranza) sono chiaramente condannati e non hanno mai il punto di vista dominante. I protagonisti sono tutti schierati contro la discriminazione e la narrazione non lascia spazio ad ambiguità.;L'episodio non arriva a un'analisi strutturale delle cause sistemiche del razzismo in Italia, né dà voce centrale e autorevole a soggetti marginalizzati: i senzatetto sono rappresentati con dignità ma restano secondari rispetto ai protagonisti italiani. Manca una vera critica alle strutture di potere o una proposta di soluzioni sistemiche, elementi necessari per il +3.
L ALLIEVA;02;09;L allievaS02E09;22/11/2018;4;+2;L'episodio affronta il tema della discriminazione e della violenza contro i marginalizzati (senza tetto, migranti) in modo esplicito e critico. La narrazione segue la morte di uno studente americano che aiutava i senzatetto, mostrando come il suo impegno sociale abbia infastidito gli sfruttatori e portato alla sua uccisione. I personaggi principali esprimono chiaramente disagio e condanna verso la violenza e l'ingiustizia subita da Matthew, e la morale finale è che aiutare gli altri è giusto, anche se comporta rischi. Viene mostrata empatia verso le vittime e condanna verso i colpevoli, con conseguenze negative per chi perpetra la violenza. Il tema della discriminazione è trattato come problema sociale, con dibattito e crescita dei personaggi.;"Non ci sono normalizzazione o minimizzazione del pregiudizio; i comportamenti discriminatori sono esplicitamente condannati e i personaggi positivi mostrano disagio e impegno contro l'ingiustizia. La narrazione non sostiene né normalizza stereotipi razzisti.";Non si arriva a una vera analisi strutturale delle cause sistemiche del razzismo né vengono proposte soluzioni concrete per l'equità sociale. Le voci marginalizzate sono presenti ma non centrali o autorevoli per tutta la narrazione, e la critica alle strutture di potere rimane implicita, non esplicita.
L ALLIEVA;02;09;L allievaS02E09;22/11/2018;5;+2;L'episodio affronta esplicitamente il tema della violenza contro un giovane americano che aiuta persone emarginate (senza fissa dimora, migranti). La narrazione mostra chiaramente che la sua generosità è la causa della sua uccisione da parte di sfruttatori, e condanna esplicitamente la brutalità e l'indifferenza sociale. I personaggi positivi sono profondamente colpiti e indignati dall'ingiustizia, e la puntata si chiude con una riflessione sulla marginalizzazione e sulla necessità di aiutare chi è in difficoltà. Viene anche mostrato un gesto concreto di solidarietà (la madre di Matthew che paga le cure per un senzatetto). Il razzismo e la discriminazione non sono solo riconosciuti, ma trattati come problema sociale e morale, con una chiara presa di posizione contro l'intolleranza.;Non ci sono normalizzazione o minimizzazione di pregiudizi: gli unici personaggi che esprimono indifferenza o ostilità verso gli emarginati sono negativi o secondari, e le loro posizioni sono chiaramente condannate dalla narrazione. Nessuno stereotipo etnico viene riprodotto senza critica.;L'episodio non offre una vera analisi strutturale delle cause sistemiche del razzismo in Italia, né dà voce centrale e autonoma ai soggetti discriminati (i senzatetto e i migranti sono figure di contorno, non protagonisti della narrazione). Le soluzioni proposte sono individuali e caritatevoli, non strutturali o trasformative.
L ALLIEVA;02;09;L allievaS02E09;22/11/2018;6;+2;L'episodio affronta il tema della discriminazione e della marginalità sociale in modo esplicito e critico. La vittima, Matthew, è un giovane americano che aiuta i senzatetto a Roma e viene ucciso proprio per il suo impegno verso gli emarginati. La narrazione mostra chiaramente che il suo comportamento altruista è visto con fastidio dagli sfruttatori dei mendicanti, che lo puniscono con la violenza. I personaggi principali esprimono empatia e indignazione per la sua sorte e il finale sottolinea l'ingiustizia della sua morte e la necessità di valori come la solidarietà e l'antirazzismo. L'episodio include anche un evento 'contro l'intolleranza razziale' e una riflessione esplicita sull'importanza di impegnarsi per gli altri. La rappresentazione dei senzatetto e dei migranti è umanizzata e priva di stereotipi negativi: viene data voce a chi vive ai margini e si evidenziano le dinamiche di sfruttamento e violenza. Il razzismo e la discriminazione sono trattati come problemi sociali reali, con conseguenze drammatiche, e la narrazione invita il pubblico a schierarsi contro tali ingiustizie.;"Non ci sono elementi che normalizzano o minimizzano la discriminazione; al contrario, ogni forma di pregiudizio o sfruttamento viene esplicitamente condannata. I personaggi positivi sono schierati contro il razzismo e la marginalizzazione, e non ci sono battute o stereotipi acritici.";L'episodio non arriva a una vera analisi strutturale delle cause sistemiche del razzismo, né propone soluzioni concrete o dà centralità assoluta alle voci marginalizzate. Il focus resta sulla vicenda personale e sulla denuncia morale, senza approfondire in modo trasformativo le strutture di potere o le dinamiche istituzionali.
L ALLIEVA;02;09;L allievaS02E09;22/11/2018;7;+2;L'episodio affronta il tema della discriminazione e della marginalizzazione in modo esplicito e critico. La trama ruota attorno all'omicidio di Matthew, uno studente americano che aiutava attivamente i senzatetto e i migranti, e viene ucciso da chi sfrutta queste persone. La narrazione mostra chiaramente che il razzismo e la violenza contro i più deboli sono un problema sociale, condannando le azioni dei 'giustizieri' e degli sfruttatori. I personaggi principali esprimono disagio e condanna verso l'ingiustizia, e il messaggio finale è che la solidarietà e l'impegno contro l'intolleranza sono valori da perseguire. Viene anche mostrata la difficoltà di chi cerca di aiutare gli emarginati, e la narrazione non minimizza né normalizza la discriminazione, ma la presenta come ingiusta e dolorosa.;"Non è -1 o -2 perché la narrazione non si limita a una rappresentazione superficiale o alla normalizzazione del pregiudizio: il razzismo è esplicitamente condannato e i personaggi positivi agiscono contro di esso. Non è -3 perché non c'è alcun sostegno o convalida delle idee discriminatorie; anzi, i personaggi razzisti e violenti sono chiaramente negativi.";Non è +3 perché, pur affrontando il problema sociale e mostrando le conseguenze della discriminazione, l'episodio non offre una vera analisi strutturale delle cause sistemiche del razzismo né dà voce centrale e autorevole ai marginalizzati. Le soluzioni proposte sono individuali (aiuto concreto a una persona), non strutturali o collettive.
L ALLIEVA;02;09;L allievaS02E09;22/11/2018;8;+2;L'episodio affronta il tema del razzismo e della marginalizzazione in modo esplicito e critico. La trama ruota attorno all'omicidio di uno studente americano che aiutava i senzatetto e gli emarginati, e viene ucciso da chi sfrutta queste persone. Il razzismo e la discriminazione sociale sono presentati come problemi reali e gravi: la narrazione mostra le conseguenze negative di questi comportamenti (l'omicidio, la sofferenza degli emarginati), i personaggi positivi si indignano e condannano apertamente la violenza e l'ingiustizia, e c'è un dibattito esplicito sul valore dell'aiuto agli ultimi e sull'intolleranza razziale. L'episodio si conclude con una cena/evento contro l'intolleranza razziale e con la madre della vittima che paga le cure mediche a un senzatetto, sottolineando l'impegno concreto verso l'equità. Le voci marginalizzate (i senzatetto) sono ascoltate e rispettate, ma non sono centrali o totalmente autorevoli nella narrazione.;Non ci sono elementi di normalizzazione o minimizzazione del pregiudizio: i personaggi razzisti e violenti sono chiaramente negativi, le loro azioni sono condannate e punite, e il messaggio implicito è che il razzismo e la discriminazione sono sbagliati. Non ci sono stereotipi etnici riprodotti acriticamente né battute razziste normalizzate.;Non si arriva al livello +3 perché, pur mostrando impegno critico e soluzioni concrete (aiuto medico, evento contro il razzismo), l'episodio non offre un'analisi strutturale approfondita delle cause sistemiche del razzismo né mette le voci marginalizzate al centro della narrazione in modo autorevole e continuativo. La critica alle strutture di potere è presente ma non dominante.
L ALLIEVA;02;09;L allievaS02E09;22/11/2018;9;+2;L'episodio affronta il tema del razzismo e della marginalizzazione sociale in modo esplicito e critico. La trama ruota attorno all'omicidio di uno studente americano che aiutava i senzatetto e i marginalizzati, venendo per questo preso di mira da una 'ronda' che punisce chi aiuta gli emarginati. Il razzismo e la violenza contro i più deboli sono presentati come problemi sociali gravi, e i personaggi positivi (protagonisti, la madre della vittima, i senzatetto aiutati) mostrano empatia, condanna e solidarietà. L'episodio include un evento contro l'intolleranza razziale e si chiude con una riflessione esplicita sull'ingiustizia subita da Matthew perché aiutava gli emarginati. I personaggi negativi (le ronde, i criminali) sono chiaramente condannati e subiscono conseguenze. Il messaggio dominante è di critica al razzismo e all'indifferenza sociale, con una morale chiara: aiutare gli altri è giusto anche se comporta rischi.;Non assegno -1, -2 o -3 perché la narrazione non normalizza né minimizza il razzismo: lo condanna apertamente e mostra le conseguenze negative per chi discrimina o commette violenza. I personaggi positivi contestano attivamente i pregiudizi e la violenza, e il tono generale è di impegno critico.;Non assegno +3 perché, pur affrontando il tema in modo critico e mostrando le cause sociali della violenza, l'episodio non offre una vera analisi strutturale delle cause sistemiche del razzismo né propone soluzioni concrete per l'equità. Le voci marginalizzate sono presenti e rispettate, ma non sono centrali o autorevoli per tutta la narrazione.
L ALLIEVA;02;09;L allievaS02E09;22/11/2018;10;+2;L'episodio affronta esplicitamente il tema della violenza contro gli emarginati e il razzismo strutturale, mostrando come Matthew, uno studente americano, venga ucciso per aver aiutato i senzatetto e i migranti. La narrazione evidenzia le conseguenze negative del pregiudizio e della discriminazione: Matthew viene picchiato e ucciso da una banda che sfrutta i mendicanti, e la sua generosità viene riconosciuta e celebrata sia dai personaggi che dalla narrazione. I personaggi positivi mostrano disagio e condanna verso la violenza e l'intolleranza, e il finale sottolinea l'importanza dell'impegno contro il razzismo (cena/evento contro l'intolleranza razziale). Il razzismo è trattato come problema sociale, con dibattito esplicito e crescita dei personaggi, ma manca una vera analisi strutturale delle cause sistemiche e le voci marginalizzate non sono centrali quanto potrebbero.;"Non è -1 o -2 perché il pregiudizio non viene normalizzato né minimizzato: gli atti discriminatori sono condannati apertamente, i personaggi positivi si schierano contro la violenza razzista e la narrazione mostra le conseguenze negative dell'intolleranza. Non è -3 perché non c'è alcun sostegno attivo alla discriminazione; anzi, il messaggio è chiaramente antirazzista.";"Non è +3 perché, pur affrontando il razzismo come problema sociale e mostrando le conseguenze delle discriminazioni, manca una vera analisi strutturale delle cause del razzismo in Italia. Le voci marginalizzate (migranti, rom, senzatetto) sono presenti ma non centrali o autorevoli nella narrazione; la critica alle strutture di potere è implicita ma non esplicita, e non vengono proposte soluzioni concrete per l'equità."
CUORI;01;12;CuoriS01E12;16/11/2021;1;N/A;Nell'episodio non sono presenti riferimenti espliciti o impliciti a razza, etnia, migrazione, rom, o italiani di seconda generazione. I conflitti e le dinamiche tra i personaggi ruotano esclusivamente attorno a questioni professionali, familiari e sentimentali, senza alcun accenno a tematiche razziali o etniche. Anche i dialoghi e le battute non contengono stereotipi, allusioni o commenti riconducibili al razzismo o alla diversità etnica.;Non è stato assegnato un punteggio negativo perché non ci sono elementi discriminatori, stereotipi o normalizzazione di pregiudizi razziali.;Non è stato assegnato un punteggio positivo perché la questione razziale/etnica è completamente assente dall'episodio, quindi non ci sono né riconoscimento né impegno critico sul tema.
CUORI;01;12;CuoriS01E12;16/11/2021;2;N/A;L'episodio non contiene alcun riferimento esplicito o implicito a razza, etnia, migranti, rom, italiani di seconda generazione o tematiche razziali. I dialoghi e le dinamiche ruotano esclusivamente attorno a questioni professionali, relazionali e familiari tra medici e pazienti, senza alcun accenno a diversità etnica o stereotipi razziali.;Non ci sono elementi di discriminazione, stereotipi o pregiudizi razziali: la tematica razzismo è completamente assente.;Non ci sono neppure elementi di riconoscimento, critica o analisi del razzismo: la questione non viene affrontata in alcun modo.
CUORI;01;12;CuoriS01E12;16/11/2021;3;N/A;L'episodio, basato sui sottotitoli forniti, non presenta alcun riferimento diretto o indiretto a razza, etnia, migranti, rom, italiani di seconda generazione o questioni razziali. I dialoghi e le situazioni ruotano esclusivamente attorno a dinamiche professionali, relazioni personali, conflitti lavorativi e familiari, senza mai toccare temi di diversità etnica o razziale.;"Non ci sono elementi che suggeriscano discriminazione, stereotipi o pregiudizi razziali; nessun personaggio viene caratterizzato o trattato in base alla sua etnia.";"Non vengono affrontate né questioni di razzismo né di diversità; non c’è alcun riconoscimento, impegno critico o analisi trasformativa sul tema razziale."
CUORI;01;12;CuoriS01E12;16/11/2021;4;+1;L'episodio presenta una diversità etnica implicita (ad esempio il riferimento alle 'origini' di un personaggio, che viene affrontato con rispetto e incoraggiamento da parte di altri colleghi: 'Tu non vali meno di nessuno dei tuoi colleghi, nonostante tutto. – Nonostante cosa? Le mie origini, eh?'). Non ci sono battute o stereotipi razzisti, né personaggi di minoranze trattati in modo caricaturale o marginale. Quando emerge il tema delle origini, è trattato con consapevolezza e rispetto, senza minimizzazione o ironia. Non ci sono segnali di normalizzazione del pregiudizio, né di impegno critico strutturale: la questione razziale è accennata ma non centrale, e non viene analizzata in profondità. Il tono generale è positivo e inclusivo, ma non si arriva a un dibattito esplicito o a una critica sistemica.;Non ci sono stereotipi, battute o commenti razzisti normalizzati. L'unico riferimento alle origini è trattato con rispetto e non come motivo di esclusione o inferiorità. Nessun personaggio positivo sostiene idee discriminatorie.;"L'episodio non affronta il razzismo come problema sociale né propone una critica alle strutture di potere. Non c'è una narrazione trasformativa o un'analisi delle cause sistemiche; la questione delle origini rimane un accenno, non il fulcro della trama."
CUORI;01;12;CuoriS01E12;16/11/2021;5;N/A;L'episodio, basato sui sottotitoli forniti, non presenta alcun riferimento diretto o indiretto a razza, etnia, migranti, rom, italiani di seconda generazione o questioni razziali. Tutte le dinamiche ruotano intorno a rapporti professionali, familiari, sentimentali e medici, senza che la provenienza etnica o razziale dei personaggi venga mai evocata come elemento narrativo o di conflitto.;Non è possibile assegnare un punteggio negativo perché non ci sono elementi di discriminazione, stereotipi o pregiudizi razziali, né normalizzazione o minimizzazione di tali temi.;Non è possibile assegnare un punteggio positivo perché non viene mai affrontato il tema del razzismo, né in modo critico né trasformativo. La questione razziale è semplicemente assente.
CUORI;01;12;CuoriS01E12;16/11/2021;6;N/A;Nell'episodio non si riscontrano riferimenti espliciti o impliciti a razza, etnia, migrazione, rom, o italiani di seconda generazione. I conflitti e le dinamiche tra i personaggi ruotano esclusivamente attorno a questioni professionali, familiari, sentimentali e di potere all'interno dell'ospedale. Non vengono utilizzati stereotipi etnici, né ci sono battute, commenti o situazioni che riguardino la diversità razziale o la discriminazione.;Non ci sono elementi che possano essere interpretati come discriminazione razziale, stereotipi etnici o normalizzazione del pregiudizio. L'assenza totale di riferimenti alla razza o all'etnia rende impossibile assegnare un punteggio negativo.;Non ci sono situazioni in cui la diversità razziale viene affrontata, riconosciuta o problematizzata, né vengono proposte analisi critiche o soluzioni. L'episodio semplicemente non tratta il tema, quindi non è possibile assegnare un punteggio positivo.
CUORI;01;12;CuoriS01E12;16/11/2021;7;N/A;"Nell'episodio non ci sono riferimenti espliciti o impliciti a razza, etnia, migrazione o questioni razziali. Tutti i conflitti, le dinamiche di potere e le relazioni tra i personaggi ruotano attorno a questioni professionali, familiari, sentimentali o di salute. I personaggi non fanno mai commenti, battute o allusioni legate all'origine etnica o alla diversità culturale. Non emergono stereotipi, né positivi né negativi, relativi a minoranze o gruppi etnici. L'unico accenno a 'origini' è in chiave personale e non etnica (""nonostante tutto. Nonostante cosa? Le mie origini, eh?""), ma non viene sviluppato né collegato a dinamiche di razzismo o pregiudizio.";Non ci sono elementi discriminatori, né normalizzazione di stereotipi o battute a sfondo razziale.;Non ci sono nemmeno elementi di riconoscimento, impegno critico o analisi del razzismo, semplicemente il tema non è presente.
CUORI;01;12;CuoriS01E12;16/11/2021;8;N/A;Nell'episodio non ci sono riferimenti espliciti o impliciti a razza, etnia, migranti, rom o italiani di seconda generazione. Tutte le dinamiche e i conflitti ruotano attorno a questioni professionali, familiari, sentimentali e di potere all'interno dell'ospedale, senza mai toccare il tema della diversità etnica o razziale.;Non ci sono elementi discriminatori o stereotipi etnici, quindi non è possibile assegnare un punteggio negativo.;Non vengono affrontati temi di razzismo o diversità, quindi non è possibile assegnare un punteggio positivo.
CUORI;01;12;CuoriS01E12;16/11/2021;9;+1;L'episodio presenta una varietà di personaggi, alcuni dei quali fanno riferimento alle proprie 'origini' (es. 'nonostante tutto. Nonostante cosa? Le mie origini, eh?'), suggerendo una consapevolezza delle differenze sociali e forse etniche. Tuttavia, non ci sono battute o situazioni che normalizzano il razzismo, né stereotipi etnici espliciti o discriminazioni. I personaggi positivi mostrano rispetto e supporto reciproco, e quando emergono tensioni o riferimenti alle origini, sono trattati con delicatezza e dignità. Non si arriva a un impegno critico o a una discussione strutturale del razzismo, ma la narrazione evita stereotipi e mostra una consapevolezza rispettosa della diversità.;Non ci sono personaggi razzisti ritratti positivamente, né stereotipi dannosi o battute a sfondo etnico. I riferimenti alle origini sono trattati con rispetto e non come motivo di discriminazione. Non si normalizza il pregiudizio né si minimizza la diversità.;L'episodio non affronta il razzismo come problema sociale, né c'è una critica esplicita alle strutture di potere o una centralità delle voci marginalizzate. La consapevolezza è presente, ma non si sviluppa in un impegno critico (+2) o in un inquadramento trasformativo (+3).
CUORI;01;12;CuoriS01E12;16/11/2021;10;+1;L'episodio presenta una varietà di personaggi, alcuni dei quali fanno riferimento alle proprie 'origini' (es. 'nonostante tutto. Nonostante cosa? Le mie origini, eh?'), ma non ci sono battute o situazioni che esplicitamente riproducano stereotipi etnici o razziali. L'unico accenno al tema è trattato con rispetto e consapevolezza: il personaggio viene rassicurato sul suo valore professionale, senza che le sue origini siano motivo di discriminazione o ironia. Non si rilevano battute razziste, né normalizzazione di pregiudizi. Il contesto è quello di un ospedale, dove le questioni di razza sono marginali rispetto a quelle di carriera, merito e rapporti personali. L'unico momento in cui emerge la questione delle origini è gestito con sensibilità, senza minimizzazione né stereotipizzazione.;Non ci sono personaggi razzisti né battute o stereotipi etnici, e l'unico riferimento alle origini è trattato con rispetto. Non si rileva normalizzazione o minimizzazione del pregiudizio.;L'episodio non affronta il razzismo come problema sociale, né analizza cause sistemiche o offre una critica strutturale. La questione razziale è solo accennata e non centrale, quindi manca l'impegno critico (+2) o l'inquadramento trasformativo (+3).
NATI IERI;01;06;Nati ieriS01E06;03/01/2007;1;+1;L'episodio presenta diversi personaggi di origine straniera (Ruslana, Cesarea da Capoverde, il compagno di Cesarea) e affronta tematiche legate all'immigrazione, alla maternità e all'accesso alle cure. La narrazione mostra consapevolezza delle difficoltà degli immigrati (paura della polizia, perdita del lavoro, permesso di soggiorno), ma i personaggi positivi (medici, infermieri) si schierano chiaramente dalla parte dell'inclusione: spiegano i diritti sanitari anche alle persone senza permesso, rassicurano Cesarea che non verrà 'buttata via', aiutano attivamente la famiglia a ricongiungersi e si mostrano accoglienti. I personaggi stranieri sono trattati con rispetto e dignità, non ridotti a stereotipi, e la loro storia è integrata nella trama principale. Non c'è una critica strutturale al razzismo, né una riflessione profonda sulle cause sistemiche, ma c'è una chiara consapevolezza dei pregiudizi e un atteggiamento empatico e inclusivo da parte dei protagonisti.;Non ci sono battute razziste, stereotipi etnici offensivi né normalizzazione del pregiudizio. I personaggi stranieri non sono marginalizzati, né trattati come 'problema'. La narrazione non minimizza né ignora le difficoltà, ma le affronta con rispetto.;L'episodio non sviluppa un vero dibattito critico sul razzismo né analizza le cause sistemiche della discriminazione. Le voci marginalizzate sono presenti e rispettate, ma non centrali o autorevoli nel senso di +3. L'approccio è empatico e consapevole, ma non trasformativo o strutturalmente critico.
NATI IERI;01;06;Nati ieriS01E06;03/01/2007;2;+1;"L'episodio presenta diversi personaggi di origine straniera (Ruslana, Cesarea da Capoverde, il compagno di Cesarea), inseriti in ruoli dignitosi e con una certa complessità personale. Le difficoltà burocratiche e sociali vissute da Cesarea (paura della polizia, perdita del lavoro, permesso di soggiorno) vengono esplicitamente tematizzate, e i medici si impegnano per rassicurarla e garantirle diritti, mostrando consapevolezza delle problematiche dei migranti. Non ci sono battute o atteggiamenti razzisti da parte dei personaggi positivi; anzi, il personale sanitario spiega i diritti degli immigrati e si mostra solidale. Tuttavia, la narrazione non approfondisce le cause sistemiche del razzismo né offre una critica strutturale: le difficoltà sono trattate come ostacoli individuali e non come risultato di un sistema discriminatorio. Le voci marginalizzate vengono ascoltate, ma non sono centrali o autorevoli nel senso richiesto dal +3.";Non ci sono stereotipi etnici offensivi, né normalizzazione del pregiudizio. I personaggi stranieri non sono ridotti a cliché, e le loro difficoltà vengono affrontate con empatia. Il tono generale è rispettoso e consapevole, senza minimizzazione o ironia acritica.;L'episodio non sviluppa un vero impegno critico (+2) né una prospettiva trasformativa (+3): manca un dibattito esplicito sulle cause sociali del razzismo, e le soluzioni proposte sono individuali e burocratiche (STP, rassicurazioni personali), non strutturali. Le voci dei migranti sono presenti ma non centrali o autorevoli nella narrazione.
NATI IERI;01;06;Nati ieriS01E06;03/01/2007;3;+1;L'episodio presenta diversi personaggi di origine straniera (Ruslana, Cesarea da Capoverde, il compagno di Cesarea) e affronta esplicitamente la questione della maternità di una donna immigrata senza permesso di soggiorno. Il personale medico mostra empatia e fornisce informazioni sui diritti alla salute degli immigrati, contestando le paure di essere 'buttata via' e rassicurando la protagonista. Gli stereotipi sono presenti solo marginalmente (accenni sul lavoro, sulla famiglia lontana, sulla paura della polizia), ma vengono trattati con rispetto e consapevolezza, senza mai essere oggetto di ironia o scherno. I personaggi positivi (medici, infermieri) sono solidali e aiutano attivamente la protagonista straniera, mentre il compagno di Cesarea viene accolto con calore. Non c'è una vera analisi strutturale del razzismo, né dibattito esplicito sulle cause sociali, ma la narrazione mostra consapevolezza e rispetto per la diversità, senza scivolare in stereotipi dannosi.;Non ci sono personaggi razzisti ritratti positivamente, né stereotipi etnici normalizzati o battute discriminatorie. La paura della protagonista rispetto alla polizia e al lavoro viene contestata e rassicurata dai personaggi positivi, che si schierano chiaramente contro la discriminazione.;L'episodio non affronta il razzismo come problema sociale in modo esplicito, né propone una critica alle strutture di potere o soluzioni concrete per l'equità. Le voci marginalizzate sono presenti e rispettate, ma non centrali o autorevoli nel senso di una narrazione trasformativa. L'approccio è consapevole e rispettoso, ma non strutturalmente critico.
NATI IERI;01;06;Nati ieriS01E06;03/01/2007;4;+1;"L'episodio presenta diversi personaggi di origine straniera (Ruslana dall'Ucraina, Cesarea da Capoverde) coinvolti in situazioni centrali e trattati con dignità. Il tema del parto di una migrante senza permesso di soggiorno viene affrontato con empatia e informazione: i medici spiegano che anche una 'clandestina' ha diritto all'assistenza e a un permesso temporaneo, rassicurando la protagonista e contrastando le sue paure di essere 'buttata via'. Non ci sono battute o commenti razzisti, né stereotipi etnici negativi; i personaggi stranieri non sono ridotti a cliché, ma hanno ruoli attivi e vengono integrati nella narrazione. Tuttavia, la rappresentazione resta prevalentemente 'gentile' e informativa, senza una vera analisi strutturale delle cause del razzismo o un impegno esplicito nel denunciare le discriminazioni sistemiche.";Non ci sono stereotipi negativi, né battute razziste, né normalizzazione del pregiudizio. I personaggi migranti sono trattati con rispetto e umanità, e le loro difficoltà sono affrontate con empatia e soluzioni concrete. Nessun personaggio positivo sostiene idee discriminatorie.;L'episodio non compie un vero 'impegno critico' (+2): il razzismo non viene affrontato come problema sociale, né ci sono dibattiti espliciti o crescita dei personaggi rispetto ai pregiudizi. Manca una vera analisi delle cause sistemiche (+3), e le voci marginalizzate, pur presenti, non sono centrali né autorevoli nel senso trasformativo. La narrazione si limita a rassicurare e informare, senza proporre soluzioni concrete per l'equità.
NATI IERI;01;06;Nati ieriS01E06;03/01/2007;5;+1;L'episodio presenta diversi personaggi di origine straniera (Ruslana dall'Ucraina, Cesarea da Capoverde, il compagno di Cesarea) coinvolti in situazioni di vulnerabilità (parto, lavoro precario, paura della polizia). La narrazione mostra consapevolezza delle difficoltà degli immigrati: viene spiegato il diritto all'assistenza sanitaria anche per chi è senza permesso, e la paura di essere 'buttata via' viene rassicurata dai medici. I personaggi stranieri sono trattati con rispetto e umanità dai protagonisti, che si impegnano per la loro salute e dignità. Non ci sono battute o stereotipi etnici offensivi, né normalizzazione del pregiudizio. Tuttavia, la questione del razzismo viene affrontata solo in modo pragmatico e individuale (diritti sanitari, paura della polizia, lavoro), senza una critica strutturale o dibattito esplicito sulle cause sociali della discriminazione. Le voci marginalizzate sono presenti e ascoltate, ma non centrali o autorevoli nella narrazione.;Non ci sono personaggi razzisti ritratti positivamente, né stereotipi etnici dannosi o battute a sfondo razziale. I personaggi immigrati non sono ridotti a cliché e ricevono supporto e rispetto. La narrazione non normalizza il pregiudizio, anzi lo contesta implicitamente.;L'episodio non affronta il razzismo come problema sociale in modo esplicito, né mette al centro le voci marginalizzate in modo strutturale. Non c'è analisi delle cause sistemiche o critica alle strutture di potere, né soluzioni concrete per l'equità. Il tema razziale rimane sullo sfondo, affrontato solo nei suoi aspetti pratici e personali.
NATI IERI;01;06;Nati ieriS01E06;03/01/2007;6;+1;L'episodio si svolge in un ospedale pediatrico e presenta diversi personaggi di origine straniera (Ruslana dall'Ucraina, Cesarea da Capoverde, il compagno di Cesarea, ecc.), inseriti nel contesto lavorativo e sociale in modo dignitoso e umano. Il tema del razzismo e della discriminazione emerge soprattutto nella storia di Cesarea, immigrata clandestina, che teme di essere 'buttata via' dal paese e di perdere il figlio per via della sua condizione. Il personale medico la rassicura, spiegando i suoi diritti e mostrando empatia. Non ci sono battute o commenti razzisti attribuiti a personaggi positivi, e i personaggi stranieri sono trattati con rispetto, anche se la loro condizione di vulnerabilità viene evidenziata. Il tono generale è di accoglienza, solidarietà e consapevolezza delle difficoltà degli immigrati, ma non si arriva a una critica strutturale o a un dibattito esplicito sul razzismo. Gli stereotipi sono assenti o minimizzati, e la narrazione mostra una consapevolezza del tema senza essere didascalica.;Non ci sono personaggi razzisti presentati positivamente, né stereotipi etnici riprodotti senza distanza critica. La narrazione non normalizza il pregiudizio, anzi lo contesta e lo supera attraverso il comportamento dei personaggi principali. Gli immigrati sono rappresentati come persone complesse, con storie e sentimenti, non ridotti a cliché.;L'episodio non sviluppa una vera analisi strutturale del razzismo né propone soluzioni concrete per l'equità. Il razzismo è affrontato a livello personale e burocratico, ma non come problema sociale sistemico. Non c'è un dibattito esplicito sui temi razziali, né una crescita dei personaggi attraverso il superamento dei pregiudizi: la consapevolezza è presente, ma non si traduce in un impegno critico o trasformativo.
NATI IERI;01;06;Nati ieriS01E06;03/01/2007;7;+1;L’episodio presenta diversi personaggi di origine straniera (Ruslana da Kiev, Cesarea da Capoverde, il compagno di Cesarea) e affronta temi come la maternità di migranti, la precarietà lavorativa e la paura dell’espulsione. La narrazione mostra consapevolezza delle difficoltà degli immigrati: viene spiegato il diritto all’assistenza sanitaria anche per chi è senza permesso di soggiorno, e il personale medico si mostra empatico e protettivo verso Cesarea, rassicurandola e aiutandola a mantenere il bambino. I personaggi stranieri non sono ridotti a cliché, ma hanno ruoli attivi e dignitosi. Tuttavia, la questione razziale non è al centro dell’episodio, né viene analizzata in modo strutturale o approfondito: il razzismo è accennato come paura (la polizia, il capo che licenzia), ma non viene tematizzato né contestato esplicitamente. L’atteggiamento prevalente è di rispetto e inclusione, con alcune battute stereotipate (sul lavoro, la famiglia lontana) che però non sono mai ostili né normalizzate.;Non ci sono personaggi positivi che esprimono idee razziste, né stereotipi etnici trattati come normali o divertenti. Le difficoltà dei migranti sono trattate con empatia e non vengono minimizzate o ridicolizzate. I personaggi stranieri non sono marginalizzati né ridotti a semplici cliché.;L’episodio non offre un vero impegno critico o una riflessione strutturale sul razzismo: non c’è dibattito esplicito, né vengono esplorate le cause sistemiche della discriminazione. Le voci marginalizzate sono presenti e rispettate, ma non centrali o autorevoli nella narrazione. Il razzismo è affrontato solo indirettamente, senza soluzioni concrete o analisi profonda.
NATI IERI;01;06;Nati ieriS01E06;03/01/2007;8;+1;L'episodio presenta diversi personaggi stranieri (Ruslana, Cesarea, ecc.) in ruoli umani e complessi, con riferimenti espliciti alle difficoltà degli immigrati (paura della polizia, perdita del lavoro, permesso di soggiorno). La narrazione mostra empatia e rispetto: i medici rassicurano Cesarea che anche senza permesso di soggiorno ha diritto all'assistenza e a tenere il bambino. I personaggi italiani aiutano e proteggono le donne straniere, e i commenti problematici sono assenti o attribuiti a figure marginali (es. il datore di lavoro che la licenzia). Non ci sono stereotipi etnici offensivi né battute a sfondo razzista. Il tono generale è di accoglienza e inclusione, pur senza approfondire le cause strutturali della discriminazione.;Non ci sono scene che normalizzano o minimizzano il pregiudizio: le difficoltà delle donne straniere sono trattate con empatia, non con distacco o ironia. Nessun personaggio positivo esprime idee discriminatorie, e la narrazione non riproduce stereotipi etnici.;L'episodio non affronta il razzismo come problema sociale in modo esplicito (+2), né offre una critica strutturale o soluzioni concrete (+3). Le questioni razziali emergono come sfondo realistico, ma non sono oggetto di dibattito o analisi approfondita.
NATI IERI;01;06;Nati ieriS01E06;03/01/2007;9;+1;"L'episodio presenta personaggi migranti (Cesarea, Ruslana) e italiani di seconda generazione in ruoli dignitosi e complessi, non ridotti a semplici stereotipi. Le difficoltà burocratiche e sociali affrontate da Cesarea (paura della polizia, perdita del lavoro, permesso di soggiorno) sono trattate con empatia dai medici, che informano e rassicurano la protagonista sui suoi diritti. Non ci sono battute o commenti razzisti; i personaggi italiani mostrano rispetto e supporto, e la narrazione sottolinea il valore dell'inclusione (la famiglia che si riunisce, il diritto all'assistenza anche per chi è 'clandestino'). Tuttavia, il razzismo è solo accennato come ostacolo personale, non affrontato come problema sociale strutturale: manca una vera analisi critica o dibattito esplicito sulle cause e sulle conseguenze della discriminazione, e le voci marginalizzate non sono centrali nella narrazione.";"Non ci sono stereotipi etnici, battute razziste o normalizzazione del pregiudizio; i personaggi migranti sono trattati con rispetto e umanità, e la narrazione non minimizza né ridicolizza la loro condizione.";Il razzismo non è affrontato come problema sociale: non c'è una critica esplicita alle strutture di potere, né un impegno attivo dei personaggi nel combattere la discriminazione. Le questioni razziali sono trattate in modo individuale e pragmatico, senza approfondimento sistemico o centralità delle voci marginalizzate.
NATI IERI;01;06;Nati ieriS01E06;03/01/2007;10;+1;"L'episodio presenta diversi personaggi di origine straniera (una donna capoverdiana, una donna ucraina) inseriti nel contesto ospedaliero italiano, con ruoli attivi e dignitosi. Le difficoltà legate all'immigrazione (permesso di soggiorno, paura della polizia, perdita del lavoro) vengono menzionate esplicitamente e trattate con empatia dai personaggi principali, che forniscono informazioni corrette sui diritti delle donne straniere e rassicurano la protagonista. Non ci sono battute o atteggiamenti razzisti da parte dei personaggi positivi; le uniche forme di pregiudizio sono indirette (timore della protagonista di essere 'buttata via'), ma vengono sempre smentite o corrette. Il tono generale è di rispetto e inclusione, con una consapevolezza delle difficoltà vissute dagli immigrati. Tuttavia, il razzismo non viene affrontato come problema sociale strutturale, né c'è una critica esplicita alle cause sistemiche.";Non ci sono stereotipi etnici offensivi, né battute o atteggiamenti razzisti normalizzati. I personaggi stranieri non sono ridotti a cliché e ricevono rispetto e supporto. La narrazione non minimizza né normalizza il pregiudizio.;L'episodio non sviluppa un discorso critico sulle cause sistemiche del razzismo in Italia, né mette al centro le voci marginalizzate in modo trasformativo. Il razzismo è trattato come difficoltà individuale e burocratica, non come problema sociale collettivo da risolvere con soluzioni concrete.
MEDICINA GENERALE;01;05;Medicina generaleS01E05;18/03/2007;1;0;"L'episodio presenta una varietà di personaggi e situazioni, tra cui una ragazza coinvolta nel traffico di ovuli di droga, una paziente pakistana con esigenze culturali specifiche (come il rifiuto di essere toccata da uomini e il desiderio di indossare il hijab), e dialoghi che toccano la diversità e l'integrazione. Tuttavia, la rappresentazione della diversità etnica è perlopiù neutra: la ragazza trafficante non viene caratterizzata etnicamente, la paziente pakistana riceve rispetto per le sue esigenze ma anche qualche battuta stereotipata (sul hijab, sulle minoranze, sui cinesi nei ristoranti cinesi). Gli stereotipi sono presenti ma non dominanti, e vengono bilanciati da atteggiamenti rispettosi e da una volontà di aiutare. Non c'è un messaggio chiaramente discriminatorio né un impegno esplicito contro il razzismo; la narrazione si limita a gestire le differenze come parte della routine ospedaliera, senza approfondimenti né prese di posizione forti. Gli elementi problematici (battute, ironie, qualche fastidio verso le richieste culturali) sono controbilanciati da gesti di rispetto e cura.";Non ci sono personaggi o situazioni che convalidano attivamente idee razziste (-3), né una normalizzazione del pregiudizio (-2): le esigenze culturali vengono rispettate, e i commenti stereotipati non sono il fulcro della narrazione. Nessun personaggio positivo sostiene idee discriminatorie, e la diversità non è trattata solo come cliché.;"Non emerge una consapevolezza critica (+1) o un impegno esplicito (+2) contro il razzismo: le questioni etniche sono gestite con pragmatismo, senza dibattito o crescita personale sui temi della discriminazione. Non c'è analisi strutturale né centralità delle voci marginalizzate (+3); la narrazione non si propone di trasformare o criticare il sistema."
MEDICINA GENERALE;01;05;Medicina generaleS01E05;18/03/2007;2;0;L'episodio presenta una varietà di personaggi, tra cui una giovane donna pakistana e la sua famiglia, e una ragazza coinvolta nel traffico di ovuli di droga (probabilmente di origine rom o migrante, anche se non esplicitato). La narrazione mostra una certa attenzione alle difficoltà sociali e personali di questi personaggi, senza però approfondire le cause sistemiche della loro situazione. Gli stereotipi etnici sono presenti solo in modo marginale: ad esempio, si accenna al disagio della paziente pakistana nel farsi toccare da uomini, ma il personale medico reagisce con rispetto e cerca di trovare soluzioni. C'è una battuta sul fatto che le donne 'fanno il possibile per sembrare una minoranza', ma viene subito relativizzata. Non ci sono commenti apertamente razzisti né una normalizzazione del pregiudizio, ma nemmeno un vero impegno critico o una riflessione strutturale. La rappresentazione della diversità è dignitosa e rispettosa, ma non centrale né problematizzata. Il posizionamento dominante è di ambiguità: il tema razziale è presente ma non affrontato né in modo problematico né in modo trasformativo.;Non ci sono personaggi positivi che sostengono idee razziste, né stereotipi etnici ripetuti o normalizzati. Gli atteggiamenti verso la paziente pakistana sono rispettosi e si cerca di adattare le cure alle sue esigenze culturali. Non si rileva minimizzazione né normalizzazione del pregiudizio.;L'episodio non affronta il razzismo come problema sociale, né propone una critica alle strutture di potere o soluzioni concrete. Le voci marginalizzate non sono centrali e non viene esplorata la discriminazione in modo strutturale. La consapevolezza della diversità è presente, ma solo come elemento di contesto, senza impegno critico o trasformativo.
MEDICINA GENERALE;01;05;Medicina generaleS01E05;18/03/2007;3;0;L'episodio presenta una pluralità di situazioni e personaggi, tra cui una giovane 'pakistana' e la sua famiglia, una ragazza coinvolta in traffico di ovuli di droga, e un infermiere di origine indiana. Le questioni etniche emergono in modo episodico: la paziente pakistana rifiuta di essere toccata da uomini per motivi culturali, ma il personale sanitario cerca di rispettare la sua sensibilità senza giudizio o ironia. L'infermiere indiano viene citato come 'compaesano' senza connotazioni negative, e la sua origine è menzionata solo in modo neutro. Non ci sono battute, stereotipi o commenti razzisti né normalizzati né contestati. L'episodio si concentra su temi di salute, famiglia e relazioni, con le questioni etniche trattate come parte della complessità umana, senza una direzione dominante né problematica né progressista. Non si rileva né minimizzazione né impegno critico: la diversità è presente ma non tematizzata.;Non ci sono stereotipi, battute razziste, né normalizzazione del pregiudizio. I personaggi di origine straniera non vengono ridotti a cliché né trattati con distanza o ironia. Nessun personaggio positivo sostiene idee discriminatorie.;Non c'è un impegno esplicito nel criticare il razzismo, né una riflessione strutturale sulle cause della discriminazione. Le questioni etniche sono trattate con rispetto, ma non diventano mai centrali né oggetto di dibattito sociale o crescita dei personaggi.
MEDICINA GENERALE;01;05;Medicina generaleS01E05;18/03/2007;4;0;"L'episodio presenta due casi che toccano questioni di diversità etnica: una ragazza italiana coinvolta nel traffico di ovuli di droga (senza riferimenti etnici espliciti) e una paziente pakistana, accompagnata dalla figlia, che rifiuta di farsi visitare da uomini. La narrazione della storia pakistana è trattata con rispetto: la figlia è istruita, integrata e racconta le difficoltà culturali senza essere ridicolizzata; il personale medico cerca di venire incontro alle esigenze della paziente, mostrando empatia e cercando una dottoressa donna. Tuttavia, alcuni personaggi fanno battute stereotipate (sul fazzoletto in testa, sulle abitudini alimentari, sulla 'pakistana' che porta malattie), e c'è una generale distanza ironica ma non apertamente critica verso questi commenti. Nessun personaggio positivo contesta apertamente le battute o le microaggressioni, ma nemmeno le sostiene o le valorizza. Il tono generale oscilla tra rispetto professionale e normalizzazione di piccoli pregiudizi, senza una direzione morale chiara o una posizione dominante netta.";Non assegno un punteggio inferiore perché la narrazione non sostiene né normalizza attivamente il razzismo: i personaggi di origine straniera sono trattati con dignità, la loro voce è ascoltata e le loro esigenze sono prese sul serio dal personale medico. Le battute stereotipate non sono mai il fulcro della scena e non vengono presentate come verità o modello da seguire.;Non assegno un punteggio superiore perché manca una presa di posizione critica o un impegno esplicito contro il pregiudizio: i commenti problematici restano incontestati, e la narrazione non offre una riflessione profonda o una crescita dei personaggi rispetto alle questioni razziali. L'episodio si limita a gestire la diversità come dato di fatto, senza approfondire né criticare le dinamiche di potere o i preconcetti.
MEDICINA GENERALE;01;05;Medicina generaleS01E05;18/03/2007;5;0;L'episodio presenta diversi personaggi di origine straniera (una ragazza pakistana e la sua famiglia, una ragazza italiana coinvolta nel traffico di ovuli di droga, e un infermiere di origine indiana). Le interazioni con questi personaggi sono generalmente neutrali o professionali: la paziente pakistana viene trattata con rispetto, si cerca una dottoressa donna per rispettare le sue esigenze culturali, e la figlia spiega la difficoltà di vivere tra due culture. Tuttavia, emergono anche alcune battute stereotipate (es. 'Hai visto mai tu un cinese andare a mangiare al ristorante cinese?', 'Voi in India, ma che ne sapete di Pinocchio?') e una certa distanza ironica o paternalistica nei confronti delle differenze culturali. Nessun personaggio positivo esprime razzismo aperto o ostilità, ma le battute non vengono contestate. Allo stesso tempo, la narrazione non propone una critica esplicita al razzismo né un messaggio di inclusione forte: la diversità è presente, ma non tematizzata in modo approfondito né ridotta a puro stereotipo. Gli elementi problematici (battute, ironie) sono bilanciati da altri di rispetto e attenzione, senza che una direzione prevalga nettamente.;Non assegno un punteggio inferiore perché non c'è normalizzazione sistematica del pregiudizio né sostegno attivo alla discriminazione: i personaggi stranieri non sono ridicolizzati, non subiscono esclusione o violenza, e la loro presenza è trattata con una certa dignità. Le battute stereotipate sono sporadiche e non costituiscono il tono dominante.;Non assegno un punteggio superiore perché manca una consapevolezza critica esplicita: le battute e le ironie sugli stranieri non vengono mai problematizzate, e la narrazione non si impegna a tematizzare il razzismo come problema sociale. Non c'è un messaggio chiaro di inclusione, né i personaggi positivi si distinguono per una particolare sensibilità antirazzista.
MEDICINA GENERALE;01;05;Medicina generaleS01E05;18/03/2007;6;0;L'episodio presenta alcuni personaggi stranieri (una ragazza pakistana e la sua famiglia, una giovane italiana coinvolta nel traffico di ovuli) e vari riferimenti a differenze culturali (es. hijab, difficoltà linguistiche, esigenze religiose). Tuttavia, la narrazione non si concentra sul tema del razzismo: le interazioni tra italiani e stranieri sono generalmente neutrali o pragmatiche, senza stereotipi marcati né particolare empatia o approfondimento. Alcuni personaggi fanno battute o osservazioni che sfiorano lo stereotipo (es. 'voi in India che ne sapete di Pinocchio?', 'non hai mai visto un cinese mangiare al ristorante cinese?'), ma queste non vengono né sottolineate come problematiche né accolte con particolare calore. Al contempo, i personaggi stranieri non sono ridicolizzati né esclusi, e in alcuni casi viene mostrata una certa attenzione alle loro esigenze (es. richiesta di personale medico donna per la paziente musulmana). Tuttavia, la rappresentazione rimane superficiale: la diversità etnica è trattata come dato di fatto, senza particolare profondità, ironia consapevole o critica sociale. Non emergono né una normalizzazione esplicita del pregiudizio né un impegno critico. Gli elementi positivi e quelli problematici si bilanciano senza che emerga una direzione dominante.;Non assegno un punteggio inferiore perché non ci sono personaggi o situazioni che sostengano o normalizzino attivamente il razzismo. Gli stereotipi sono presenti solo in forma di battute isolate, senza che la narrazione li approvi o li usi per caratterizzare negativamente i personaggi stranieri. Nessuno subisce discriminazione aperta, e le esigenze culturali vengono rispettate almeno a livello pratico.;Non assegno un punteggio superiore perché manca qualsiasi forma di consapevolezza critica, ironia sugli stereotipi o impegno esplicito contro il razzismo. La presenza di personaggi stranieri non è accompagnata da una riflessione sul loro ruolo o da una valorizzazione della diversità. Le battute e le interazioni restano a un livello superficiale, senza che la narrazione prenda chiaramente posizione a favore dell'inclusione o contro i pregiudizi.
MEDICINA GENERALE;01;05;Medicina generaleS01E05;18/03/2007;7;0;"L'episodio presenta una varietà di personaggi e situazioni, tra cui migranti, una donna pakistana e una ragazza coinvolta nel traffico di ovuli di droga. La narrazione non fa mai riferimento diretto alla razza o all'etnia in modo stereotipato o discriminatorio; i personaggi stranieri sono trattati con rispetto, sia dai medici che dagli infermieri, e le loro problematiche sono affrontate con professionalità. Tuttavia, ci sono alcune battute e commenti che potrebbero essere letti come stereotipi (ad esempio sul cibo, sulle abitudini, sul velo/hijab), ma sono subito contestualizzati in un ambiente medico e non hanno una valenza negativa o denigratoria. Non emerge una posizione dominante né di critica né di normalizzazione del pregiudizio: la diversità è presente, ma non è né problematizzata né celebrata. I personaggi italiani e stranieri interagiscono su un piano di parità, ma non c'è un impegno esplicito né una riflessione strutturale sul razzismo.";Non ci sono personaggi razzisti ritratti positivamente, né stereotipi dannosi sostenuti dalla narrazione. Gli episodi di disagio (come la richiesta di personale femminile per una paziente musulmana) sono trattati come esigenze personali e non come occasione di scherno o giudizio. Non si normalizza il pregiudizio, né si minimizza la diversità.;Non c'è una consapevolezza critica esplicita né un impegno attivo contro il razzismo. La narrazione non affronta il tema come problema sociale, né offre analisi strutturali o soluzioni. La presenza di personaggi stranieri è trattata con normalità, ma senza riflessione o messaggi trasformativi.
MEDICINA GENERALE;01;05;Medicina generaleS01E05;18/03/2007;8;0;L'episodio presenta una pluralità di situazioni in cui la diversità etnica e culturale viene menzionata, in particolare con la paziente pakistana e la sua famiglia, e con brevi riferimenti ad altri personaggi (come Thomas, infermiere straniero). Tuttavia, la narrazione non si concentra mai sul tema del razzismo in modo diretto né lo affronta come problema sociale. Gli atteggiamenti dei personaggi oscillano tra rispetto professionale, qualche battuta stereotipata (ad esempio sul cibo, sul hijab, sulla difficoltà di comunicazione), e una generale neutralità. Non ci sono né contestazioni esplicite né approvazioni di pregiudizi: le differenze culturali vengono trattate come ostacoli pratici da gestire, non come oggetto di giudizio morale. Alcuni personaggi mostrano empatia (ad esempio nel rispetto della volontà della paziente di non essere toccata da uomini), altri fanno commenti ironici o paternalistici, ma senza una direzione dominante. Non emergono stereotipi forti né una critica consapevole, né una normalizzazione del pregiudizio. Il posizionamento complessivo è ambiguo: la diversità è presente, ma non tematizzata né problematizzata.;Non ci sono momenti in cui il razzismo viene sostenuto, normalizzato o minimizzato attivamente. I personaggi non esprimono pregiudizi razziali in modo incontestato, né la narrazione li presenta come normali o accettabili. Le battute e i piccoli stereotipi rimangono marginali e non costituiscono il messaggio dominante.;L'episodio non mostra consapevolezza critica, né impegno attivo contro il razzismo. Non c'è alcuna analisi delle cause sociali della discriminazione, né vengono date voci centrali a personaggi marginalizzati. La diversità è trattata come dato di fatto, non come valore o problema da affrontare.
MEDICINA GENERALE;01;05;Medicina generaleS01E05;18/03/2007;9;0;L'episodio presenta una pluralità di personaggi e situazioni, tra cui una ragazza coinvolta nel traffico di ovuli di droga, una paziente pakistana con difficoltà linguistiche e culturali, e alcune battute sugli stereotipi (ad esempio sul cibo cinese e sulle donne come 'minoranza'). Tuttavia, la narrazione non si concentra mai sulla questione razziale in modo strutturale né la affronta come problema sociale. Gli stereotipi sono presenti, ma non sono né il fulcro della narrazione né vengono sostenuti attivamente: sono trattati come battute di contesto, talvolta con un tono ironico, talvolta neutro. I personaggi di origine straniera (la paziente pakistana, l'interprete indiana) sono rappresentati in modo dignitoso, ma la loro diversità viene trattata come una difficoltà pratica (lingua, abitudini) più che come elemento di discriminazione. Non ci sono né contestazioni esplicite né sostegno attivo al pregiudizio, e la posizione dominante del testo è di ambiguità: la questione razziale rimane sullo sfondo, senza essere né problematizzata né normalizzata.;Non assegno un punteggio negativo perché non c'è né sostegno attivo alla discriminazione né normalizzazione del pregiudizio. Gli stereotipi sono presenti ma non sono mai il messaggio dominante, né sono attribuiti ai personaggi positivi come verità. Nessun personaggio subisce discriminazione aperta o viene ridotto a cliché etnici.;Non assegno un punteggio positivo perché l'episodio non mostra consapevolezza critica, né impegno esplicito contro il razzismo. Le questioni di diversità sono trattate come ostacoli tecnici o personali, non come tema sociale. Non c'è analisi delle cause né centralità delle voci marginalizzate.
MEDICINA GENERALE;01;05;Medicina generaleS01E05;18/03/2007;10;0;L'episodio presenta una varietà di personaggi e situazioni, tra cui migranti, una donna pakistana e una ragazza coinvolta nel traffico di ovuli di droga. La rappresentazione della diversità etnica è presente ma non centrale: la ragazza pakistana e la sua famiglia sono trattate con rispetto professionale, si accenna alle difficoltà di integrazione (es. la questione del hijab, la preferenza per personale femminile, la paura del giudizio familiare), ma non emergono né stereotipi forti né una critica strutturale al razzismo. Gli unici commenti sulle origini sono neutri o ironici, senza malizia o distanza critica. Non ci sono battute razziste, né personaggi che esprimano pregiudizi, né una narrazione che normalizzi discriminazione. Allo stesso tempo, la presenza di personaggi non italiani è funzionale alla trama medica e non viene approfondita in senso sociale o politico. Il tono generale è di rispetto, ma non di impegno critico o analisi strutturale. Non si percepisce una direzione dominante né verso la normalizzazione né verso la critica: la diversità è trattata come dato di fatto, con qualche accenno alle difficoltà, ma senza messaggi chiari o morali.;Non ci sono stereotipi etnici, battute razziste, né normalizzazione del pregiudizio. I personaggi di origine straniera non sono ridotti a cliché e vengono trattati con rispetto. Nessun personaggio positivo esprime idee discriminatorie.;"Non c'è un impegno critico esplicito contro il razzismo, né una narrazione che affronti il tema come problema sociale. La diversità non è tematizzata né analizzata; le voci marginalizzate non sono centrali, e non si propone alcuna soluzione o riflessione strutturale."
MEDICINA GENERALE;01;03;Medicina generaleS01E03;04/03/2007;1;+1;L'episodio presenta due situazioni rilevanti per la rappresentazione del razzismo: il trattamento di Amal, migrante srilankese, e le reazioni verso i genitori di Jasmine, testimoni di Geova (minoranza religiosa, non etnica, ma spesso oggetto di esclusione). Amal viene accolto in ospedale nonostante le proteste del generale, che esprime commenti xenofobi ('ha il permesso di soggiorno?', 'non si lava', 'ci ritroviamo tutti con la scabbia'). Tuttavia, il personale medico risponde con fermezza: 'Noi qui abbiamo il dovere di curare tutti. Non mi interessa da dove viene, non dovrebbe interessare neanche a lei.' Il generale viene messo in minoranza, il suo punto di vista non è mai presentato come giusto, e la narrazione lo mostra come intollerante e fuori luogo. Amal viene aiutato, si cerca di comunicare con lui, e alla fine viene trovato un centro di accoglienza. Non ci sono stereotipi etnici attribuiti ai personaggi migranti, né battute razziste normalizzate. Il tono generale è di rispetto e inclusione, anche se la questione non viene affrontata in modo strutturale o approfondito. La posizione dominante è di consapevolezza critica verso la discriminazione, ma senza un vero impegno trasformativo.;Il razzismo espresso dal generale è contestato apertamente dai personaggi positivi, che difendono il diritto di Amal a essere curato. Non ci sono stereotipi riprodotti acriticamente né normalizzazione del pregiudizio. Il punto di vista discriminatorio non viene mai presentato come accettabile.;L'episodio non esplora le cause sistemiche del razzismo né dà voce centrale e autorevole a personaggi marginalizzati. Non c'è una critica strutturale alle istituzioni né vengono proposte soluzioni concrete per l'equità. L'impegno critico è presente, ma non si arriva all'analisi trasformativa.
MEDICINA GENERALE;01;03;Medicina generaleS01E03;04/03/2007;2;+1;L'episodio presenta due casi rilevanti per la rappresentazione del razzismo: il paziente migrante (Amal, dallo Sri Lanka) e la famiglia rom/testimoni di Geova. Nel caso di Amal, il generale esprime commenti xenofobi ('non paga le tasse', 'non si lava', 'ci ritroviamo tutti con la scabbia'), ma questi vengono chiaramente contestati dai medici e dal personale sanitario, che ribadiscono il dovere di curare tutti senza discriminazioni. Il tono generale è di rispetto istituzionale verso la diversità, con i personaggi positivi che si oppongono alle idee discriminatorie. Tuttavia, non si va oltre la consapevolezza: il migrante resta una figura marginale, non protagonista, e la sua voce viene mediata dai sanitari. Non c'è una vera analisi delle cause sistemiche né una centralità delle voci marginalizzate, ma il razzismo viene riconosciuto e contestato, senza essere normalizzato.;Non assegno un punteggio più basso perché i commenti razzisti sono attribuiti a personaggi negativi (il generale), vengono contestati apertamente, e l'episodio mostra consapevolezza critica: la narrazione non normalizza né minimizza il pregiudizio, anzi lo espone come problema.;"Non assegno +2 o +3 perché l'episodio non affronta il razzismo come problema sociale in modo strutturale, né offre una critica alle cause sistemiche o soluzioni concrete. Il migrante non diventa protagonista né viene esplorata la sua prospettiva in profondità; la narrazione si limita a una consapevolezza istituzionale e a una contestazione dei pregiudizi, senza un vero impegno trasformativo."
MEDICINA GENERALE;01;03;Medicina generaleS01E03;04/03/2007;3;+1;L'episodio presenta due casi in cui la questione razziale o migratoria emerge: il paziente migrante (Amal) e la discussione sul diritto alle cure. Il generale esprime commenti esplicitamente discriminatori ('gli avete chiesto se ha il permesso di soggiorno?', 'è anche sporco, non sente che puzza?'), ma questi vengono chiaramente contestati sia dal personale medico che dal tono generale della narrazione. I medici ribadiscono che 'abbiamo il dovere di curare tutti' e che 'non mi interessa da dove viene, non dovrebbe interessare neanche a lei'. Il migrante viene trattato con rispetto e umanità, e la soluzione finale è positiva (viene accolto in un centro). Gli atteggiamenti razzisti sono attribuiti a un personaggio negativo (il generale), mentre i personaggi positivi mostrano rispetto e difendono l'inclusione. Non si arriva però a una riflessione strutturale o a un'analisi delle cause sistemiche del razzismo: il tema è affrontato in modo consapevole, ma non approfondito.;Non assegno un punteggio più basso perché i commenti razzisti sono esplicitamente contestati e la posizione dominante del testo è inclusiva e rispettosa. Il razzismo non viene normalizzato né minimizzato: è chiaramente presentato come sbagliato.;Non assegno +2 o +3 perché l'episodio non sviluppa un vero dibattito o percorso di crescita sui temi razziali, né offre una critica strutturale o soluzioni concrete. La questione viene risolta rapidamente e resta sul piano della consapevolezza individuale, senza approfondimenti sociali o sistemici.
MEDICINA GENERALE;01;03;Medicina generaleS01E03;04/03/2007;4;+1;L'episodio presenta due casi rilevanti per la rappresentazione del razzismo: il generale anziano che si rifiuta di condividere la stanza con un migrante (Amal) e fa commenti xenofobi, e la risposta dello staff medico che ribadisce il principio di uguaglianza nell'accesso alle cure. I personaggi positivi (medici e infermieri) contestano apertamente i pregiudizi del generale, spiegando che in ospedale tutti vengono curati senza distinzioni. Il tono generale è di rispetto verso la diversità: il migrante viene aiutato, non è ridicolizzato né ridotto a uno stereotipo, e la narrazione mostra empatia verso la sua condizione. Tuttavia, la questione viene affrontata soprattutto a livello individuale (il generale vs. il resto del personale), senza un'analisi strutturale o approfondita delle cause sistemiche della discriminazione. La presenza di Amal è dignitosa ma marginale, e la soluzione è affidata al buon senso dei singoli più che a una riflessione collettiva.;Non assegno un punteggio più basso perché i commenti razzisti sono attribuiti a un personaggio negativo (il generale), vengono contestati direttamente e la narrazione non li normalizza né li presenta come accettabili. Il personale sanitario si schiera chiaramente per l'inclusione e l'uguaglianza.;Non assegno +2 o +3 perché l'episodio non sviluppa un vero dibattito sociale sul razzismo né offre una critica strutturale alle disuguaglianze. Il tema è affrontato in modo episodico e risolto tramite il confronto personale, senza approfondire le cause o proporre soluzioni collettive. La voce del migrante resta marginale e non centrale nella narrazione.
MEDICINA GENERALE;01;03;Medicina generaleS01E03;04/03/2007;5;+1;L'episodio presenta due casi che toccano direttamente il tema del razzismo e della discriminazione: il paziente migrante (Amal) e la famiglia rom/migrante (Jasmine). Nel caso di Amal, il generale esprime apertamente pregiudizi razzisti (non paga le tasse, puzza, non vuole stare in stanza con lui), ma questi atteggiamenti sono chiaramente contestati sia dai medici che dagli infermieri, che ribadiscono il principio dell'uguaglianza nell'accesso alle cure e non fanno sconti al generale per il suo status. Il personale sanitario si mostra accogliente e rispettoso verso Amal, cercando di comunicare con lui e trovando una soluzione dignitosa. Nel caso della famiglia di Jasmine, non emergono stereotipi etnici o pregiudizi: la narrazione si concentra sul dilemma etico e religioso, non su questioni razziali. In entrambi i casi, i personaggi positivi mostrano rispetto e umanità, e i commenti discriminatori sono attribuiti a personaggi negativi o problematici e non rimangono incontestati. L'episodio mostra consapevolezza critica verso i pregiudizi, ma non si spinge verso un impegno esplicito o una critica strutturale del razzismo.;Non assegno un punteggio più basso perché i commenti razzisti sono esplicitamente contestati e la narrazione non li normalizza né li presenta come accettabili. Il punto di vista dominante è quello dell'accoglienza e dell'uguaglianza.;"Non assegno +2 perché il razzismo non è affrontato come problema sociale in modo esplicito e non c'è un dibattito approfondito sul tema; manca una crescita dei personaggi su questi temi o una critica alle strutture di potere. Non assegno +3 perché non c'è un'analisi strutturale della discriminazione né vengono proposte soluzioni concrete per l'equità."
MEDICINA GENERALE;01;03;Medicina generaleS01E03;04/03/2007;6;+1;L'episodio presenta la presenza di personaggi migranti e una situazione di pregiudizio esplicito (il generale che non vuole dividere la stanza con Amal, migrante dello Sri Lanka, e fa commenti razzisti e classisti). Tuttavia, il personale sanitario reagisce sempre con fermezza, ribadendo il principio che in ospedale si curano tutti senza distinzione. La narrazione non approfondisce le cause sistemiche del razzismo né dà voce centrale al migrante, che rimane una figura marginale e silenziosa. Il razzismo viene riconosciuto e contestato dai personaggi positivi, ma non c'è un vero dibattito, né una crescita profonda dei personaggi coinvolti. Il tono generale è di consapevolezza critica, ma non di impegno trasformativo.;Non assegno un punteggio più basso perché i commenti razzisti sono attribuiti a personaggi negativi (il generale), vengono contestati apertamente e non sono mai normalizzati o minimizzati. Il personale sanitario si oppone con chiarezza e non c'è alcuna complicità o ironia sugli stereotipi.;Non assegno un punteggio più alto perché la narrazione non centra la voce del migrante (Amal), che resta marginale e non approfondita. Non si esplorano le cause strutturali del razzismo, né si propongono soluzioni concrete. Manca una vera analisi critica o trasformativa, e il tema razziale rimane un elemento di contorno alla trama principale.
MEDICINA GENERALE;01;03;Medicina generaleS01E03;04/03/2007;7;+1;L'episodio presenta due casi legati alla diversità: una famiglia migrante (probabilmente rom o comunque nomade) e un paziente straniero (Amal, dallo Sri Lanka). Nel caso della famiglia, la narrazione si concentra sul dilemma etico della trasfusione per motivi religiosi (Testimoni di Geova), trattando i genitori con rispetto e mostrando empatia, pur mantenendo la priorità della salute della figlia. Nel caso di Amal, il generale esprime apertamente pregiudizi ('gli avete chiesto se ha il permesso di soggiorno?', 'puzza', 'qui ci ritroviamo tutti con la scabbia'), ma viene subito corretto e ridicolizzato dal personale medico, che ribadisce il dovere di curare tutti senza distinzioni. Il tono generale è di rispetto verso la diversità, i commenti razzisti sono attribuiti a personaggi negativi o caricaturali e vengono contestati o ridimensionati. Non c’è una vera analisi strutturale del razzismo, ma la posizione dominante è di consapevolezza e rispetto.;Non assegno un punteggio più basso perché i pregiudizi e i commenti razzisti sono sempre contestati o ridicolizzati, mai normalizzati o lasciati passare senza critica. Il personale sanitario afferma esplicitamente che tutti devono essere curati, indipendentemente dalla provenienza, e il razzismo del generale viene trattato come un problema suo, non della struttura o della narrazione.;"Non assegno un punteggio più alto perché l’episodio non affronta il razzismo come problema sociale strutturale (+2) né tantomeno ne fa una critica sistemica (+3). I temi razziali sono presenti come sfondo o occasione di dialogo, ma non sono centrali né analizzati in profondità; le voci marginalizzate non sono protagoniste e non si va oltre il riconoscimento consapevole e il rispetto di base."
MEDICINA GENERALE;01;03;Medicina generaleS01E03;04/03/2007;8;+1;L'episodio presenta due casi legati a razza/etnia/migrazione: 1) un paziente migrante (Amal, dallo Sri Lanka) accolto in ospedale, inizialmente trattato con diffidenza e commenti razzisti dal generale (es. 'gli avete chiesto se ha il permesso di soggiorno?', 'è anche sporco, non sente che puzza?'), ma la posizione dominante è quella dei medici/infermieri che affermano con chiarezza che tutti hanno diritto alle cure e che non si fanno distinzioni tra pazienti. Il generale viene contraddetto più volte e la narrazione non lo premia, anzi, è lui a dover cambiare atteggiamento. 2) La famiglia della ragazza Jasmine, che cambia spesso città e non ha medico di famiglia, viene rappresentata come marginalizzata ma non in modo stereotipato o etnicizzato (il focus è sulla fede religiosa, non sull'etnia). In entrambi i casi, i personaggi positivi (medici, infermieri) mostrano rispetto e inclusività, e i commenti discriminatori sono attribuiti a personaggi negativi o anziani, senza essere mai normalizzati. Non c'è un approfondimento strutturale (+2/+3), ma la consapevolezza e la distanza critica dagli stereotipi sono chiare.;Gli atteggiamenti razzisti sono esplicitamente contestati sia a livello di dialogo che di morale narrativa. Il personale sanitario ribadisce più volte che tutti i pazienti sono uguali e che l'origine o il permesso di soggiorno non sono rilevanti per il diritto alle cure. I commenti razzisti non sono mai lasciati passare come normali o divertenti.;Non si arriva a un impegno critico strutturato: il razzismo non è affrontato come problema sociale ampio, né vengono esplorate le cause sistemiche o date voci centrali ai marginalizzati. Amal resta una presenza muta e passiva, non c'è dibattito esplicito né crescita dei personaggi principali su questi temi. La narrazione si limita a mostrare inclusività e rispetto, senza approfondire oltre.
MEDICINA GENERALE;01;03;Medicina generaleS01E03;04/03/2007;9;+1;L'episodio presenta due situazioni in cui il tema del razzismo o della discriminazione etnica è esplicito: il caso del migrante Amal e il generale Guerrini. Il generale esprime commenti discriminatori ('non paga le tasse', 'non si lava', 'ci ritroviamo tutti con la scabbia'), ma questi sono chiaramente attribuiti a un personaggio negativo e vengono contestati dai medici e dal personale ('noi qui abbiamo il dovere di curare tutti', 'non mi interessa da dove viene, non dovrebbe interessare neanche lei'). La narrazione mostra consapevolezza critica: il personale sanitario difende il diritto universale alle cure, il migrante viene aiutato senza pregiudizi, e la sua storia viene risolta con empatia. Non ci sono stereotipi etnici riprodotti acriticamente e i personaggi positivi mostrano rispetto per la diversità. Tuttavia, la questione razziale non è centrale né viene analizzata in profondità, ma il posizionamento dominante è chiaramente antirazzista e consapevole.;Non assegno un punteggio più basso perché i commenti razzisti sono contestati apertamente e il personaggio che li esprime è messo in cattiva luce. Non c'è normalizzazione del pregiudizio né minimizzazione: la narrazione prende posizione chiara contro la discriminazione.;Non assegno +2 o +3 perché il razzismo non è affrontato come problema sociale strutturale, né c'è una critica alle cause sistemiche o una centralità delle voci marginalizzate. Il tema è presente ma rimane circoscritto a una sottotrama e non diventa oggetto di dibattito esplicito o trasformativo.
MEDICINA GENERALE;01;03;Medicina generaleS01E03;04/03/2007;10;+1;"L'episodio presenta due casi rilevanti per la rappresentazione del razzismo: il generale anziano che si rifiuta di condividere la stanza con un migrante (Amal), e la risposta dello staff medico che afferma con chiarezza il principio di uguaglianza nell'accesso alle cure. I commenti razzisti sono attribuiti a un personaggio negativo (il generale), mentre i personaggi positivi (medici e infermieri) contestano apertamente tali atteggiamenti, sottolineando che tutti i pazienti vengono trattati allo stesso modo. Non ci sono stereotipi etnici né battute normalizzanti; il migrante viene umanizzato e aiutato. Tuttavia, la questione viene affrontata in modo episodico e non si approfondiscono le cause sistemiche della discriminazione, né la voce del migrante diventa centrale nella narrazione.";Il razzismo viene esplicitamente contestato dai personaggi positivi e non è mai normalizzato o minimizzato. Il pregiudizio è chiaramente attribuito a un personaggio negativo e non viene lasciato senza risposta.;L'episodio non sviluppa un vero e proprio dibattito critico o trasformativo sul razzismo, né esplora le sue cause strutturali. La voce del migrante resta marginale e la narrazione non si concentra sulle sue prospettive o soluzioni concrete per l'equità.
L ALLIEVA;01;09;L allievaS01E09;24/10/2016;1;N/A;L'episodio, basato sui sottotitoli forniti, non presenta alcun riferimento esplicito o implicito a razza, etnia, discriminazione razziale o stereotipi etnici. I personaggi e le loro interazioni ruotano attorno a temi di relazioni personali, indagine su un omicidio, dinamiche familiari e professionali. L'unico accenno alla diversità culturale riguarda personaggi giapponesi (Yukino, Toshiro), ma le battute e le situazioni non vertono su questioni razziali, né vengono proposti stereotipi o pregiudizi etnici. Non emergono né segnali di razzismo né di consapevolezza critica o impegno antirazzista.;Non è possibile assegnare un punteggio negativo (-1, -2, -3) perché non ci sono elementi di discriminazione, stereotipi o normalizzazione del pregiudizio razziale.;"Non è possibile assegnare un punteggio positivo (+1, +2, +3) perché non ci sono né rappresentazioni consapevoli della diversità né analisi critica o trasformativa del razzismo; il tema non è presente."
L ALLIEVA;01;09;L allievaS01E09;24/10/2016;2;+1;L'episodio presenta personaggi di origine giapponese (Yukino, Toshiro) integrati nel gruppo di amici italiani senza che la loro etnia sia oggetto di discriminazione o stereotipi marcati. I pochi riferimenti alle origini giapponesi sono neutri o legati a differenze linguistiche (es. Toshiro non parla italiano), senza battute offensive o ridicolizzazioni. Non emergono situazioni di pregiudizio né battute razziste, e la presenza dei personaggi non italiani è trattata con normalità e rispetto. L'unico accenno a una 'stranezza' di Toshiro è legato al suo comportamento, non alla sua etnia. Il contesto generale è di accoglienza e rispetto, con una consapevolezza implicita della diversità, anche se non c'è un vero approfondimento critico delle tematiche razziali.;Non ci sono stereotipi etnici negativi, battute razziste o normalizzazione di pregiudizi. I personaggi non italiani non sono ridotti a cliché e nessun comportamento discriminatorio viene presentato come normale o accettabile.;L'episodio non affronta il razzismo come problema sociale, né propone una critica esplicita alle discriminazioni o una riflessione strutturale sulle cause del razzismo. La diversità è riconosciuta e trattata con rispetto, ma manca un impegno critico o trasformativo.
L ALLIEVA;01;09;L allievaS01E09;24/10/2016;3;+1;L'episodio presenta alcuni personaggi di origine giapponese (Yukino, Toshiro) che interagiscono con il gruppo di protagonisti italiani. La presenza di personaggi non italiani è trattata in modo generalmente normale e dignitoso: non sono ridotti a semplici stereotipi, hanno una loro vita, relazioni e agency. Alcune battute (es. sulle abitudini giapponesi, la lingua, il cibo) sono leggere e non particolarmente offensive, e quando emergono piccoli pregiudizi o incomprensioni, il tono è più ironico che discriminatorio. Non ci sono situazioni in cui il razzismo viene normalizzato o sostenuto, né stereotipi gravi o esclusione. La narrazione mostra consapevolezza del fatto che la diversità esiste e la integra senza farne un problema, ma senza nemmeno approfondire criticamente la questione.;"Non ci sono battute o atteggiamenti chiaramente razzisti o stereotipati che restano incontestati o che vengono normalizzati; i personaggi stranieri non sono oggetto di scherno né ridotti a cliché. Il tono generale è di accettazione e normalità, senza pregiudizi evidenti.";"L'episodio non affronta il razzismo come problema sociale né propone una critica strutturale o soluzioni; la presenza di personaggi non italiani è trattata con rispetto, ma non si va oltre a una consapevolezza di base. Non ci sono momenti di crescita o dibattito esplicito sui temi razziali, né voci marginalizzate poste al centro della narrazione."
L ALLIEVA;01;09;L allievaS01E09;24/10/2016;4;N/A;L'episodio, sulla base dei sottotitoli forniti, non presenta alcun riferimento esplicito o implicito a razza, etnia, migrazione, rom, italiani di seconda generazione, né stereotipi o battute legate a questi temi. I personaggi e le loro interazioni ruotano attorno a questioni personali, familiari, professionali e sentimentali, senza che la diversità etnica o razziale sia mai menzionata, problematizzata o rappresentata.;Non sono presenti elementi di discriminazione, stereotipi o normalizzazione di pregiudizi razziali, quindi non è possibile assegnare un punteggio negativo.;Non ci sono né riconoscimento consapevole, né impegno critico, né analisi strutturale della discriminazione razziale, perché il tema non viene mai toccato. L'episodio è semplicemente 'fuori scala' rispetto alla questione razziale.
L ALLIEVA;01;09;L allievaS01E09;24/10/2016;5;N/A;L'episodio, sulla base dei sottotitoli forniti, non presenta alcun riferimento diretto o indiretto a razza, etnia, migrazione, rom, italiani di seconda generazione o tematiche correlate. I personaggi citati (tra cui Toshiro e Yukino, presumibilmente di origine giapponese) sono inseriti nella narrazione senza alcuna discussione, stereotipo o commento legato alla loro provenienza etnica. Le interazioni sono focalizzate su dinamiche personali, familiari e professionali, senza alcun accenno a questioni razziali o pregiudizi.;Non ci sono elementi che suggeriscano discriminazione, stereotipi o normalizzazione del pregiudizio. Nessun personaggio viene trattato in modo negativo per motivi etnici, né vengono espresse idee razziste.;Non ci sono elementi di riconoscimento consapevole, impegno critico o analisi strutturale del razzismo, semplicemente perché il tema non è presente. L'assenza di riferimenti rende impossibile attribuire punteggi positivi o negativi.
L ALLIEVA;01;09;L allievaS01E09;24/10/2016;6;+1;"L'episodio presenta alcuni personaggi di origine giapponese (Yukino, Toshiro) inseriti nel gruppo di amici italiani, con interazioni che mostrano sia piccoli momenti di incomprensione culturale che una generale accettazione. Alcune battute sulla lingua e sulle abitudini (""Davvero? Non parli italiano?"", ""i giapponesi hanno un rapporto molto intimo"") sono presenti, ma non sono cariche di ostilità né vengono usate per ridicolizzare i personaggi. Non si riscontrano stereotipi forti o discriminazioni esplicite, e i personaggi non italiani sono trattati come individui con una loro storia e dignità. L'atteggiamento generale dei protagonisti è di rispetto, e i momenti di disagio sono più legati a dinamiche personali che a questioni etniche. Nel contesto italiano, la presenza di personaggi non italiani rappresentati in modo normale e rispettoso indica una consapevolezza, anche se non si arriva a una critica esplicita del razzismo.";Non ci sono stereotipi etnici forti, né battute razziste normalizzate o personaggi ridotti a cliché. I personaggi di origine giapponese sono integrati e trattati con rispetto, senza che la loro etnia sia usata come fonte di comicità o discriminazione.;L'episodio non affronta mai il razzismo come problema sociale, né mette in scena una critica esplicita agli stereotipi o alle strutture di potere. Non ci sono momenti di dibattito o crescita legati a questioni razziali, né voci marginalizzate che diventano centrali. La consapevolezza è presente ma non si traduce in un impegno critico o trasformativo.
L ALLIEVA;01;09;L allievaS01E09;24/10/2016;7;N/A;Nell'episodio non ci sono riferimenti espliciti o impliciti a razza, etnia, o questioni razziali nel contesto italiano. I personaggi di origine giapponese (Yukino, Toshiro) vengono menzionati e interagiscono, ma non sono oggetto di stereotipi, battute, discriminazioni, né la loro presenza è tematizzata in chiave razziale. Non emergono né pregiudizi né consapevolezza critica, né tantomeno analisi strutturali della discriminazione. Le interazioni sono focalizzate su relazioni personali, dinamiche familiari e professionali, senza alcun riferimento a razzismo o diversità etnica come tema narrativo.;Non vi sono elementi di discriminazione, stereotipi o normalizzazione del pregiudizio: nessun personaggio esprime idee razziste, né vengono presentati comportamenti o battute problematiche.;Non vi è alcun riferimento alla questione razziale, né in senso critico né trasformativo: la diversità etnica non è tematizzata, né affrontata come problema sociale o analizzata in chiave strutturale.
L ALLIEVA;01;09;L allievaS01E09;24/10/2016;8;+1;L'episodio include alcuni personaggi di origine giapponese (Yukino, Toshiro) e mostra interazioni tra loro e gli italiani senza evidenti discriminazioni o stereotipi marcati. Ci sono alcune battute sulla lingua e sulle abitudini (es. 'i giapponesi hanno un rapporto molto intimo'), ma queste sono trattate in modo leggero e non offensivo, e non costituiscono il fulcro della narrazione. I personaggi non italiani hanno ruoli attivi e sono integrati nel gruppo, con le loro storie e vulnerabilità. Non ci sono commenti razzisti gravi, né situazioni di esclusione o marginalizzazione. La narrazione mostra una certa consapevolezza delle differenze culturali senza ridurle a cliché, e i personaggi italiani principali si relazionano con rispetto, anche quando c'è incomprensione. Il tono generale è di normalità e accettazione della diversità, con qualche ironia consapevole sugli stereotipi.;Non ci sono stereotipi etnici pesanti, né battute razziste o situazioni di normalizzazione del pregiudizio. I personaggi non italiani non sono ridotti a cliché, e non si percepisce una minimizzazione o una superficialità nella loro rappresentazione.;L'episodio non affronta il razzismo come problema sociale, né propone una critica strutturale o una riflessione approfondita sulle dinamiche di discriminazione. La presenza di personaggi stranieri è trattata con rispetto, ma manca un impegno attivo o trasformativo sul tema.
L ALLIEVA;01;09;L allievaS01E09;24/10/2016;9;N/A;L'episodio, dai sottotitoli forniti, non presenta alcun riferimento diretto o indiretto a razza, etnia, migranti, rom, italiani di seconda generazione o questioni razziali. I personaggi stranieri (Toshiro, Yukino) sono giapponesi, ma la loro presenza non è mai associata a stereotipi razziali, discriminazione, battute o tensioni etniche. Le interazioni ruotano esclusivamente attorno a dinamiche personali, familiari, sentimentali e professionali. Non si rilevano né pregiudizi né consapevolezza critica né normalizzazione di stereotipi.;Non ci sono elementi di discriminazione, stereotipi o pregiudizi razziali che giustifichino un punteggio negativo.;Non ci sono elementi di consapevolezza, impegno critico o analisi strutturale del razzismo che giustifichino un punteggio positivo.
L ALLIEVA;01;09;L allievaS01E09;24/10/2016;10;N/A;"L'episodio, da quanto emerge dai sottotitoli, non presenta riferimenti diretti a razza, etnia, migranti, rom, italiani di seconda generazione, né a dinamiche di discriminazione razziale. I personaggi di origine straniera (ad esempio Yukino, Toshiro) sono presenti, ma non vengono mai trattati in modo problematico rispetto alla loro etnia; le interazioni ruotano attorno a relazioni personali, dinamiche familiari e questioni di lavoro. Non ci sono battute, stereotipi, né discussioni che riguardino razzismo o pregiudizi etnici.";Non vi sono elementi di discriminazione, stereotipi o normalizzazione del pregiudizio che possano giustificare un punteggio negativo.;Non vi sono nemmeno elementi di consapevolezza, critica o analisi del razzismo: semplicemente il tema non è presente nell'episodio.
