series,season,episode,episode_code,bool_response,explanation
CM,1,1,CMS01E01,No,
CM,1,2,CMS01E02,No,
CM,1,3,CMS01E03,No,
CM,1,4,CMS01E04,Yes,"There are explicit references to racism and racial prejudice in the subtitles. For example, Mrs. Kovach says to Dr. Choi, 'The Orientals make the best doctors. It's their math skills,' which is a clear racial stereotype and microaggression. Later, it's revealed that Mrs. Kovach is part African-American, and there is discussion about 'the bigotry.' These moments directly address racial prejudice and stereotypes, making the topic present in the episode."
CM,1,5,CMS01E05,No,
CM,1,6,CMS01E06,Yes,"The episode includes both explicit and implicit references to racism, racial discrimination, and prejudice. Explicitly, the storyline involving Maria Gonzalez and her brother Miguel, who are undocumented immigrants from Mexico, addresses systemic inequalities and discrimination. Maria is deported (repatriated) by the hospital due to her undocumented status and lack of insurance, despite being in critical condition. This reflects systemic discrimination against immigrants, particularly those from Latin America. Additionally, the involvement of Homeland Security and the way the siblings are treated as stowaways further highlights issues of racial and ethnic prejudice. While there are no racial slurs or overtly racist remarks, the narrative clearly depicts the challenges and prejudices faced by undocumented immigrants, which are rooted in racial and ethnic discrimination."
CM,1,7,CMS01E07,No,
CM,1,8,CMS01E08,No,
CM,1,9,CMS01E09,No,
CM,1,10,CMS01E10,No,
CM,1,11,CMS01E11,No,
CM,1,12,CMS01E12,No,
CM,1,13,CMS01E13,No,
CM,1,14,CMS01E14,No,
CM,1,15,CMS01E15,No,
CM,1,16,CMS01E16,No,
CM,1,17,CMS01E17,No,
CM,1,18,CMS01E18,No,
CM,2,1,CMS02E01,No,
CM,2,2,CMS02E02,No,
CM,2,3,CMS02E03,No,
CM,2,4,CMS02E04,Yes,"There is an implicit reference to racial prejudice when Mr. Hall, a patient, says to Dr. Choi, 'You're Chinese. I saw the Great Wall.' This comment reduces Dr. Choi to his ethnicity and makes an assumption based on his appearance, which is a form of racial microaggression and prejudice."
CM,2,5,CMS02E05,No,
CM,2,6,CMS02E06,No,
CM,2,7,CMS02E07,No,
CM,2,8,CMS02E08,No,
CM,2,9,CMS02E09,Yes,"There are explicit references to racism and racial prejudice in the subtitles. For example, the character Ricky Wade uses racial slurs such as 'towelhead' and makes derogatory comments about his opponent, Cyrus Hammad, referring to him as 'Arab' in a negative context. There are also implications of anti-Muslim sentiment ('the crowd, they cheered for blood. They wanted to see the Muslim boy get killed.') and a discussion about experiencing bias due to having a non-Western last name ('Not many families with the last name Choi where I grew up. Know the type all too well.'). These references indicate both explicit and implicit racism and racial prejudice."
CM,2,10,CMS02E10,No,
CM,2,11,CMS02E11,No,
CM,2,12,CMS02E12,No,
CM,2,13,CMS02E13,No,
CM,2,14,CMS02E14,No,
CM,2,15,CMS02E15,No,
CM,2,16,CMS02E16,No,
CM,2,17,CMS02E17,No,
CM,2,18,CMS02E18,No,
CM,2,19,CMS02E19,No,
CM,2,20,CMS02E20,No,
CM,2,21,CMS02E21,No,
CM,2,22,CMS02E22,No,
CM,2,23,CMS02E23,No,
CM,3,1,CMS03E01,Yes,"There are implicit references to systemic inequalities and the impact of violence in certain neighborhoods, which often correlate with racial and socioeconomic disparities. For example, the discussion about Mr. Jameson, who was shot and cannot safely return home because 'there's guys hanging around waiting to pop him again' in Garfield Park, and Maggie's comment, 'Treat 'em and street 'em is fine for people who live on your street. Not his,' suggest awareness of systemic issues that disproportionately affect marginalized communities, often along racial lines. Additionally, the conversation about lacking access to dental care due to financial hardship also hints at systemic inequalities that can be tied to race and ethnicity in many contexts."
CM,3,2,CMS03E02,No,
CM,3,3,CMS03E03,No,
CM,3,4,CMS03E04,No,
CM,3,5,CMS03E05,Yes,"The topic of racism, racial discrimination, or racial prejudice is implied and mentioned in several ways. Most explicitly, Abena and her aunt, who are immigrants from Ghana, express concern that they are not receiving the best medical care because of their immigrant status and lack of insurance, which points to perceived or experienced systemic discrimination. Additionally, the dialogue discusses the HIV/AIDS stigma Abena likely faced 'growing up in Africa,' referencing HIV-related stigma and discrimination. There is also a scene where a character is asked to put on a mask before touching her niece, and the aunt questions if this is because her niece is 'contagious,' which can be read as an implicit reference to how people with certain illnesses (often racialized or associated with particular groups) are treated. These elements together indicate the presence of racial prejudice and discrimination, both systemic and interpersonal."
CM,3,6,CMS03E06,Yes,"The episode includes a storyline about a woman from North Carolina who, as a teenager, was sterilized without her knowledge or consent as part of a court order, reflecting the real-life history of forced sterilizations that disproportionately targeted poor women and women of color, especially in the American South. The subtitles explicitly mention that, up until 1973 in North Carolina, women could be sterilized without their knowledge or consent, and the character's mother describes the judge 'who practically ran the county' making the decision. This is a clear reference to systemic racism and eugenics policies that were racially and socioeconomically motivated. The discussion about poverty and lack of access to healthcare further implies systemic inequalities. Therefore, both explicit and implicit references to racial discrimination and systemic prejudice are present."
CM,3,7,CMS03E07,No,
CM,3,8,CMS03E08,No,
CM,3,9,CMS03E09,No,
CM,3,10,CMS03E10,No,
CM,3,11,CMS03E11,No,
CM,3,12,CMS03E12,Yes,"There are implicit references to systemic inequalities and prejudice that often have racial or ethnic dimensions, even if not stated explicitly. For example, the storyline about the hospital allegedly prioritizing insured patients over indigent (uninsured) ones, and the ambulance driver saying 'Look around. The TV. The pizza? Everyone knows this room's just a ploy to get us to bring in paying customers.' This reflects systemic discrimination that, in the US context, disproportionately affects racial minorities. Additionally, the discussion around foster care and the challenges faced by homeless, underage, and pregnant girls alludes to broader systemic inequalities, which are often intertwined with racial and ethnic prejudice. While there are no explicit mentions of race or racial slurs, the presence of these systemic issues and their implications suggest that the topic is at least implied."
CM,3,13,CMS03E13,No,
CM,3,14,CMS03E14,No,
CM,3,15,CMS03E15,No,
CM,3,16,CMS03E16,No,
CM,3,17,CMS03E17,No,
CM,3,18,CMS03E18,No,
CM,3,19,CMS03E19,No,
CM,3,20,CMS03E20,No,
CM,4,1,CMS04E01,No,
CM,4,2,CMS04E02,No,
CM,4,3,CMS04E03,No,
CM,4,4,CMS04E04,Yes,"The episode contains multiple explicit and implicit references to racism, racial prejudice, and discrimination. Explicitly, a white patient seeking opioids complains about a Latino patient, using derogatory language ('some hombre that probably can't even speak the language', 'Mexican or whatever'), and claims he is receiving preferential treatment despite being an immigrant. Implicitly, the storyline involving undocumented immigrants (Linda and Manny) highlights systemic discrimination: Linda is denied access to life-saving medical care due to her immigration status, and Manny refuses to donate stem cells out of fear of deportation. Ultimately, Manny is arrested by ICE at the hospital, and the narrative discusses the fear and barriers immigrants face in accessing healthcare, which are rooted in systemic racial and ethnic prejudice."
CM,4,5,CMS04E05,No,
CM,4,6,CMS04E06,No,
CM,4,7,CMS04E07,No,
CM,4,8,CMS04E08,No,
CM,4,9,CMS04E09,No,
CM,4,10,CMS04E10,No,
CM,4,11,CMS04E11,No,
CM,4,12,CMS04E12,No,
CM,4,13,CMS04E13,No,
CM,4,14,CMS04E14,No,
CM,4,15,CMS04E15,Yes,"There are explicit references to racism and racial prejudice in the subtitles. The driver of the truck expresses white supremacist views, saying, 'They're trying to deny our heritage... All this mixing, they wanna eliminate us. 'Us'? The white race. But before cancer takes me, I'm taking some of them. Was hoping for 20, but the day's not over yet.' Additionally, a patient makes a racist comment to a Black nurse ('One of those bossy blacks, aren't you?'), and there is a discussion about organ donation where a character refuses to donate her daughter's organs because she can't ensure they won't go to 'some racist like the man who did this.' There are also references to the deeper impact of racism on the characters' decisions and experiences."
CM,4,16,CMS04E16,No,
CM,4,17,CMS04E17,No,
CM,4,18,CMS04E18,No,
CM,4,19,CMS04E19,No,
CM,4,20,CMS04E20,No,
CM,4,21,CMS04E21,No,
CM,4,22,CMS04E22,No,
CM,5,1,CMS05E01,No,
CM,5,2,CMS05E02,No,
CM,5,3,CMS05E03,No,
CM,5,4,CMS05E04,Yes,"There is an explicit reference to racism and racial prejudice in the scene where a conspiracy theory is spreading online, blaming the outbreak on 'MS-13 El Salvadoran plot to get revenge on America' and implicating 'Mama Garcia' because of her ethnicity and proximity to the outbreak. This is a clear example of racial scapegoating and prejudice being discussed or depicted in the episode."
CM,5,5,CMS05E05,No,
CM,5,6,CMS05E06,Yes,"There are implicit references to racial prejudice and systemic inequality. For example, Jacinta, a young woman, is attacked and refuses police help because she is 'illegal,' but it is later revealed she was born in Indiana and lied about her status to avoid police, suggesting fear of law enforcement due to racial profiling or immigration-related discrimination. The episode also depicts microaggressions and mistrust between patients and medical staff, which can be influenced by racial or ethnic biases, though not always stated explicitly. Additionally, the storyline involving gang initiation and foster care touches on systemic issues that disproportionately affect racial minorities. These elements imply the presence of racial prejudice and discrimination."
CM,5,7,CMS05E07,No,
CM,5,8,CMS05E08,No,
CM,5,9,CMS05E09,No,
CM,5,10,CMS05E10,No,
CM,5,11,CMS05E11,No,
CM,5,12,CMS05E12,No,
CM,5,13,CMS05E13,No,
CM,5,14,CMS05E14,No,
CM,5,15,CMS05E15,Yes,"There are implicit references to racial prejudice and systemic inequalities. For example, Siana Fredericks, a pregnant woman experiencing a sickle cell crisis, refuses care from anyone but her trusted OB, stating, 'I've had too many doctors accuse me of using my pain as an excuse to get high.' This reflects a well-documented pattern of racial bias in healthcare, particularly toward Black patients with sickle cell disease, who are often undertreated for pain due to prejudiced assumptions about drug-seeking behavior. Additionally, the episode features a Black male prisoner who is subjected to a botched execution and then receives medical care only to be returned for another execution, touching on themes of systemic injustice and the dehumanization of incarcerated individuals, which can be tied to racial disparities in the criminal justice system. While there are no explicit mentions of race or racism, these storylines strongly imply the presence of racial prejudice and systemic discrimination."
CM,5,16,CMS05E16,No,
CM,5,17,CMS05E17,No,
CM,5,18,CMS05E18,No,
CM,5,19,CMS05E19,No,
CM,5,20,CMS05E20,No,
CM,6,1,CMS06E01,Yes,"There are explicit and implicit references to racism and racial prejudice in the subtitles. For example, Mr. Lieu recounts an incident where a woman in a parking lot yelled at him and his daughter, 'You brought COVID here! It's your fault! Go back where you're from!'—a clear instance of anti-Asian racism and xenophobia. Additionally, April and Ethan discuss how many of their patients are dying at twice the rate due to discrimination, poverty, and terrible health care, referencing systemic racial inequalities and the disproportionate impact of COVID-19 on marginalized communities."
CM,6,2,CMS06E02,Yes,"The episode contains several explicit and implicit references to racism, racial discrimination, and systemic inequalities. The storyline involving Aisha Barnes, a Black pregnant woman incarcerated for a minor parole violation (a broken taillight), highlights issues of racial bias and the disproportionate impact of the criminal justice system on people of color. Her complaints of illness are ignored in jail, and she is shackled during medical care, reflecting systemic mistreatment. The dialogue between Dr. Manning and Dr. Douglas about the difference in treatment between themselves and Aisha ('We both assault an officer. She gets separated from her baby, I get a slap on the wrist. I wonder what the difference is.') directly points to racial disparities. The episode also references the challenges of compassionate release and the lack of compassion in the justice system, which disproportionately affects people of color. These elements collectively indicate the presence of racism and racial prejudice, both explicitly and implicitly."
CM,6,3,CMS06E03,No,
CM,6,4,CMS06E04,No,
CM,6,5,CMS06E05,Yes,"There are both explicit and implicit references to race and racial bias in the episode. Explicitly, April discusses how clinical trial exclusion criteria disproportionately affect black patients, stating that only 3% of participants are black despite black people being 30% more likely to die from heart failure, and that 'biases like this' are to blame. There is also a discussion about how black men often have higher serum creatinine, which can unfairly exclude them from trials. Additionally, Maggie reflects on the unique burdens of being a black woman, referencing the 'necessary armor' and expectations placed on her due to her race and gender. These moments directly address systemic inequalities and the lived experience of racial bias."
CM,6,6,CMS06E06,No,
CM,6,7,CMS06E07,No,
CM,6,8,CMS06E08,No,
CM,6,9,CMS06E09,No,
CM,6,10,CMS06E10,Yes,"There is an implicit reference to racism or racial prejudice when Crockett Marcel reveals his birth name is Darioush Jahanbani and that his parents changed his and his sister's names to make it easier for them in school. This suggests they anticipated or experienced discrimination or prejudice based on their ethnic-sounding names, which is a form of racial or ethnic bias. Additionally, the episode includes a character named Arash Mehti, who is depicted as an immigrant whose father 'gave up everything to come to America,' and there is tension around cultural expectations and assimilation, which can also imply experiences of racial or ethnic prejudice, even if not explicitly discussed."
CM,6,11,CMS06E11,No,
CM,6,12,CMS06E12,No,
CM,6,13,CMS06E13,Yes,"There are implicit references to systemic racial and socioeconomic inequalities. For example, Jake's mother is described as low-income, struggling to keep food on the table, and working an overnight custodial shift, leaving her children alone. The hospital executive, Ms. Goodwin, offers financial assistance and a day-shift custodial job to help her, which highlights systemic barriers often faced by people of color and marginalized communities. While race is not explicitly mentioned, the combination of low-income status, single motherhood, and custodial work are often associated with racialized systemic inequalities in the U.S. Additionally, the episode features characters with names and roles (e.g., Ms. Goodwin, Maggie, Vanessa) that may suggest racial diversity, and the narrative explores issues of access, support, and bias that are frequently linked to racial and socioeconomic discrimination."
CM,6,14,CMS06E14,No,
CM,6,15,CMS06E15,No,
CM,6,16,CMS06E16,Yes,"There is an explicit reference to racism and racial prejudice near the end of the subtitles. Ms. Goodwin says to Dr. Choi, 'when I saw you get shot this morning, I immediately thought, ""hate crime."" And I've since learned that wasn't the case.' This directly references the possibility of a racially motivated attack, indicating that the topic of racism and racial prejudice is both mentioned and considered within the episode. Additionally, there are implicit references to systemic bias and concerns about fairness in hiring and advancement (e.g., Vanessa not wanting anyone to know Maggie is her mother to avoid assumptions about favoritism), but the explicit mention of a potential hate crime is sufficient."
CM,7,1,CMS07E01,Yes,"There are explicit references to racial health disparities and systemic inequalities. For example, the dialogue about sickle cell disease notes that less than 50% of kids get screened, while kids with cystic fibrosis (a disease more common among white patients) get more comprehensive care. A character explicitly states, 'most CF patients are white,' highlighting racial disparities in healthcare. Additionally, there are implicit references to stereotypes and social issues, such as gang involvement and homelessness, which often intersect with race in the context of urban settings. These elements suggest the presence of racial prejudice and systemic racism."
CM,7,2,CMS07E02,No,
CM,7,3,CMS07E03,No,
CM,7,4,CMS07E04,Yes,"There are explicit references to racial bias and systemic racism in psychiatry. Dr. Charles states that African Americans, particularly males, are misdiagnosed with schizophrenia far more than whites, and are perceived as dangerous, leading to higher medication doses and inappropriate treatment. This is a direct discussion of racial prejudice and systemic inequality in healthcare. Additionally, the episode touches on issues of policing and mental health, with implications about the risks faced by Black individuals when police are called to mental health crises."
CM,7,5,CMS07E05,No,
CM,7,6,CMS07E06,No,
CM,7,7,CMS07E07,No,
CM,7,8,CMS07E08,No,
CM,7,9,CMS07E09,No,
CM,7,10,CMS07E10,No,
CM,7,11,CMS07E11,Yes,"There are implicit references to racial prejudice and potential systemic inequalities. For example, the scene with Dylan, Carmen, and Terrell involves a Black family, and Terrell expresses distrust toward Dylan, a former police officer, referencing a past arrest: 'Yeah, and you arrested me!... You watched them put them cuffs on me.' This exchange suggests a history of strained relationships between Black men and law enforcement, which is a common theme in discussions of racial bias and systemic racism. Additionally, the family's financial struggles and hesitation to seek medical care for their son ('money's tight') can be read as an implicit reference to socioeconomic and potentially racial disparities in healthcare access. While there are no explicit discussions of racism, the context and subtext imply its presence."
CM,7,12,CMS07E12,No,
CM,7,13,CMS07E13,No,
CM,7,14,CMS07E14,Yes,"There is an implicit reference to systemic inequalities related to race and education. In the subplot about Terrell, a Black male character, it is revealed that he likely has undiagnosed dyslexia, which went unnoticed due to lack of school funding and support. The dialogue ('our school? They didn't have the funding for that kind of thing') and the context (a Black man dropping out, feeling 'stupid,' and not receiving help) suggest systemic educational disparities that disproportionately affect communities of color. While racism is not explicitly mentioned, the depiction of structural barriers and their impact on a Black character's life implies racial inequality and the effects of systemic racism."
CM,7,15,CMS07E15,No,
CM,7,16,CMS07E16,No,
CM,7,17,CMS07E17,No,
CM,7,18,CMS07E18,No,
CM,7,19,CMS07E19,Yes,"The topic of racism is explicitly mentioned and discussed in the storyline involving Luis Pena and the protest against the relocation of a metal shredding facility from a white affluent neighborhood to a lower income (implied to be a community of color) neighborhood. The term 'environmental racism' is used directly, and the conversation centers on systemic inequalities and discrimination based on race and socioeconomic status."
CM,7,20,CMS07E20,No,
CM,7,21,CMS07E21,No,
CM,7,22,CMS07E22,No,
CM,8,1,CMS08E01,No,
CM,8,2,CMS08E02,No,
CM,8,3,CMS08E03,No,
CM,8,4,CMS08E04,No,
CM,8,5,CMS08E05,No,
CM,8,6,CMS08E06,No,
CM,8,7,CMS08E07,No,
CM,8,8,CMS08E08,Yes,"There are several implicit references to systemic inequalities and racial/ethnic prejudice throughout the episode. The storyline involving Gloria, who is likely undocumented, highlights fear of the police and lack of trust in the system due to her immigration status—issues often tied to racial and ethnic discrimination. Dr. Cuevas reveals she is a DACA recipient, discussing the precariousness of her status and the need to keep it secret, which reflects experiences of discrimination and marginalization faced by immigrants, many of whom are people of color. Additionally, the storyline about Buddy, the homeless patient, addresses systemic neglect and disparities in healthcare access, which often disproportionately affect racial and ethnic minorities. The episode also touches on the skepticism about whether the system will protect marginalized individuals equally. These elements together suggest the presence of racial prejudice and systemic discrimination, even if not always explicitly labeled as such."
CM,8,9,CMS08E09,No,
CM,8,10,CMS08E10,No,
CM,8,11,CMS08E11,Yes,"The episode contains explicit and implicit references to racism and racial prejudice. Aaron, a young Black man, is immediately suspected of a robbery based on a vague description ('male, Black, average height, medium build, hoodie'), which is acknowledged by the characters as being applicable to many people and leading to bias ('they've already made up their minds'). Aaron himself expresses distrust in the system, stating that people like him 'gonna get blamed for it' regardless of the truth, referencing systemic racial bias and the presumption of guilt for Black individuals. The episode also discusses the impact of systemic issues, such as the foster care system and criminal justice, on people of color. These elements indicate both explicit and implicit depictions of racial prejudice and systemic inequality."
CM,8,12,CMS08E12,Yes,"There is an implicit reference to racial prejudice in the interaction between Daniel and Liliana. When Daniel introduces Liliana as a singer to another character who recognizes her as 'housekeeping,' Liliana later questions Daniel about whether he did this so the man wouldn't just think she was a housekeeper. This exchange implies an awareness of racial or ethnic stereotyping and the potential for prejudice based on her job and possibly her background. The scene suggests the presence of implicit bias and the discomfort it causes, which falls under the broader topic of racial prejudice."
CM,8,13,CMS08E13,No,
CM,8,14,CMS08E14,No,
CM,8,15,CMS08E15,No,
CM,8,16,CMS08E16,Yes,"The subtitles include several references that suggest the presence of racism, racial discrimination, or prejudice, both explicitly and implicitly. The discussion of Dr. Cuevas' undocumented immigration status and DACA renewal highlights systemic issues affecting immigrants, many of whom are racial or ethnic minorities. The storyline involving Maria and her family, who are Spanish-speaking and face barriers in healthcare access, language, and insurance coverage, implies systemic inequalities and potential discrimination based on ethnicity and immigration status. The family's fear of hospitals and the insurance company's refusal to cover care at a better-equipped hospital further suggest disparities that disproportionately affect minority and immigrant communities. These elements collectively indicate the presence of racial or ethnic prejudice and systemic discrimination."
CM,8,17,CMS08E17,No,
CM,8,18,CMS08E18,No,
CM,8,19,CMS08E19,No,
CM,8,20,CMS08E20,No,
CM,8,21,CMS08E21,No,
CM,8,22,CMS08E22,No,
CM,9,1,CMS09E01,No,
CM,9,2,CMS09E02,Yes,"There are implicit references to racial prejudice and discrimination in the episode. The storyline involving Luis Obrador and the group of Venezuelan migrants includes dialogue about their immigration status, with one character (Wade Martin) overhearing that Luis 'might be here illegally' and wanting to press charges, expressing concern about how it might affect his insurance. Wade later expresses resentment about resources being allocated to migrants, referencing his daughter's school gym being used as a shelter and feeling that 'nobody's looking out for us.' These moments reflect xenophobia and implicit racial/ethnic bias against migrants, which are forms of racial prejudice and discrimination. Additionally, the mention of a 'coyote' and the focus on migrants' health and legal status further imply systemic issues related to race and ethnicity."
CM,9,3,CMS09E03,No,
CM,9,4,CMS09E04,No,
CM,9,5,CMS09E05,No,
CM,9,6,CMS09E06,No,
CM,9,7,CMS09E07,No,
CM,9,8,CMS09E08,No,
CM,9,9,CMS09E09,No,
CM,9,10,CMS09E10,No,
CM,9,11,CMS09E11,No,
CM,9,12,CMS09E12,No,
CM,9,13,CMS09E13,No,
CM,10,1,CMS10E01,No,
CM,10,2,CMS10E02,No,
CM,10,3,CMS10E03,Yes,"There is an explicit reference to racial bias in healthcare when Maggie says, 'I've had the experience of navigating this medical world as a Black woman. Usually means that your concerns get dismissed.' This indicates that the episode addresses the topic of racial prejudice and discrimination, particularly in the context of medical care."
CM,10,4,CMS10E04,No,
CM,10,5,CMS10E05,No,
CM,10,6,CMS10E06,No,
CM,10,7,CMS10E07,No,
CM,10,8,CMS10E08,No,
GA,1,1,GAS01E01,No,
GA,1,2,GAS01E02,Yes,"There are several implicit references to race and ethnicity throughout the episode. For example, there is a scene involving a Chinese-speaking patient, Mrs. Lu, where the doctors struggle to communicate due to language barriers, and it is revealed she is undocumented and fears deportation ('no... jail', 'You're illegal'). This highlights issues of systemic inequality and discrimination faced by immigrants. Additionally, there is a brief exchange where Cristina, who is Korean, is asked to translate for a Chinese patient, and she points out the assumption based on her ethnicity. These moments suggest the presence of racial and ethnic prejudice and the challenges faced by minorities in healthcare settings."
GA,1,3,GAS01E03,No,
GA,1,4,GAS01E04,No,
GA,1,5,GAS01E05,No,
GA,1,6,GAS01E06,No,
GA,1,7,GAS01E07,No,
GA,1,8,GAS01E08,No,
GA,1,9,GAS01E09,No,
GA,2,1,GAS02E01,No,
GA,2,2,GAS02E02,Yes,"There is an implicit reference to race when the characters discuss 'Black Judy' dolls, noting the version 'before they gave her long hair. Back when she had the Afro.' The mention of a Black version of a doll and the specific reference to her Afro and collectibility touches on racial representation and stereotypes in toys. While the episode does not feature overt racism or racial prejudice, this exchange acknowledges racial difference and the history of racialized marketing in American culture, which can be considered an implicit reference to race and its social implications."
GA,2,3,GAS02E03,No,
GA,2,4,GAS02E04,No,
GA,2,5,GAS02E05,Yes,"There is an implicit reference to racial and cultural prejudice in the storyline involving Anna Chue and her Hmong family. The medical team struggles to understand and respect the family's cultural and spiritual beliefs regarding illness and healing, and there are moments where the family's traditions are dismissed or misunderstood (e.g., 'Spare me the white-girl, cultural-divide love,' and the need to contact Social Services to explain Hmong beliefs). The dialogue highlights cultural bias and the challenges of navigating systemic healthcare practices that may not accommodate non-Western traditions, which can be considered a form of racial or ethnic prejudice."
GA,2,6,GAS02E06,No,
GA,2,7,GAS02E07,No,
GA,2,8,GAS02E08,No,
GA,2,9,GAS02E09,Yes,"There are a few implicit references to race and racial stereotypes. The most notable is the repeated use of the nickname 'the Nazi' for Dr. Bailey, who is a Black woman. While the nickname is not a racial slur, its use in reference to a Black character can carry problematic and racially insensitive connotations, especially considering the historical context. Additionally, there are subtle references to cultural backgrounds, such as Dr. Burke mentioning his mother owns a restaurant in Alabama (he is also a Black character), and a comment about Meredith being a 'WASP' (White Anglo-Saxon Protestant), which is a reference to ethnicity and class. While there is no explicit discussion of racism or racial prejudice, these elements suggest that race and racial identity are present and, in the case of the nickname, potentially problematic."
GA,2,10,GAS02E10,No,
GA,2,11,GAS02E11,No,
GA,2,12,GAS02E12,No,
GA,2,13,GAS02E13,No,
GA,2,14,GAS02E14,No,
GA,2,15,GAS02E15,No,
GA,2,16,GAS02E16,No,
GA,2,17,GAS02E17,No,
GA,2,18,GAS02E18,No,
GA,2,19,GAS02E19,No,
GA,2,20,GAS02E20,No,
GA,2,21,GAS02E21,No,
GA,2,22,GAS02E22,No,
GA,2,23,GAS02E23,No,
GA,2,24,GAS02E24,No,
GA,2,25,GAS02E25,No,
GA,2,26,GAS02E26,No,
GA,2,27,GAS02E27,No,
GA,3,1,GAS03E01,No,
GA,3,2,GAS03E02,Yes,"There is an explicit discussion about the use of the term 'nazi' as a nickname for Dr. Bailey, with Mrs. Burke pointing out that the Nazis were responsible for a racist genocide and questioning the appropriateness of using that term, especially towards a woman of color. This directly references racism and racial prejudice. Additionally, Mrs. Burke's comments to Cristina about being a woman of color and a doctor further touch on issues of race and identity, making the topic of racism present in the episode."
GA,3,3,GAS03E03,No,
GA,3,4,GAS03E04,No,
GA,3,5,GAS03E05,No,
GA,3,6,GAS03E06,No,
GA,3,7,GAS03E07,No,
GA,3,8,GAS03E08,No,
GA,3,9,GAS03E09,No,
GA,3,10,GAS03E10,No,
GA,3,11,GAS03E11,No,
GA,3,12,GAS03E12,No,
GA,3,13,GAS03E13,No,
GA,3,14,GAS03E14,No,
GA,3,15,GAS03E15,No,
GA,3,16,GAS03E16,No,
GA,3,17,GAS03E17,No,
GA,3,18,GAS03E18,No,
GA,3,19,GAS03E19,No,
GA,3,20,GAS03E20,No,
GA,3,21,GAS03E21,No,
GA,3,22,GAS03E22,No,
GA,3,23,GAS03E23,No,
GA,3,24,GAS03E24,No,
GA,3,25,GAS03E25,No,
GA,4,1,GAS04E01,No,
GA,4,2,GAS04E02,No,
GA,4,3,GAS04E03,No,
GA,4,4,GAS04E04,Yes,"There are several implicit references to race and racial identity. The term 'ghetto-fabulous' is used, which is a phrase often associated with African American culture and can be considered a racialized stereotype. Additionally, there are references to 'trailer park' and 'boarding school' as contrasting backgrounds, which, while more class-based, can carry racial connotations in certain contexts. The Chief's niece, Camille, is a Black character, and her storyline involves family dynamics and medical care, though no explicit racial discrimination is shown. The use of 'Nazi' as a nickname for a strict doctor is also problematic, though not directly racial. Overall, while there are no explicit discussions of racism or racial prejudice, the use of 'ghetto-fabulous' and the depiction of certain stereotypes suggest an implicit presence of racialized language and ideas."
GA,4,5,GAS04E05,No,
GA,4,6,GAS04E06,Yes,"There is an explicit reference to racial discrimination when Dr. Hahn compares the 'gentlemen's evening' (an event where only male attendings are invited) to when law firms used to have country club weekends and fail to invite the black associates. This analogy directly references historical racial exclusion and discrimination, thus bringing up the topic of racism."
GA,4,7,GAS04E07,No,
GA,4,8,GAS04E08,No,
GA,4,9,GAS04E09,Yes,"The subtitles contain explicit references to racism and racial prejudice. For example, a patient requests a 'white doctor' and expresses distrust of non-white doctors, and it is revealed he has a swastika tattoo and is described as a white supremacist. Dr. Bailey and Dr. Yang discuss 'rising above' while treating him, and Bailey refers to him as a 'Nazi.' These are clear depictions of racial prejudice and discrimination."
GA,4,10,GAS04E10,Yes,"The episode explicitly addresses racism and racial prejudice. A major plotline involves Dr. Bailey, a Black woman, saving the life of a white supremacist patient who has a swastika tattoo. The dialogue directly references the patient's racist beliefs, his discomfort with his Black partner, and the personal cost to Dr. Bailey in treating him. There is also a scene where a character accuses another of compromising their education because of the color of their skin. These elements make both explicit and implicit references to racism, racial discrimination, and prejudice."
GA,4,11,GAS04E11,No,
GA,4,12,GAS04E12,No,
GA,4,13,GAS04E13,No,
GA,4,14,GAS04E14,No,
GA,4,15,GAS04E15,Yes,"There is an explicit reference to racism and racial prejudice when a character says: 'Is this gonna be a story about how you were a struggling black med student who wanted to be a surgeon and no one would give you a chance and Walter Tapley did? He mentored you, without him you wouldn't be in this hospital?' This directly references the chief's experience with racial discrimination in medicine and the role of mentorship in overcoming those barriers."
GA,4,16,GAS04E16,No,
GA,4,17,GAS04E17,No,
GA,5,1,GAS05E01,No,
GA,5,2,GAS05E02,No,
GA,5,3,GAS05E03,No,
GA,5,4,GAS05E04,No,
GA,5,5,GAS05E05,No,
GA,5,6,GAS05E06,No,
GA,5,7,GAS05E07,No,
GA,5,8,GAS05E08,Yes,"There is an explicit reference to race when Dr. Dixon asks, 'Were the other ones taken off my case? What other ones? The black one, the male one, the one with yellow hair.' This categorization of colleagues by race and gender is an explicit mention of race and could be interpreted as racial bias or prejudice. Additionally, there are implicit references to cultural and spiritual beliefs of a Navajo patient, and the need to respect those beliefs, which touches on issues of cultural sensitivity and potential for discrimination based on ethnicity."
GA,5,9,GAS05E09,No,
GA,5,10,GAS05E10,Yes,"There is an explicit reference to race and racial identity when a character says, 'I was young, gifted and black, and everybody knew it. The attendings knew it, the Chief knew it.' This statement acknowledges the character's racial identity as a notable factor in their experience, which can imply the presence or awareness of racial dynamics in their professional environment. While there is no direct mention of racism or discrimination in this excerpt, the explicit mention of being 'young, gifted and black' in a context about recognition and achievement in a competitive environment suggests an awareness of race as a meaningful aspect, potentially alluding to racial prejudice or the need to stand out as a minority."
GA,5,11,GAS05E11,No,
GA,5,12,GAS05E12,No,
GA,5,13,GAS05E13,No,
GA,5,14,GAS05E14,No,
GA,5,15,GAS05E15,No,
GA,5,16,GAS05E16,No,
GA,5,17,GAS05E17,No,
GA,5,18,GAS05E18,No,
GA,5,19,GAS05E19,No,
GA,5,20,GAS05E20,No,
GA,5,21,GAS05E21,No,
GA,5,22,GAS05E22,No,
GA,5,23,GAS05E23,No,
GA,5,24,GAS05E24,No,
GA,6,1,GAS06E01,No,
GA,6,2,GAS06E02,No,
GA,6,3,GAS06E03,No,
GA,6,4,GAS06E04,No,
GA,6,5,GAS06E05,No,
GA,6,6,GAS06E06,No,
GA,6,7,GAS06E07,No,
GA,6,8,GAS06E08,No,
GA,6,9,GAS06E09,No,
GA,6,10,GAS06E10,No,
GA,6,11,GAS06E11,No,
GA,6,12,GAS06E12,No,
GA,6,13,GAS06E13,No,
GA,6,14,GAS06E14,No,
GA,6,15,GAS06E15,Yes,"There are several explicit and implicit references to discrimination and prejudice, including: (1) Dr. Ellis Grey being referred to as 'sugar' or 'nurse' instead of by her title, reflecting sexism and possibly racial bias in the workplace; (2) a patient from India is specifically identified by ethnicity, which could be relevant depending on context; (3) the episode discusses the AIDS crisis and the stigma faced by gay men, including being treated as outcasts and untouchables, and the lack of government research due to the disease being isolated to the gay community; (4) a character says to another, 'You have a different skin color, but you're just like them,' which is an explicit reference to race and possibly to expectations or discrimination based on it; (5) the physician's oath is recited, specifically mentioning not permitting considerations of race, ethnic origin, or other factors to intervene in patient care, which is a direct reference to combating racism and discrimination. These elements together indicate that the episode addresses issues of prejudice, including racial prejudice, both explicitly and implicitly."
GA,6,16,GAS06E16,No,
GA,6,17,GAS06E17,No,
GA,6,18,GAS06E18,No,
GA,6,19,GAS06E19,No,
GA,6,20,GAS06E20,No,
GA,6,21,GAS06E21,No,
GA,6,22,GAS06E22,No,
GA,6,23,GAS06E23,No,
GA,6,24,GAS06E24,No,
GA,7,1,GAS07E01,Yes,"There is an explicit reference to racism when a character says, 'It's sexist and... vaguely racist. No white, no veil, no rice.' This line directly mentions racism in the context of wedding traditions. While the episode does not appear to focus on racism or racial prejudice as a major theme, this explicit mention qualifies as a reference. There are no other clear implicit or explicit instances of racial discrimination or prejudice in the subtitles provided."
GA,7,2,GAS07E02,No,
GA,7,3,GAS07E03,No,
GA,7,4,GAS07E04,No,
GA,7,5,GAS07E05,No,
GA,7,6,GAS07E06,No,
GA,7,7,GAS07E07,No,
GA,7,8,GAS07E08,No,
GA,7,9,GAS07E09,No,
GA,7,10,GAS07E10,No,
GA,7,11,GAS07E11,No,
GA,7,12,GAS07E12,No,
GA,7,13,GAS07E13,No,
GA,7,14,GAS07E14,No,
GA,7,15,GAS07E15,No,
GA,7,16,GAS07E16,No,
GA,7,17,GAS07E17,No,
GA,7,18,GAS07E18,No,
GA,7,19,GAS07E19,No,
GA,7,20,GAS07E20,Yes,"There are several references to race and ethnicity throughout the episode. Explicitly, there are African children and orphans being treated at the hospital, with references to their background (e.g., 'Adorable African children. Shameless ego stroking.' and 'That's what they say in Swahili.'). There is also a discussion about a child not eating American food and a doctor making nsima, a staple in East African countries, to help her feel more comfortable, which touches on cultural differences and potential microaggressions. Additionally, there are references to the adoption process for an African child and the scrutiny involved, which can imply systemic inequalities. While there are no overt acts of racism or racial slurs, the presence of these themes and the way characters discuss and interact with the African children and their culture suggest an undercurrent of racial and cultural bias."
GA,7,21,GAS07E21,No,
GA,7,22,GAS07E22,No,
GA,8,1,GAS08E01,No,
GA,8,2,GAS08E02,No,
GA,8,3,GAS08E03,No,
GA,8,4,GAS08E04,No,
GA,8,5,GAS08E05,No,
GA,8,6,GAS08E06,No,
GA,8,7,GAS08E07,No,
GA,8,8,GAS08E08,No,
GA,8,9,GAS08E09,No,
GA,8,10,GAS08E10,No,
GA,8,11,GAS08E11,No,
GA,8,12,GAS08E12,No,
GA,8,13,GAS08E13,No,
GA,8,14,GAS08E14,No,
GA,8,15,GAS08E15,No,
GA,8,16,GAS08E16,Yes,"There are a few moments in the subtitles that reference race and racial dynamics. One character (Meredith) says, 'I think she's racist,' after noticing a woman looking at her and her Black daughter, Zola. This is followed by a discussion about bridging the cultural divide and a comment about learning Spanish. Later, another character (Bailey) explicitly addresses the issue, saying, 'It is 2012. You want to be shocked by the sight of a white man with a black baby, you're about three decades too late!' and then points out that the real issue is the baby's hair, not the interracial family. These moments directly reference race, interracial families, and perceptions of racism, both explicitly and implicitly."
GA,8,17,GAS08E17,No,
GA,8,18,GAS08E18,No,
GA,8,19,GAS08E19,No,
GA,8,20,GAS08E20,No,
GA,8,21,GAS08E21,No,
GA,8,22,GAS08E22,No,
GA,8,23,GAS08E23,No,
GA,8,24,GAS08E24,No,
GA,9,1,GAS09E01,No,
GA,9,2,GAS09E02,No,
GA,9,3,GAS09E03,No,
GA,9,4,GAS09E04,No,
GA,9,5,GAS09E05,No,
GA,9,6,GAS09E06,No,
GA,9,7,GAS09E07,No,
GA,9,8,GAS09E08,No,
GA,9,9,GAS09E09,Yes,"There is an implicit reference to race and racial identity when a character says, 'my kids were so excited that for months, they walked around telling every African-American person they saw that we have a brown baby in the family.' This statement acknowledges the adoption of a child of color and the family's awareness and discussion of race. While the tone is not overtly discriminatory, it does touch on issues of racial identity, transracial adoption, and the way children perceive and talk about race, which can be connected to broader themes of racial difference and potential microaggressions."
GA,9,10,GAS09E10,No,
GA,9,11,GAS09E11,No,
GA,9,12,GAS09E12,Yes,"There is an implicit reference to racial stereotypes and the objectification of African children in the exchange: 'African babies are a godsend. You don't have to tell me. Oh, not Zola. Not the cute ones. The sick ones. They're exotically diseased beautiful little train wrecks.' This language exoticizes and reduces African children to their illnesses, which is a form of racial stereotyping and prejudice. Additionally, the discussion of the pediatric African exchange program and the way the children are described as 'little orphans' and 'exotically diseased' suggests a problematic, racialized framing even if not overtly malicious. These are implicit references to racial prejudice."
GA,9,13,GAS09E13,No,
GA,9,14,GAS09E14,No,
GA,9,15,GAS09E15,No,
GA,9,16,GAS09E16,No,
GA,9,17,GAS09E17,No,
GA,9,18,GAS09E18,No,
GA,9,19,GAS09E19,No,
GA,9,20,GAS09E20,No,
GA,9,21,GAS09E21,No,
GA,9,22,GAS09E22,No,
GA,9,23,GAS09E23,No,
GA,9,24,GAS09E24,No,
GA,10,1,GAS10E01,No,
GA,10,2,GAS10E02,No,
GA,10,3,GAS10E03,No,
GA,10,4,GAS10E04,Yes,"There are explicit references to racial prejudice and stereotypes. For example, a patient refers to a nurse as 'Oriental' and is corrected that she is from the Philippines, which is an outdated and offensive term. The same patient makes a comment about playing black in chess 'because, well, you know,' implying a racial stereotype. He also invokes Rosa Parks and Martin Luther King in a way that trivializes their significance and uses the phrase 'you people,' which is often a racially charged expression. These instances indicate both explicit and implicit references to racism and racial prejudice."
GA,10,5,GAS10E05,Yes,"There is an explicit reference to breaking down barriers for women, and in particular, women of color, in the conversation between Stephanie Edwards and Catherine Avery. This suggests the presence of racial issues, specifically the challenges faced by women of color in medicine. Additionally, the mention of being a 'donor baby' and the focus on family backgrounds could implicitly touch on issues of identity, but the explicit mention of 'women of color' and barriers confirms the presence of race-related themes."
GA,10,6,GAS10E06,No,
GA,10,7,GAS10E07,No,
GA,10,8,GAS10E08,No,
GA,10,9,GAS10E09,No,
GA,10,10,GAS10E10,No,
GA,10,11,GAS10E11,No,
GA,10,12,GAS10E12,No,
GA,10,13,GAS10E13,No,
GA,10,14,GAS10E14,No,
GA,10,15,GAS10E15,No,
GA,10,16,GAS10E16,No,
GA,10,17,GAS10E17,No,
GA,10,18,GAS10E18,No,
GA,10,19,GAS10E19,No,
GA,10,20,GAS10E20,No,
GA,10,21,GAS10E21,Yes,"There is an implicit reference to systemic racial discrimination and prejudice in the discussion about the Harper Avery award. Cristina Yang, a woman of color, is described as being 'robbed' of the award despite being the clear frontrunner. It is revealed that the foundation that funds the award co-owns the hospital where she works, making her ineligible to win due to a conflict of interest. The language used ('window dressing,' 'used her,' 'she was never going to win that damn thing for a second') and the context of her being a highly qualified candidate who is denied recognition due to institutional politics strongly suggest themes of systemic bias and discrimination, which are often intertwined with race and ethnicity in professional settings. Additionally, the episode features microaggressions and discussions of unfairness and exclusion, which can be read as implicit references to racial prejudice and systemic inequality."
GA,10,22,GAS10E22,No,
GA,10,23,GAS10E23,No,
GA,10,24,GAS10E24,Yes,"There is an explicit reference to racism and racial prejudice in the story told by a character about her childhood in Texas in 1960. She describes being told to leave a restaurant by 'ignorant young men,' having food dumped in her father's lap, and hot coffee thrown on him, which is a clear depiction of racial discrimination and violence. The context and time period strongly imply this was racially motivated, even though the specific races are not stated. This is an explicit mention of racism and racial prejudice."
GA,11,1,GAS11E01,No,
GA,11,2,GAS11E02,No,
GA,11,3,GAS11E03,No,
GA,11,4,GAS11E04,Yes,"There are several implicit references to racial discrimination and prejudice. Early in the subtitles, a character mentions being 'the only woman' and 'along with the one black male resident, I was clearly excluded,' indicating both gender and racial exclusion in a professional setting. The mention of 'they didn't want me to be a part of their boys' club' and the explicit singling out of the 'one black male resident' as also being excluded suggests systemic racial and gender bias. Additionally, there is a storyline involving an undocumented immigrant mother who fears seeking medical care for her daughter due to the risk of deportation and medical repatriation, which touches on discrimination based on ethnicity and immigration status. These references, while not always overt, clearly imply the presence of racism and racial prejudice in the episode."
GA,11,5,GAS11E05,No,
GA,11,6,GAS11E06,Yes,"There is an explicit reference to race when a character says, 'And Zola needs more black people in the family because I'm running out of ways to braid her hair and Bailey won't show me anymore.' This line references the racial identity of a child and the importance of having Black family members, which implies awareness of racial identity and cultural practices. While this is not an instance of racism or prejudice, it is a direct mention of race. There are no explicit instances of racism, racial discrimination, or prejudice, but this reference means the topic of race is present."
GA,11,7,GAS11E07,No,
GA,11,8,GAS11E08,No,
GA,11,9,GAS11E09,No,
GA,11,10,GAS11E10,No,
GA,11,11,GAS11E11,No,
GA,11,12,GAS11E12,No,
GA,11,13,GAS11E13,No,
GA,11,14,GAS11E14,No,
GA,11,15,GAS11E15,No,
GA,11,16,GAS11E16,No,
GA,11,17,GAS11E17,No,
GA,11,18,GAS11E18,No,
GA,11,19,GAS11E19,No,
GA,11,20,GAS11E20,No,
GA,11,21,GAS11E21,No,
GA,11,22,GAS11E22,No,
GA,11,23,GAS11E23,No,
GA,11,24,GAS11E24,No,
GA,11,25,GAS11E25,No,
GA,12,1,GAS12E01,Yes,"There are multiple implicit and explicit references to prejudice and discrimination in the subtitles. The most prominent storyline involves two girls, Jess and Aliyah, who are in a romantic relationship and face bullying and rejection from their families and peers. Aliyah's father, Dakhir Hamed, is identified as a member of a minority community and is told by Jess's parents to 'keep your damn daughter away from our little girl,' which is an explicit act of prejudice. The use of names and the context suggests Aliyah is likely from a Muslim or Middle Eastern background, and her family is depicted as outsiders who 'came to this country.' There is also a scene where Jess's mother refers to Aliyah as a 'terrible influence,' and the parents plan to send Jess to a conversion camp, which is an example of systemic discrimination against LGBTQ+ youth. Additionally, there are discussions about bullying based on appearance, disability, and other differences, as well as a reference to a rumor about a doctor stabbing a 'white supremacist,' which further suggests the presence of racial or ideological prejudice. All these elements together indicate that the episode addresses themes of prejudice, discrimination, and bias, including but not limited to race and ethnicity."
GA,12,2,GAS12E02,No,
GA,12,3,GAS12E03,No,
GA,12,4,GAS12E04,Yes,"There is an explicit reference to racism and racial prejudice in the scene where Dr. Edwards explains why she refused to continue a painful treatment on a patient. She reveals that as a child, she was in a clinical trial for sickle cell anemia, a disease that disproportionately affects people of African descent. She describes being strapped down and feeling punished for something 'inside of me,' which implicitly references the experience of racialized medical trauma and the history of Black patients being subjected to painful or dehumanizing medical procedures. Additionally, later in the episode, Dr. Shepherd is quick to believe Edwards lied about her illness based on the word of another doctor, and Dr. Webber questions why it was so easy to doubt Edwards' integrity, which can be read as an implicit reference to racial bias in professional settings."
GA,12,5,GAS12E05,No,
GA,12,6,GAS12E06,No,
GA,12,7,GAS12E07,Yes,"There are explicit and implicit references to racism and racial prejudice in the subtitles. For example, Dr. Pierce and Amelia discuss concerns about racial bias in the workplace, including microaggressions such as being mistaken for a nurse or being told they're not boarding first class, and the concept of 'white privilege.' Amelia worries she might have been racist by siding with one colleague over another because of race. Dr. Pierce also points out that these issues are pervasive and not always obvious, referencing systemic and everyday racism. These conversations directly address the topic of racial bias and prejudice."
GA,12,8,GAS12E08,No,
GA,12,9,GAS12E09,No,
GA,12,10,GAS12E10,No,
GA,12,11,GAS12E11,No,
GA,12,12,GAS12E12,No,
GA,12,13,GAS12E13,No,
GA,12,14,GAS12E14,No,
GA,12,15,GAS12E15,No,
GA,12,16,GAS12E16,No,
GA,12,17,GAS12E17,Yes,"There is an implicit reference to racial prejudice when a character says, 'Blake has been on neuro for, what, two weeks? And she gets to scrub in over me? Really? Blake probably can't even clip an aneurysm. Stephanie... No, come on! She's from Dillard.' Dillard University is a historically Black university, and the dismissive tone suggests a stereotype or bias against the quality of education at HBCUs, which is often rooted in racial prejudice. Additionally, the follow-up conversation ('She said, ""She's from Dillard,"" like it's a welding school.') and the character's response ('I might be from Dillard, but I am here now!... and I am a dark freaking horse!') further highlight that this is about more than just academic rivalry, but about implicit bias regarding race and educational background."
GA,12,18,GAS12E18,No,
GA,12,19,GAS12E19,No,
GA,12,20,GAS12E20,No,
GA,12,21,GAS12E21,No,
GA,12,22,GAS12E22,No,
GA,12,23,GAS12E23,No,
GA,12,24,GAS12E24,No,
GA,13,1,GAS13E01,No,
GA,13,2,GAS13E02,No,
GA,13,3,GAS13E03,No,
GA,13,4,GAS13E04,No,
GA,13,5,GAS13E05,No,
GA,13,6,GAS13E06,No,
GA,13,7,GAS13E07,No,
GA,13,8,GAS13E08,No,
GA,13,9,GAS13E09,No,
GA,13,10,GAS13E10,Yes,"While the subtitles do not explicitly mention racism or racial prejudice, there are several implicit references to systemic inequalities that disproportionately affect people of color. The episode depicts the harsh treatment of incarcerated pregnant women, the lack of adequate medical care and resources in the prison system, and the use of restraints on a woman in labor. These are all issues that, in reality, are deeply intertwined with racial disparities and systemic racism in the criminal justice and healthcare systems. The dialogue about state resource allocation, the dehumanizing treatment of inmates, and the lack of empathy from authorities all suggest the presence of systemic prejudice, which often has a racial component, even if not directly named in this episode. If there is any doubt, the answer is Yes."
GA,13,11,GAS13E11,No,
GA,13,12,GAS13E12,No,
GA,13,13,GAS13E13,No,
GA,13,14,GAS13E14,No,
GA,13,15,GAS13E15,No,
GA,13,16,GAS13E16,No,
GA,13,17,GAS13E17,No,
GA,13,18,GAS13E18,No,
GA,13,19,GAS13E19,No,
GA,13,20,GAS13E20,No,
GA,13,21,GAS13E21,No,
GA,13,22,GAS13E22,No,
GA,13,23,GAS13E23,No,
GA,13,24,GAS13E24,No,
GA,14,1,GAS14E01,Yes,"There are implicit references to racial discrimination and systemic inequalities. For example, in the case of Beau Martinez, his parent says, 'They treat him like he's a drug addict or something. That's not my kid.' This suggests that Beau, likely a person of color based on his surname, is being stereotyped and denied adequate pain management, which is a documented form of racial bias in healthcare. Additionally, Megan discusses her adopted son Farouk, a Syrian refugee, and the difficulties in bringing him to the U.S. due to immigration laws, touching on systemic barriers faced by people from certain racial or ethnic backgrounds. These examples indicate that issues of racial prejudice and systemic discrimination are present, even if not discussed explicitly."
GA,14,2,GAS14E02,No,
GA,14,3,GAS14E03,Yes,"There is an explicit reference to race and racial dynamics when Miranda Bailey, a Black woman and the hospital chief, is told by Dr. Webber, 'But you embarrassed that old white man. Now, you need to let me go back in there and fix it my way in my own time.' This line directly references the racial identity of Harper Avery and the implications of a Black woman challenging a powerful white man in a position of authority. The episode also features subtle power dynamics and microaggressions, such as Harper Avery's dismissive language toward women in leadership ('That's the problem when women are in charge. It's always personal.'), which, while primarily sexist, can intersect with racial prejudice given the context. These elements suggest that issues of race and racial prejudice are present in the episode."
GA,14,4,GAS14E04,No,
GA,14,5,GAS14E05,Yes,"There are several implicit references to race and ethnicity throughout the episode. For example, there is a scene where a female patient named Sana refuses to be touched by men, which may suggest cultural or religious differences often associated with Middle Eastern backgrounds. There are also references to 'Iraqi allies' and 'Iraqi woman' as a shooter, and the way some characters talk about the Iraqi suspects and victims could be interpreted as reflecting racial or ethnic bias, especially when one character assumes the male Iraqi was the shooter when it was actually a woman. Additionally, the episode is set in a military context in Iraq, and the depiction of local Iraqis as shooters or victims, as well as the American soldiers' attitudes toward them, may imply racial or ethnic stereotyping or prejudice. While there are no explicit discussions of racism, the context and some character interactions suggest implicit racial and cultural biases."
GA,14,6,GAS14E06,No,
GA,14,7,GAS14E07,No,
GA,14,8,GAS14E08,No,
GA,14,9,GAS14E09,Yes,"The episode explicitly addresses issues related to racism, racial discrimination, and prejudice through the storyline of Dr. Bello, who is a 'Dreamer' under DACA and faces deportation by ICE. The episode discusses the fear and consequences of being undocumented, the threat of deportation for minor infractions, and the impact of immigration enforcement on individuals who have lived in the U.S. since childhood. It also touches on systemic inequalities and the emotional toll of immigration policies on people of color and immigrants. These themes are central to the episode and clearly imply racial and ethnic prejudice and discrimination."
GA,14,10,GAS14E10,Yes,"The episode explicitly addresses racism, racial prejudice, and systemic bias. A Black 12-year-old boy is shot by police while entering his own home, and characters discuss racial profiling, bias in policing, and the need to give Black children 'the talk' about how to survive encounters with law enforcement. There are direct references to the different treatment of 'white kids versus brown kids,' and a character describes his own experience being stopped and handcuffed by police for 'fitting the description.' The episode explores both explicit and implicit forms of racial discrimination and prejudice."
GA,14,11,GAS14E11,Yes,"There are implicit references to race and the challenges faced by people of color, particularly women of color, in the medical field. For example, Miranda Bailey states, '63% of women who die suddenly from coronary heart disease had no previous symptoms, and women of color are at a far greater risk. So if I were consulting on the patient you describe, I would take into consideration statistics that would never even occur to people who look like you.' This highlights systemic inequalities and the unique risks and biases faced by women of color in healthcare. Additionally, Miranda describes herself as 'a sci-fi-loving African-American woman in her 40s,' and the episode explores how she must fight harder to be taken seriously, which can be read as an implicit reference to racial and gender bias in medicine."
GA,14,12,GAS14E12,Yes,"There are several implicit references to systemic racial inequalities and disparities in this episode. For example, the discussion about the United States having a maternal mortality rate six times higher than Italy's, and the focus on why 'our maternity mortality rate' is so high, is a reference to a real-world issue that disproportionately affects Black women and women of color in the U.S. The episode also features diverse characters (e.g., Kimmie Park, a young Asian girl) and touches on issues of bias and representation in medicine (e.g., the gender-affirming surgery storyline and mention of cisgender privilege). While there are no explicit mentions of racism or racial slurs, the systemic inequalities and disparities in healthcare outcomes, especially around maternal mortality, are well-known to be linked to racial bias and discrimination. Therefore, the topic is implied."
GA,14,13,GAS14E13,No,
GA,14,14,GAS14E14,No,
GA,14,15,GAS14E15,No,
GA,14,16,GAS14E16,No,
GA,14,17,GAS14E17,No,
GA,14,18,GAS14E18,No,
GA,14,20,GAS14E20,Yes,"The episode contains an extensive storyline about Dr. Harper Avery, a prominent figure, having sexually harassed multiple women and then using his power and money to silence them and bar them from working at his hospitals or winning his foundation's awards. While the primary focus is on sexual harassment and abuse of power, there are also references to systemic discrimination, as the women were not only harassed but also had their careers crippled due to their gender and the actions of a powerful white male in medicine. The dialogue about how these women were treated, silenced, and excluded from opportunities at Harper Avery hospitals and awards implies systemic bias and discrimination. Additionally, there are references to a foster care experience, but no explicit or implicit racial prejudice is described in that context. However, due to the clear presence of systemic discrimination and the intersectionality of gender and power (and possible race, given the context of medicine), the answer is Yes."
GA,14,21,GAS14E21,Yes,"There is an explicit reference to race and systemic inequality when Jackson says, 'There's no way a powerful black woman is gonna take the fall for a rich old white guy that couldn't keep his damn hands to himself.' This directly addresses racial dynamics and the injustice of a Black woman being scapegoated for the actions of a white man. Additionally, the episode discusses issues of systemic discrimination, power imbalances, and the impact of institutional abuse, which are often intertwined with issues of race and gender in professional settings."
GA,15,1,GAS15E01,No,
GA,15,2,GAS15E02,No,
GA,15,3,GAS15E03,No,
GA,15,4,GAS15E04,Yes,"There is an explicit mention of racism and racial prejudice in the dialogue about dating, where a character says: 'Date's going great, right? She's smart, you're funny, you're, you're hitting it off. And then she says the One Thing, right, the one, uh, slightly racist thing.' This directly references experiences of racial prejudice in social interactions. There are no other explicit or implicit references to racism, racial discrimination, or racial prejudice elsewhere in the subtitles."
GA,15,6,GAS15E06,No,
GA,15,7,GAS15E07,Yes,"There is an explicit reference to racism when Catherine says: 'I have survived racism, sexism, every ""ism"" designed to make me feel small or make me less.' This directly mentions her experience with racism and discrimination. Additionally, the episode features characters of diverse backgrounds, but this explicit mention confirms the presence of the topic."
GA,15,8,GAS15E08,No,
GA,15,9,GAS15E09,No,
GA,15,10,GAS15E10,No,
GA,15,11,GAS15E11,No,
GA,15,12,GAS15E12,No,
GA,15,13,GAS15E13,No,
GA,15,14,GAS15E14,No,
GA,15,15,GAS15E15,Yes,"There is an explicit reference to racial prejudice when Richard Webber tells Maggie Pierce, 'Did you know that I was the only black resident in my class? So I was bullied, too. Residents would take my number off the pager service... So I'd miss traumas. Some of the attendings would call the other residents 'Dr.' But I only got 'Webber.'' This dialogue directly addresses experiences of racial discrimination and prejudice in the medical profession."
GA,15,16,GAS15E16,No,
GA,15,17,GAS15E17,No,
GA,15,18,GAS15E18,No,
GA,15,19,GAS15E19,No,
GA,15,20,GAS15E20,No,
GA,15,21,GAS15E21,No,
GA,15,22,GAS15E22,No,
GA,15,23,GAS15E23,Yes,"The subtitles include an explicit discussion of a family detained and separated at the U.S. border, with references to being 'caged like animals.' The storyline addresses the difficulties faced by immigrants seeking asylum, systemic barriers to healthcare (such as being denied insurance due to income despite low-wage work), and the threat of deportation. There is also mention of how seeking asylum can result in children being jailed with their parents, contrasting with the treatment of citizens. These elements directly and implicitly address issues of racial discrimination, systemic inequality, and prejudice based on ethnicity and immigration status."
GA,15,24,GAS15E24,No,
GA,15,25,GAS15E25,Yes,"There is an implicit reference to racial privilege and systemic inequality in the conversation between Maggie and Jackson. Maggie points out that Jackson missed out on 'the opportunity to learn consequences due to your privilege,' and contrasts her own experiences with financial aid, student loans, and worrying about affording college with Jackson's privileged background. This discussion of privilege, financial hardship, and the differences in their life experiences is an implicit reference to issues of race and systemic inequality, especially given that Maggie and Jackson are both Black characters and Jackson is also wealthy. While the episode does not explicitly mention racism or racial discrimination, the conversation implies awareness of racial and socioeconomic disparities."
GA,16,1,GAS16E01,No,
GA,16,2,GAS16E02,No,
GA,16,3,GAS16E03,No,
GA,16,4,GAS16E04,Yes,"There is an explicit reference to 'institutionalized discrimination' in the context of the healthcare system, which suggests systemic inequalities that can include racial discrimination. Additionally, the episode discusses issues like disparities in healthcare access ('the rich live 10 to 15 years longer than the poor'), which often have racial dimensions in the U.S. While there are no explicit racial slurs or direct discussions of race, the mention of institutionalized discrimination and systemic issues in healthcare implies the presence of racial prejudice or racism."
GA,16,5,GAS16E05,No,
GA,16,6,GAS16E06,No,
GA,16,7,GAS16E07,No,
GA,16,8,GAS16E08,No,
GA,16,9,GAS16E09,No,
GA,16,10,GAS16E10,No,
GA,16,11,GAS16E11,No,
GA,16,12,GAS16E12,No,
GA,16,13,GAS16E13,No,
GA,16,14,GAS16E14,No,
GA,16,15,GAS16E15,No,
GA,16,16,GAS16E16,No,
GA,16,17,GAS16E17,No,
GA,16,18,GAS16E18,No,
GA,16,19,GAS16E19,No,
GA,16,20,GAS16E20,No,
GA,16,21,GAS16E21,No,
GA,17,1,GAS17E01,Yes,"There are both explicit and implicit references to racism and racial disparities in the subtitles. Explicitly, a character says, 'I tried explaining to my grandma how this is impacting Black folks more severely,' which references the disproportionate impact of COVID-19 on Black communities—a systemic racial inequality. Additionally, a patient says, 'I don't want a Chinese doctor,' which is an explicit example of racial prejudice and discrimination. These examples confirm that issues of racism, racial discrimination, or racial prejudice are present in the episode."
GA,17,2,GAS17E02,Yes,"There is an explicit reference to racial disparities in healthcare when Catherine and Maggie discuss that 'too many of them are black and brown, and not enough people seem to care.' This statement directly addresses systemic racial inequalities and the disproportionate impact on patients of color. Additionally, the conversation acknowledges frustration with the lack of access to healthcare, which is often tied to systemic racism. These references indicate that the topic of racism and racial discrimination is present in the episode."
GA,17,3,GAS17E03,Yes,"There is an explicit mention of racial disparities in COVID-19 outcomes: one character says, '53 people. That's how many have died on my watch since this thing started. 53. And most of them have been Black women, so that means... The same thing's happening here. Everywhere.' This directly references systemic racial inequalities in healthcare and the disproportionate impact of the pandemic on Black women, which is a clear reference to racial discrimination and systemic racism."
GA,17,4,GAS17E04,Yes,"There are both explicit and implicit references to racism and racial bias in these subtitles. Explicitly, there is a scene where a character, Dr. Kim, is asked 'Where are you from?' by a patient, and another character points out that the question is about his ethnicity, not his medical specialty, highlighting a common microaggression faced by Asian-Americans. Later, there is a discussion about a misdiagnosis involving an Asian-American patient, where it's pointed out that the standard of care is centered around white patients, and that right-sided diverticulitis is much more common in patients of Asian descent. The conversation addresses the need for equity rather than equality in medicine and acknowledges the presence of biases, including those related to race. There are also references to the Japanese-American internment camps, with characters sharing family histories of being interned during WWII, which is an explicit reference to historical racial discrimination. These elements clearly indicate that the episode addresses racism, racial prejudice, and systemic inequalities."
GA,17,5,GAS17E05,Yes,"The episode contains explicit discussions of racism and systemic racial inequality, particularly in the context of the COVID-19 pandemic. Characters discuss how half of their COVID patients are Black and brown in a city that is only 7% Black, and they talk about how pre-existing conditions are often blamed on individuals rather than acknowledging that these conditions are 'manmade' due to systemic racism. They mention being pushed into frontline jobs, living in overcrowded situations, and being surrounded by environmental hazards, all of which are linked to systemic racism. The phrase 'existing while Black' and the statement 'systemic racism is the root of the whole damn thing' are direct references to racial prejudice and discrimination. Additionally, there are references to microaggressions and prejudice in education, such as guidance counselors suggesting Black students attend less prestigious schools and the reaction of 'very proper' (white) ladies to a Black scholarship recipient. These elements make the presence of racism and racial prejudice both explicit and implicit throughout the episode."
GA,17,6,GAS17E06,Yes,"The episode contains an explicit discussion of systemic racism and racial disparities. Maggie delivers a monologue about how Black girls are more vulnerable to being taken, are seen as less innocent, and are hypersexualized in the media. She also points out that COVID is killing Black people at a much higher rate and that if it were affecting white people at the same rate, there would be a stronger response. These are direct references to racial prejudice, systemic inequality, and the experience of racism. Additionally, there are implicit references to the criminal justice system's treatment of Black women (Jada's mother being arrested during a traumatic event), and the episode highlights the emotional toll of these injustices."
GA,17,7,GAS17E07,No,
GA,17,8,GAS17E08,Yes,"There is an implicit reference to racism in the conversation about escaping to the woods, where a character says, 'Trees are not racist. Trees do not politicize a disease...' This line suggests an awareness of racism and racialized responses to the pandemic in the outside world, even if not directly discussed in detail. Additionally, the episode features characters of diverse backgrounds, but the explicit mention of racism is in that line, indicating the topic is at least acknowledged."
GA,17,9,GAS17E09,No,
GA,17,10,GAS17E10,No,
GA,17,11,GAS17E11,Yes,"There are implicit references to systemic inequalities and racial disparities, particularly in the discussion about hotel rooms for COVID quarantine. Dr. Ortiz mentions that 'the whole system... is not designed to help the people that actually need it. Especially when they look like us.' This suggests an awareness of racial or ethnic disparities in access to healthcare and support, implying racial prejudice or systemic racism. Additionally, the conversation about low-income neighborhoods and access to resources further implies systemic inequalities that often have racial dimensions."
GA,17,12,GAS17E12,Yes,"The episode contains multiple explicit and implicit references to racism, racial discrimination, and racial prejudice. There are scenes involving protests with chants like 'No justice! No peace!' and 'Equality right now!', which are directly associated with anti-racism movements. Characters discuss the dangers of protesting, particularly for Black individuals, and there is a tense scene where a Black character is pulled over by police and subjected to an extended search, highlighting racial profiling and the fear associated with police encounters. There are also discussions about systemic racism in medicine, such as the Black maternal mortality rate and racial bias in medical training. The episode references historical civil rights protests, including the March on Washington and the fight against apartheid, and characters reflect on the scars—literal and metaphorical—of fighting for racial equality. All these elements indicate that the topic of racism and racial prejudice is both mentioned and implied throughout the episode."
GA,17,13,GAS17E13,Yes,"There are several implicit and explicit references to race and the experiences of Black women. For example, a character says, 'It's something that we're taught as women, as Black women. And I'm guilty of it.' This line explicitly references the unique pressures faced by Black women, which can be tied to systemic inequalities and societal expectations rooted in racial and gender bias. Additionally, there are mentions of protests and teachers being 'scared to say anything' when discussing them, which, given the context of 2021 and the mention of protests, likely alludes to racial justice protests (e.g., Black Lives Matter). These elements suggest that issues of race, racism, and racial prejudice are present in the episode."
GA,17,14,GAS17E14,Yes,"There are explicit references to racism, racial discrimination, and systemic racial inequities in medicine. For example, Jackson says, 'You know how many people of color we've already lost since the pandemic started? The system keeps diminishing and erasing us. T-They're literally letting people just die in the streets, and we can do something about it.' He also states, 'White supremacy is woven into the fabric of this country, and that means medicine, too. People that look like us should not have to be gaslit, shamed, and ignored when they're just going to the doctor, constantly having to prove that their lives have any value.' These statements directly address racial prejudice, systemic racism, and the impact of white supremacy on healthcare. The episode also discusses the need for 'real racial equity in medicine' and the desire to 'reallocate every penny that we have to equity in medicine... Women's health, trans health, racial equity.'"
GA,17,15,GAS17E15,Yes,"There are both explicit and implicit references to racism, racial discrimination, and racial prejudice in these subtitles. Explicitly, there is a discussion about Indigenous communities facing disproportionate impacts from COVID, lack of PPE, and less access to healthcare and running water, which points to systemic inequalities. The mention of body bags being sent instead of PPE to tribal clinics is a reference to neglect and systemic racism. There is also a direct line, 'Well, good luck finding any racism,' which, though sarcastic, references the existence of racism. Additionally, a character reflects on being the only white man to survive a COVID ward and acknowledges injustice caused by 'people who look like me,' expressing a desire to be an ally and address systemic racism. The episode also highlights microaggressions and the challenges faced by Indigenous patients in big hospitals, further implying racial bias and discrimination."
GA,17,16,GAS17E16,Yes,"There are explicit references to racism and racial inequity. For example, a character mentions that another left to 'fight racial inequity and make the world a better place.' Later, a character says, 'Anyway, I have spent the last few weeks worrying about how to get back to normal, but look where normal got us. Sexism, racism, inequality, substandard care. What has just happened, we should never want to go back to that.' These lines directly mention racism and racial inequality as issues being addressed or discussed in the episode."
GA,17,17,GAS17E17,Yes,"There are implicit references to race and racial experience. For example, in the wedding scene, Maggie's family expresses a desire for a larger, more traditional wedding with extended family, which can be read as referencing cultural expectations and family traditions that may have racial or ethnic significance. More explicitly, in a group therapy scene, a character says, 'my boyfriend, my, um, child's father... he is not one of us. And I am so glad that he does not have to go through life like that. Um, but... sometimes, there's a part of me that wishes he got it. You know, just, uh... really got it. I feel lonely in it.' This strongly implies the speaker is talking about the experience of being a racial minority and the isolation that can come from having a partner who does not share that experience. Additionally, there are references to a character sending money to family in Manila, which, while not directly about racism, highlights the presence of immigrant and ethnic minority characters and their experiences. No explicit racism or slurs are present, but the episode does touch on racial identity and the lived experience of being a minority."
GA,18,1,GAS18E01,No,
GA,18,2,GAS18E02,Yes,"The episode explicitly discusses systemic racial bias in medicine, specifically the use of race-based adjustments in the eGFR formula that disadvantages Black patients seeking kidney transplants. Characters discuss how these medical assumptions and formulas are rooted in racist ideas about Black people's bodies, leading to real-world discrimination and health disparities. The storyline follows a Black patient, Rashida, who is denied a transplant due to this biased formula, and the doctors' efforts to challenge and correct this injustice. This is a clear depiction of racism and racial prejudice, both in individual experiences and systemic structures."
GA,18,3,GAS18E03,No,
GA,18,4,GAS18E04,No,
GA,18,5,GAS18E05,No,
GA,18,6,GAS18E06,Yes,"There is an explicit reference to the colonization and land theft experienced by Native Americans, as discussed by Zola and Meredith ('Thanksgiving isn't really a holiday we should celebrate. There's no actual evidence Native Americans were even invited to a feast. I think they cared more about being colonized and having their land stolen than mashed potatoes.'). This directly addresses historical racism and prejudice against Native Americans. Additionally, there are implicit references to societal inequalities, such as the discussion about women not being given permission to talk about what they want or need, and the struggles of a family dealing with medical bills and lack of support, which can be tied to systemic issues, though not explicitly racial in those cases. The Native American reference is sufficient for a 'Yes' answer."
GA,18,7,GAS18E07,No,
GA,18,8,GAS18E08,No,
GA,18,9,GAS18E09,No,
GA,18,10,GAS18E10,No,
GA,18,11,GAS18E11,Yes,"There is an implicit reference to racial representation and the impact of seeing a doctor who 'looked like him' in a white coat. Dr. Webber recounts a story about a patient who felt comforted seeing a surgeon who shared his racial background, highlighting the significance of racial identity and representation in medicine. This suggests an awareness of racial dynamics and the importance of diversity, which is often rooted in a history of underrepresentation and discrimination."
GA,18,12,GAS18E12,No,
GA,18,13,GAS18E13,No,
GA,18,14,GAS18E14,No,
GA,18,15,GAS18E15,No,
GA,18,16,GAS18E16,No,
GA,18,17,GAS18E17,No,
GA,18,18,GAS18E18,Yes,"There are explicit references to racism and racial prejudice in the subtitles. A character named Alice Tom is assaulted at a bus stop, and it is stated that the attacker was 'using racial slurs and yelling at her to go back to where she's from.' The attack is described as a hate crime. Later, there is a conversation about the experience of being seen as foreign in America, referencing historical events such as the Japanese American internment and the Watsonville Riots, as well as being wrongly blamed for COVID. These are clear and direct discussions and depictions of racism and racial prejudice."
GA,18,19,GAS18E19,Yes,"There is an explicit reference to prejudice and discrimination based on sexual orientation in the blood donation scene. A character is excluded from donating blood due to being a sexually active gay man, and this is discussed as 'prejudice' and 'disgusting.' While this is not racial prejudice, it is a form of discrimination based on identity. Additionally, there are references to a character being 'the Spanish woman,' but this is not developed into a clear instance of racial bias. Since the instructions say to include all forms of prejudice based on race or ethnicity and to answer 'Yes' if there is any doubt, and since the episode contains explicit discussion of systemic discrimination (albeit not racial), the answer is Yes."
GA,18,20,GAS18E20,No,
GA,19,1,GAS19E01,Yes,"There is an explicit reference to racism and racial disparities when Dr. Jules Millin recognizes Dr. Pierce for her article about 'racial disparities in outcomes after bypass surgery.' This indicates that the topic of racial inequality in healthcare is directly mentioned in the episode. No other explicit or implicit references to racism, racial discrimination, or prejudice are present in the provided subtitles."
GA,19,2,GAS19E02,No,
GA,19,3,GAS19E03,No,
GA,19,4,GAS19E04,Yes,"There is an explicit discussion of racial discrimination and prejudice when Dr. Griffith describes her experiences in a previous residency program. She mentions being dismissed after raising concerns about the treatment of a Black patient, being called 'aggressive' and 'angry,' being denied opportunities, and enduring hostile comments about patients of color. These are clear references to racial bias and discrimination within the medical profession."
GA,19,5,GAS19E05,No,
GA,19,6,GAS19E06,No,
GA,19,7,GAS19E07,No,
GA,19,8,GAS19E08,No,
GA,19,9,GAS19E09,No,
GA,19,10,GAS19E10,No,
GA,19,11,GAS19E11,No,
GA,19,12,GAS19E12,No,
GA,19,13,GAS19E13,No,
GA,19,14,GAS19E14,No,
GA,19,15,GAS19E15,Yes,"There is an explicit reference to racial identity and workplace dynamics when a character says, 'Being the only woman and the token Black girl, I can't have leakage.' This acknowledges her experience as a Black woman in a predominantly non-Black environment, implying the pressures and potential biases she faces. The use of 'token' directly references racial representation and the challenges of being a minority in a professional setting, which relates to racial prejudice and systemic inequality."
GA,19,16,GAS19E16,No,
GA,19,17,GAS19E17,No,
GA,19,18,GAS19E18,Yes,"There is an explicit reference to race and racial representation when a character says, 'Very few Black men have been nominated for this award... So I'll be there.' This directly acknowledges the underrepresentation of Black men in receiving the Catherine Fox Award, which implies awareness of racial disparities and systemic inequalities in recognition within the medical field."
GA,19,20,GAS19E20,No,
GA,20,1,GAS20E01,No,
GA,20,2,GAS20E02,No,
GA,20,3,GAS20E03,No,
GA,20,4,GAS20E04,No,
GA,20,5,GAS20E05,No,
GA,20,6,GAS20E06,Yes,"There are implicit references to systemic inequalities and neglect that can be tied to racial or ethnic disparities. For example, the episode discusses how zip codes are a key determinant of longevity, which often reflects racial and socioeconomic segregation and its impact on health outcomes. Additionally, the storyline involving the incarcerated patient, Mr. Jiménez, highlights neglect and lack of adequate healthcare in the prison system, which disproportionately affects people of color due to systemic racism. The mention that his punishment 'was supposed to be time, not death,' and that he was ignored when he got sick, further implies systemic inequities. While there are no explicit discussions of race or racial slurs, these elements suggest the presence of racial prejudice and systemic discrimination."
GA,20,7,GAS20E07,Yes,"There are implicit references to racial disparities in maternal health outcomes, particularly with the storyline of Lauren's preeclampsia and her husband's fear that 'Lauren was not gonna be another statistic.' The phrase 'another statistic' in the context of a Black family (as suggested by the names and casting in the likely show this is from) alludes to the well-documented higher rates of maternal mortality and complications among Black women in the US, often due to systemic racism and bias in healthcare. Additionally, Simone's reflection that her mother died in childbirth at the same hospital, and her concern that 'someone missed something,' further implies the ongoing issue of Black women not being listened to or adequately cared for in medical settings. These are implicit but clear references to racial prejudice and systemic inequality."
GA,20,8,GAS20E08,Yes,"There are implicit references to racial prejudice and microaggressions. For example, one character mentions 'awkward stares and the microaggressions' and describes families feeling so unsafe in Texas that they consider putting a bulletproof vest on their trans son to see a doctor, indicating a hostile environment for marginalized groups. While this is primarily about transphobia, the mention of microaggressions and hostile environments in the context of marginalized identities can also be linked to racial prejudice, as the term 'microaggressions' is frequently associated with both racial and other forms of bias. Additionally, the episode includes diverse character names and some subtle references to bias in professional settings, though not overtly racial. Given the instruction to answer 'Yes' if there is any doubt, the presence of microaggressions and discussion of prejudice against marginalized groups is sufficient."
GA,20,9,GAS20E09,No,
GA,20,10,GAS20E10,No,
GA,21,3,GAS21E03,No,
GA,21,4,GAS21E04,No,
GA,21,5,GAS21E05,Yes,"The episode contains several implicit and explicit references to racial discrimination and systemic inequalities. The storyline involving Zayne Johnson, a Black hospital worker with sickle cell disease, highlights issues of healthcare inequity: he cannot access a new gene therapy cure because his insurance won't cover it and the treatment is prohibitively expensive. The dialogue references the systemic barriers faced by people with sickle cell (a disease that disproportionately affects Black people), including stigmas, misunderstandings, and being seen as 'a code or a cost' by the system. Characters discuss how the system 'doesn't care if you suffer or even if you live or die,' and that seeking treatment with sickle cell is 'a minefield of stigmas and misunderstandings.' These are clear references to systemic racial inequities and prejudice in healthcare."
GA,21,6,GAS21E06,No,
GA,21,7,GAS21E07,No,
GA,21,8,GAS21E08,No,
H,1,1,HS01E01,Yes,"There are both explicit and implicit references to race and racial prejudice in the subtitles. Explicitly, there is a conversation where Dr. Foreman, a Black doctor, discusses his juvenile record and the implications of being hired because of it. He references 'centuries of slavery, decades of civil rights marches,' and questions whether it's 'kind of disgusting' that he gets a top job because of his delinquency, which is a clear allusion to racial history and prejudice. Later, House says, 'You hired a black guy because he had a juvenile record. No. It wasn't a racial thing. I didn't see a black guy. I just saw a doctor with a juvenile record.' This exchange directly addresses issues of race, hiring biases, and the perception of racial discrimination. There are also implicit references to systemic inequalities, such as the discussion about low-wage workers needing to work while sick, which can be tied to broader social and racial disparities."
H,1,2,HS01E02,No,
H,1,3,HS01E03,No,
H,1,4,HS01E04,No,
H,1,5,HS01E05,No,
H,1,6,HS01E06,No,
H,1,7,HS01E07,Yes,"There is an implicit reference to race in the line: 'Well, that rules out the race thing. 'Cause you were just as black last week.' This exchange acknowledges the character's Black identity and references the possibility of racial factors affecting the situation, even if only to dismiss it. This constitutes an implicit mention of race and potential racial prejudice or discrimination, satisfying the criteria for a 'Yes' answer."
H,1,8,HS01E08,Yes,"There are two notable implicit references to race and racial prejudice. First, a character says 'This is gonna be a racial thing, isn't it?' when discussing why another character is assumed to be a drug user, suggesting awareness of racial stereotyping or bias. Second, when identifying the poisoned students on the bus, one is referred to as 'the Asian kid,' which is a reduction of identity to race and could be seen as a microaggression or stereotype. These moments indicate the presence of racial topics, even if not the main focus of the episode."
H,1,9,HS01E09,No,
H,1,10,HS01E10,No,
H,1,11,HS01E11,No,
H,1,12,HS01E12,No,
H,1,13,HS01E13,No,
H,1,14,HS01E14,No,
H,1,15,HS01E15,Yes,"There are implicit references to prejudice and discrimination related to sexuality, which are often intertwined with issues of masculinity and, in some contexts, racial or ethnic stereotypes (e.g., the mobster's fear of being perceived as gay, the overreaction to rumors about being a 'homo,' and the concern about reputation in prison and in the mob). Additionally, there are mentions of 'sensitivity training' and staff making inappropriate comments about the patient being a 'crackhead or a homo,' which suggests a workplace culture that may also be insensitive to other forms of prejudice, including racial prejudice. While there are no explicit mentions of racism or racial discrimination, the presence of microaggressions, stereotypes, and discussions about prejudice (even if centered on sexuality) indicate that the episode touches on themes of bias and discrimination. If there is any doubt, the answer should be 'Yes.'"
H,1,16,HS01E16,No,
H,1,17,HS01E17,Yes,"The topic of racism and racial prejudice is explicitly mentioned and discussed multiple times in the subtitles. The senator refers to being told he doesn't have a chance because he's black and doesn't 'have the right nose.' There are references to the challenges of being a black politician, such as not being given the benefit of the doubt, not being cut a second chance, and the pressure of being a role model for the race. There's also a pointed remark about the White House not being called that 'because of the paint job,' which is an implicit reference to racial exclusion. These elements clearly indicate the presence of discussions about racism and racial prejudice."
H,1,18,HS01E18,No,
H,1,19,HS01E19,Yes,"There is an implicit reference to racial stereotyping and prejudice in the scene where House interviews a candidate with a tattoo of an Asian letter. House sarcastically mocks the candidate's 'nonconformity' and makes a stereotypical comment about 'Asian kids who don't leave the library for 20-hour stretches,' implying a racial stereotype about Asian students and academic pressure. Additionally, the conversation about reviewing résumés for 'Asian names' further suggests racial bias in hiring practices. These instances indicate the presence of racial prejudice and stereotyping, even if presented in a satirical or critical manner."
H,1,20,HS01E20,No,
H,1,21,HS01E21,No,
H,1,22,HS01E22,Yes,"There are implicit references to racism and racial prejudice in the subtitles. For example, House refers to Dr. Foreman as 'Dr. Mandingo' and tells him to go ask the wife if she's been 'messin' around,' and later says, 'Dr. Mandingo, you're needed at the plantation house.' These are racially charged references: 'Mandingo' is a term historically associated with racist stereotypes of Black men, and 'plantation house' evokes imagery of slavery in the American South. These comments are played as jokes but are rooted in racial stereotypes and microaggressions. Additionally, there is a line where Foreman jokes about being tired from 'stealing cars,' referencing a stereotype about Black people and crime. These examples indicate the presence of racial prejudice and microaggressions, even if not the main theme of the episode."
H,2,1,HS02E01,Yes,"There are explicit references to racism and racial prejudice in the subtitles. For example, there is a discussion about the racial disparity in death penalty sentencing ('Black defendants are 10 times more likely to get a death sentence than whites'), and jokes about being kept down by 'The Man.' There are also implicit references, such as characters discussing their backgrounds, being judged for being 'black' or from the 'inner city,' and exchanges about stereotypes and assumptions based on race (e.g., 'How a brother like you go from gang banging to wearing that white coat?'). These elements indicate the presence of both explicit and implicit references to racism and racial prejudice."
H,2,2,HS02E02,No,
H,2,3,HS02E03,Yes,"There are multiple explicit and implicit references to racism, racial prejudice, and discrimination in these subtitles. For example, there is a conversation about a blood pressure medication targeted to African-Americans, with skepticism about whether the studies are trustworthy and a discussion about the history of medical racism and exploitation ('I've had white people lying to me for 60 years', 'cheap meningitis drugs they're pawning off in Africa', 'slave master thought they were doing the black man a favor', 'Good one, massa'). There is also the use of the term 'Oreo' as a racial slur, and a character's suspicion about being prescribed a 'racist drug.' These references show both explicit and implicit engagement with issues of racism and racial prejudice."
H,2,4,HS02E04,No,
H,2,5,HS02E05,Yes,"There are both explicit and implicit references to race and racial bias in the subtitles. Explicitly, the patient's race is mentioned as a diagnostic factor: 'He's black. I'm assuming he's not just really dirty, but is of African descent, which means he'd have a lower white count.' This line both references the patient's race and uses a potentially insensitive joke. Additionally, the patient's grandfather is noted to have served 'in an all-black tank battalion under Patton,' referencing historical racial segregation in the military. There are also implicit references to socioeconomic status and assumptions about the patient's background, such as the father's concern about his son accepting things from 'rich friends' and wanting him to 'remember who he is, where he came from.' The father's belief that claiming a better job title would lead to better treatment for his son ('The better my job, the better my son gets treated') suggests an awareness of bias, potentially including racial or class-based discrimination. These elements together indicate that the topic of racism, racial discrimination, or racial prejudice is present or implied in the episode."
H,2,6,HS02E06,No,
H,2,7,HS02E07,Yes,"There are several implicit and explicit references to prejudice and discrimination, particularly around sexual orientation and HIV/AIDS, which often intersect with issues of stigma and social bias similar to racial prejudice. The most direct reference to bigotry is when House accuses Kalvin's father of being a bigot for throwing his son out, referencing the difficulty of 'bragging to your hunting buddies that your son knows all the words to The Wiz,' which is a coded reference to both race and sexuality (The Wiz being a musical with a predominantly Black cast). While the primary focus is on homophobia and HIV stigma, the mention of 'brothers on the down-low' and the dialogue about condom use among Black men ('Brothers on the down-low got to') brings in racialized stereotypes and implicit racial dynamics. Additionally, there are references to systemic issues, such as the hospital's legal department potentially blaming a female doctor for contracting HIV by assuming she's a 'drug user or tramp,' which, while more about gender, can overlap with racialized assumptions in healthcare. Given these implicit references and the guideline to answer 'Yes' if there is any doubt, the answer is Yes."
H,2,8,HS02E08,No,
H,2,9,HS02E09,Yes,"There are several implicit and explicit references to race and racial prejudice in the subtitles. Most notably, there is a conversation about why Dr. Foreman, a Black doctor, was chosen to be in charge, with a character sarcastically suggesting it was because 'she wanted someone black.' Additionally, House refers to Foreman as 'Blackpoleon Blackaparte,' a play on Napoleon Bonaparte that highlights Foreman's race in a mocking way. These references indicate the presence of racial dynamics and bias in the workplace, even if not always overtly hostile. There is also a brief mention of sickle cell disease and the stereotype that it only affects Black people, which is corrected but still brings up racial assumptions in medicine."
H,2,10,HS02E10,No,
H,2,11,HS02E11,No,
H,2,12,HS02E12,No,
H,2,13,HS02E13,No,
H,2,14,HS02E14,Yes,"There is an explicit discussion about organ transplant criteria, where one character sarcastically brings up racial disparities in life expectancy and suggests that African-Americans die younger and would be deprioritized for transplants. This is a direct reference to systemic racial inequalities in healthcare and resource allocation, and the conversation uses the word 'racist' to challenge the fairness of such criteria. This constitutes both an explicit and implicit mention of racism and racial prejudice."
H,2,15,HS02E15,No,
H,2,16,HS02E16,No,
H,2,17,HS02E17,No,
H,2,18,HS02E18,No,
H,2,19,HS02E19,No,
H,2,20,HS02E20,Yes,"There are several implicit references to racism and racial prejudice. The character Foreman, who is Black, is accused of having 'repressed black anger' by House, which is a racially charged stereotype. There is also a discussion about Foreman not liking cops, and House questions whether it's due to his race. Additionally, Foreman is treated with suspicion and his motives are questioned in a way that suggests racial bias. These interactions imply the presence of racial prejudice and stereotypes, even though the topic is not discussed explicitly."
H,2,21,HS02E21,Yes,"There are both explicit and implicit references to race and racial disparities. For example, House explicitly states, 'Foreman's black,' and discusses how certain diseases affect black people more than whites, listing conditions like lupus, gout, glaucoma, etc. There is also a joke where House refers to himself as 'Honky,' which is a racial term. Additionally, the dynamic between Foreman (a Black doctor) and his colleagues, as well as the mention of 'Dr. Bling' as a pet name, could be interpreted as referencing racial stereotypes or microaggressions. The episode also explores how race may affect medical diagnosis and treatment, which touches on systemic inequalities."
H,2,22,HS02E22,No,
H,2,23,HS02E23,Yes,"There are several implicit references to race and racial identity in the subtitles. For example, Leona is described as looking 'just like you, got the same 'fro,' and there is a discussion about whether she is 'a light-skinned black chick or a dark-skinned white chick.' The mention of her experiences after Hurricane Katrina, including losing her home and living on the streets, alludes to systemic inequalities that disproportionately affected Black communities. There are also references to genetic background and ethnicity in the sperm donor conversation, including a joke about 'the Jewish number.' Additionally, the line 'I think the Germans had a similar theory about 60 years ago' refers to eugenics and racial purity, which is a direct reference to racism. While there are no explicit acts of racial discrimination or slurs, the episode contains multiple implicit references to race, racial identity, and systemic issues."
H,2,24,HS02E24,No,
H,3,1,HS03E01,No,
H,3,2,HS03E02,No,
H,3,3,HS03E03,Yes,"There is an explicit reference to unethical medical experimentation on newborn babies without parental consent, including the line: 'He injected newborn babies with radioactive agents just to see if they had urethral reflux. He was curious. He wasn't doing anything his peers weren't doing. His peers at Tuskegee and Willowbrook?' The mention of Tuskegee is a direct reference to the infamous Tuskegee Syphilis Study, a notorious case of racial discrimination and medical racism against Black men in the United States. The dialogue draws a parallel between the character's actions and those historical examples of racist medical abuse, thus bringing up the topic of racism and racial prejudice, both explicitly and implicitly."
H,3,4,HS03E04,Yes,"There is an explicit reference to race and social privilege in the following exchange: 'See, skinny, socially-privileged white people get to draw this neat little circle. Everyone inside the circle is normal. Everyone outside the circle should be beaten, broken and reset, so they can be brought into the circle. Failing that, they should be institutionalized, or worse, pitied.' This dialogue directly discusses racial and social privilege, the concept of 'normalcy,' and the marginalization of those outside the dominant group, which is an implicit commentary on systemic prejudice and discrimination. While the main plot is not about racism, this exchange is a clear reference to racial and social bias."
H,3,5,HS03E05,Yes,"The subtitles contain explicit references to racism and racial prejudice. There is a discussion about the challenges faced by an interracial couple, including a character stating, 'Everybody thinks they're so liberal, but I see how they look at us. White and black, especially black.' Another character describes his father as a 'drunk, pill-popping racist' who broke his arm for dating a black girl. There are also jokes and comments about interracial dating, racial stereotypes, and cultural differences. Additionally, there is a scene where a character suggests he is being targeted by police because he is Latino. These references indicate the presence of both explicit and implicit racism and racial prejudice in the episode."
H,3,6,HS03E06,Yes,"There is an explicit reference to racism in the following exchange: 'The only people you can still make fun of. And Christians. Oh, and black people.' This line directly mentions black people as a group that is still subject to ridicule, which is an explicit acknowledgment of racial prejudice. Additionally, the opening joke refers to a 'sister from Brooklyn,' which may implicitly invoke racial or ethnic stereotypes, though it is not as direct as the aforementioned line."
H,3,7,HS03E07,Yes,"There is an explicit reference to racism and systemic discrimination in the story told by a character about a 'buraku' doctor in Japan. The character explains that the buraku are 'untouchables,' historically discriminated against because their ancestors were slaughterers and gravediggers, and that this doctor was not accepted by the staff due to his background. This is a clear mention of racial/ethnic prejudice and systemic inequality."
H,3,8,HS03E08,No,
H,3,9,HS03E09,No,
H,3,10,HS03E10,Yes,"While there are no explicit discussions of racism or racial discrimination, there are multiple implicit references to prejudice and discrimination based on physical difference, specifically dwarfism. The episode repeatedly depicts characters making jokes, puns, and insensitive comments about dwarfism, such as 'Delightful. Usually we just get the elf jokes this time of year,' 'What flavor dwarfs are you guys?' and 'You want her to overcome adversity. Yes. Then why stop at height? Poke a stick in her eye. Imagine how interesting she'll be then.' These exchanges highlight the experience of being treated as different or lesser due to physical characteristics, which parallels the experience of racial prejudice and discrimination. Additionally, the patient and her mother discuss being used to 'people's idiocy' and being treated as 'freaks,' which further implies a broader theme of prejudice based on inherent traits, including but not limited to race or ethnicity."
H,3,11,HS03E11,No,
H,3,12,HS03E12,No,
H,3,13,HS03E13,Yes,"The episode contains both explicit and implicit references to racism and prejudice. The Romany (Gypsy) family faces suspicion, stereotyping, and mistrust from others, and there are discussions about historical and systemic discrimination against Romany people, including references to laws and experimentation. The family's reluctance to trust doctors is directly linked to past abuses against their ethnic group. There is also a scene where a character uses the slur 'gyp,' which is a derogatory term derived from 'Gypsy.' Additionally, the episode draws parallels to other historical instances of racial discrimination, such as the Tuskegee experiments and Rosa Parks, further highlighting the theme of racial prejudice."
H,3,14,HS03E14,Yes,"There are explicit references to ethnic and religious prejudice in the subtitles. For example, a character says, 'That's one of them Jew names. Ashkenazis are a higher-risk group. ... They killed our Lord. You're gonna trust them?' This is a direct expression of antisemitic stereotypes and prejudice. Additionally, there are implicit references to prejudice and stereotypes regarding gender identity (e.g., 'Tranny nurse is more interesting,' 'The nurse used to be a man. She's not anymore? But we can't talk about that.') While these are more related to transphobia than racism, the explicit antisemitic comments clearly indicate the presence of racial or ethnic prejudice."
H,3,15,HS03E15,No,
H,3,16,HS03E16,No,
H,3,17,HS03E17,No,
H,3,18,HS03E18,No,
H,3,19,HS03E19,Yes,"There is an explicit reference to racism and racial prejudice when Jasper says, 'He said I smelled like a monkey.' The phrase 'smelled like a monkey' is a well-known racial slur and stereotype, particularly when directed at people of African descent, though it can be used more broadly as a racist insult. The context involves a child being insulted and then getting into a fight as a result. This is a clear instance of racial prejudice being mentioned in the episode."
H,3,20,HS03E20,Yes,"There are both explicit and implicit references to racism and racial prejudice in the subtitles. Explicitly, a character says, 'You figure she's a minority, she must be stoned?' in response to an assumption about drug use, directly acknowledging racial bias. Implicitly, the dialogue discusses characters who 'got out of the projects' and the idea that 'the system's not set up for people like me,' referencing systemic inequalities faced by people of color. The character Foreman describes feeling like he doesn't belong and fears being 'sent back,' which alludes to the experience of minorities in predominantly white spaces. The episode also explores stereotypes and prejudices about drug use, criminality, and social mobility associated with race."
H,3,21,HS03E21,Yes,"There is an explicit reference to race and racial disparities in the context of bone marrow donation. The dialogue states: 'They're African American. It makes it nearly impossible to find a full match.' This directly references the difficulty African American patients face in finding bone marrow donors, which is a real-world issue rooted in systemic inequalities and underrepresentation in donor registries. This is an explicit mention of systemic racial disparities in healthcare."
H,3,22,HS03E22,No,
H,3,23,HS03E23,No,
H,3,24,HS03E24,Yes,"There are several implicit references to race and ethnicity, particularly in the depiction of the Cuban couple as refugees from a 'dirt-poor country in the tropics.' There are comments about Castro, Cuba, and the assumption that infectious diseases and parasites are likely causes of illness because of the patient's origin. The line 'Foreman's not the only chocolate-covered cherry in the box' is a racialized joke referencing Foreman's race (he is Black). There are also subtle microaggressions and stereotypes about immigrants, such as questioning the husband's skills and emphasizing their struggle to reach the U.S. for medical care. These elements suggest the presence of racial and ethnic prejudice, both in dialogue and in the framing of the characters."
H,4,1,HS04E01,No,
H,4,2,HS04E02,Yes,"There are implicit references to racial prejudice and discrimination. For example, the phrase 'Just entered Indian Country' is a military slang term with a problematic history, referencing Native American lands as hostile territory, which perpetuates negative stereotypes. Additionally, a character mentions, 'According to the state of New Jersey, medical schools in my country suffer from not being from this country,' which implies discrimination against foreign medical graduates, often rooted in racial or ethnic bias. There is also a pointed remark, 'You're wearing a ring from Brigham Young. Or did your folks just do the lawns?' which is a microaggression implying a stereotype about Latino or immigrant labor. These instances suggest the presence of racial prejudice or discrimination, even if not the central topic."
H,4,3,HS04E03,No,
H,4,4,HS04E04,Yes,"There are several explicit and implicit references to race and racial dynamics in the subtitles. For example, House says, 'Take Bosley and the other visible minority to the funeral home. The rest of you young, white people, the world is your oyster.' This is a direct reference to race and the concept of 'visible minority.' Later, House says, 'Well, I can't ask the black guy or one of the chicks to do it. That would be insensitive.' This acknowledges racial and gender-based sensitivity in assigning tasks, implying awareness of potential discrimination or prejudice. These lines, along with the use of 'visible minority' and references to someone's race or ethnicity in the context of workplace dynamics, suggest the presence of racial topics, even if used satirically or as social commentary."
H,4,5,HS04E05,Yes,"There is an implicit reference to race and racial identity when a character says, 'A black Mormon could help that way. There's no reason for you to want to be there.' This line references the character's race (black) and religion (Mormon) in a context that suggests her identity is unusual or noteworthy in the given situation, which implies awareness of racial difference and possibly stereotype. While there are no explicit discussions of racism or discrimination, this reference to race in a context of motivation and belonging is an implicit nod to racial identity and potential prejudice."
H,4,6,HS04E06,Yes,"There is an implicit reference to racism in the line: 'Someone thought black people made excellent farm implements.' This is a reference to the dehumanization and exploitation of Black people as slaves, which is an explicit invocation of racism and racial prejudice, even though it is used as a historical example in a metaphorical context."
H,4,7,HS04E07,No,
H,4,8,HS04E08,No,
H,4,9,HS04E09,No,
H,4,10,HS04E10,No,
H,4,11,HS04E11,No,
H,4,12,HS04E12,No,
H,4,13,HS04E13,Yes,"There is an explicit reference to racism in the line: 'And a disturbingly large proportion of your comments are racist or sexist.' This is further illustrated by the example, 'That top makes you look like an Afghani prostitute.' While the episode does not focus on racism as a central theme, the presence of racist comments and the acknowledgment of them in a professional review indicate that the topic of racism or racial prejudice is mentioned."
H,4,14,HS04E14,No,
H,4,15,HS04E15,No,
H,4,16,HS04E16,No,
H,5,1,HS05E01,No,
H,5,2,HS05E02,Yes,"There is an explicit reference to racial prejudice when a character says, 'Old people are scared of black people.' This line directly mentions a stereotype about racial bias, indicating the presence of racism or racial prejudice in the episode."
H,5,3,HS05E03,No,
H,5,4,HS05E04,Yes,"There are both explicit and implicit references to racism and racial prejudice in the subtitles. Explicitly, there's a scene where a character says to another, 'Kutner, you're sort of Asian, right? Get it translated,' which is an example of a microaggression and racial stereotyping. Implicitly, the storyline involving the Chinese birth parents refusing to acknowledge their daughter, the references to China's One Child Policy and the possible attempted infanticide of a girl due to gender, and the discussion about being adopted by a white family and feeling like an outsider all touch on issues of racial discrimination, prejudice, and systemic inequality. Additionally, the phrase 'that's the third time we've passed that colonial with the cross burning out front' is an allusion to racist hate crimes (cross burning being associated with the Ku Klux Klan)."
H,5,5,HS05E05,No,
H,5,6,HS05E06,Yes,"There is an implicit reference to racism/racial prejudice when House deduces that the patient and his daughter are not telling the truth about their names and background. He specifically says, 'The most common cause of anhedonia is schizophrenia. Sure, in white folk. They're black? They're liars.' This exchange implies an assumption about race and honesty, and then reveals that the family changed their name from 'Jamal Hammoud' to 'Jerry Harmon' due to anti-Arab prejudice after the US invaded Iraq. The need to hide their ethnic identity to avoid discrimination is a clear reference to racial/ethnic prejudice."
H,5,7,HS05E07,No,
H,5,8,HS05E08,No,
H,5,9,HS05E09,No,
H,5,10,HS05E10,No,
H,5,11,HS05E11,Yes,"There are implicit references to racial prejudice and stereotypes in the subtitles. Specifically, when Kutner is being questioned about being bullied, House sarcastically refers to him as 'the Indian foster kid whose parents were shot in front of him,' implying that Kutner, due to his ethnicity and background, would have been a target for bullying. This exchange suggests an awareness of racial stereotypes and the likelihood of experiencing prejudice based on race and personal history. While not the central theme, this is an implicit reference to racial bias."
H,5,12,HS05E12,No,
H,5,13,HS05E13,No,
H,5,14,HS05E14,No,
H,5,15,HS05E15,No,
H,5,16,HS05E16,No,
H,5,17,HS05E17,Yes,"There is an implicit reference to racial/ethnic identity and stereotypes when House says to Taub, 'First of all, Wilson played tennis on his college team, and you are a Jew. You're not athletic. Run to the end of the hall and back, I'll time you.' This is followed by a discussion referencing Sandy Koufax and the Holocaust, which further invokes Jewish identity and stereotypes about Jewish athleticism. These lines suggest the presence of racial/ethnic prejudice, even if framed as humor or banter."
H,5,18,HS05E18,No,
H,5,19,HS05E19,No,
H,5,20,HS05E20,Yes,"There are several implicit references to issues of race and ethnicity, particularly in the discussion about Kutner's background. Kutner was adopted and changed his name from Lawrence Choudhary to Lawrence Kutner, and House suggests he was conflicted about his identity and heritage, saying 'It's hard to still be Lawrence Choudhary when everyone sees you as Lawrence Kutner.' The dialogue explores the challenges of maintaining one's ethnic identity in a predominantly white environment and the pressure to assimilate, which are themes related to racial prejudice and systemic issues. There is also mention of the 'rainbow coalition missing Brown and Bi,' which references racial and ethnic diversity among the team. These elements suggest the presence of racial identity struggles and the implications of racial bias, even if not overtly stated as racism or discrimination."
H,5,21,HS05E21,No,
H,5,22,HS05E22,Yes,"There are implicit references to racial or ethnic prejudice in the subtitles. For example, the line 'a whole new generation of hot girls have been abused by their stepfathers' is a problematic stereotype, and the joke about the NAACP award ('Cuddy doesn't actually want you in charge. She just wants to avoid a lawsuit and to win an NAACP award.') references racial issues in a dismissive way. Additionally, the scene where immigration officials detain Chase and say 'Illegals only' touches on issues of discrimination based on nationality or ethnicity. While there are no explicit discussions of racism, these moments suggest the presence of racial or ethnic prejudice."
H,5,23,HS05E23,No,
H,5,24,HS05E24,No,
H,6,1,HS06E01,Yes,"There are both explicit and implicit references to race and racial issues. Explicitly, there is a line: 'Thought you'd be a little more sensitive on the slavery issue. You can't keep me. And he's black.' This directly references race and the history of slavery. Additionally, there are implicit references: Alvie introduces himself as 'the Puerto Rican version' of a Woody Allen character, and later raps about being a 'manic Hispanic' and how 'the doctors think I'm lazy.' These lines touch on racial and ethnic identity and stereotypes. The episode also features a diverse cast of characters, some of whom discuss or are depicted in ways that reference their racial or ethnic backgrounds."
H,6,2,HS06E02,No,
H,6,3,HS06E03,Yes,"The subtitles contain multiple explicit and implicit references to racism, racial prejudice, and ethnic violence. The central plot involves President Dibala, who is accused of planning genocide against the Sitibi people, an ethnic group. There are references to ethnic slurs ('cockroach'), discussion of mass killings, and the use of youth militias to torture and kill Sitibi people. The dialogue includes characters describing systemic violence, ethnic cleansing, and the targeting of people based on their ethnicity. Additionally, there are references to historical events like Rwanda, which further imply racial/ethnic prejudice and discrimination."
H,6,4,HS06E04,No,
H,6,5,HS06E05,No,
H,6,6,HS06E06,No,
H,6,7,HS06E07,Yes,"There are several references that imply the topic of racism or racial prejudice. The most explicit is the discussion about 'the dead African dictator' and 'Dibala,' which refers to a storyline in which a character (Chase) killed an African leader (Dibala) while he was a patient, and the aftermath involves guilt and moral debate. The dialogue references 'the full horror of his homicide,' 'no one is going to bail us out,' and 'the big, bad, evil climate that allowed it to happen,' which allude to systemic issues and possibly racialized violence. There is also a mention of 'Idi Amin Jr.' and the phrase 'murder,' which further implies racial and political context. Additionally, the mention that 'no transplant committee will say this openly, they'll never grant an organ to someone working in your profession' hints at discrimination, though in this context it's about being a porn actor, not race. However, the storyline about Dibala and the references to an African dictator, murder, and the resulting guilt and moral debate are strong enough to say that the topic of racism or racial prejudice is present or implied."
H,6,8,HS06E08,No,
H,6,9,HS06E09,No,
H,6,10,HS06E10,No,
H,6,11,HS06E11,No,
H,6,12,HS06E12,No,
H,6,13,HS06E13,No,
H,6,14,HS06E14,No,
H,6,15,HS06E15,No,
H,6,16,HS06E16,No,
H,6,17,HS06E17,No,
H,6,18,HS06E18,No,
H,6,19,HS06E19,No,
H,6,20,HS06E20,Yes,"The episode explicitly addresses issues of prejudice and discrimination related to sexual orientation, particularly through the depiction of conversion therapy, which is a form of systemic and institutionalized discrimination against LGBTQ+ individuals. While the main focus is on homophobia and the protagonist's struggle with his identity, there are also implicit references to societal and familial pressures to conform to heteronormative expectations. Although the episode does not directly mention racism or racial prejudice, the presence of conversion therapy and the associated discrimination are parallel forms of prejudice and systemic inequality based on identity. Given the instruction to answer 'Yes' if there is any doubt and to include implicit references, the answer is Yes."
H,6,21,HS06E21,Yes,"There is an implicit reference to racial prejudice and systemic discrimination in the subplot involving Juan Alvarez (Alvie), who is Puerto Rican. Despite Puerto Ricans being U.S. citizens, Alvie faces immigration issues and is not believed by authorities, requiring him to prove his citizenship at a special hearing. He explicitly states, 'You know that Puerto Ricans are US citizens, right?... People like that don't listen to people like me.' This dialogue suggests experiences of racial/ethnic bias and systemic barriers, even though no explicit racial slurs or overt racism are present."
H,6,22,HS06E22,No,
H,7,1,HS07E01,No,
H,7,2,HS07E02,Yes,"The episode includes a medical diagnosis of sickle cell trait, a condition that disproportionately affects people of African descent, which is an implicit reference to race. Although there is no explicit discussion of racism or racial prejudice, the presence of sickle cell trait as a plot point can be seen as an implicit reference to race and racialized health disparities. Additionally, the episode explores issues of bias and favoritism (though not specifically racial), but the sickle cell trait storyline is enough to warrant a 'Yes' answer."
H,7,3,HS07E03,Yes,"There is an explicit reference to racial prejudice when a character says 'She hates Jews' after a go-kart incident. This is a direct mention of antisemitism, which is a form of racial or ethnic prejudice. Additionally, there is a brief mention of a maid being 'probably illegal,' which could be interpreted as a microaggression or stereotype based on ethnicity or immigration status, though this is less explicit. The explicit antisemitic remark is sufficient to answer Yes."
H,7,4,HS07E04,No,
H,7,5,HS07E05,Yes,"There are explicit references to race and racial stereotypes in the subtitles. For example, House makes a comment: 'I knew about the Jew, the black and the croc hunter. But when did we get our Asian persuasion on?' and follows it with 'Well, I just wasted a perfectly good racial epithet.' This is a direct, albeit flippant, mention of racial and ethnic identities and the use of racial epithets. Additionally, there is a moment where Foreman, a Black character, is told 'You want me to hire a white girl?' in the context of hiring decisions, which touches on race and potential racial bias in employment. These references, both explicit and implicit, indicate that the topic of racism, racial discrimination, or racial prejudice is present in the episode."
H,7,6,HS07E06,Yes,"The subtitles contain both explicit and implicit references to racism, racial prejudice, and discrimination. The political campaign ad at the beginning uses anti-immigrant rhetoric targeting 'illegal immigrants' and specifically mentions a candidate named John Moreno, implying Latino heritage. The discussion about Latino voters, the significance of the opponent's name being 'Moreno,' and the line 'Black guy campaigning for the opposition? Does Obama know about this? I tried calling him on the Brother Hotline. He didn't pick up.' are explicit references to race and racial identity. The ad and subsequent dialogue play on racial stereotypes and political strategies that exploit racial and ethnic divisions, which are clear examples of racial prejudice and the use of race as a political weapon."
H,7,7,HS07E07,Yes,"The episode explicitly references racism and racial discrimination in several ways. The plot involves a Dutch slave ship, and there is discussion about diseases affecting only the African slaves and not the white crew, with lines such as 'It say only African men sick' and 'The disease doesn't have to be racist, it could be classist.' There is also a sarcastic, racially charged joke about the slaves mowing the speaker's ancestors' lawns. The episode discusses historical systemic inequalities, such as the conditions on slave ships, and diseases disproportionately affecting enslaved Africans due to their treatment. These references, both explicit and implicit, indicate that the topic of racism and racial prejudice is present."
H,7,8,HS07E08,No,
H,7,9,HS07E09,Yes,"There are explicit references to race and racism in the dialogue. For example, one character says, 'That's 'cause I'm black,' in response to not being chosen as the face of the hospital, and another says, 'You seem pretty calm for a guy who's surrounded by racists. 80% of the Princeton population is white. Some are racist, some aren't.' These lines directly address issues of race, racial demographics, and the experience of being a minority in a predominantly white environment, clearly invoking the topic of racism and racial prejudice."
H,7,10,HS07E10,No,
H,7,11,HS07E11,No,
H,7,12,HS07E12,No,
H,7,13,HS07E13,Yes,"There is an implicit reference to race and systemic inequality when a character says, 'Don't you think it's time you people stop looking to the white man to solve all your problems?' This line directly references racial dynamics and stereotypes, implying issues of race, dependency, and possibly prejudice. Additionally, there is a discussion about using connections to get into a prestigious preschool, which can also be read as an implicit reference to systemic inequalities that often have racial dimensions, though this is less explicit. The first example is sufficient to answer Yes."
H,7,14,HS07E14,No,
H,7,15,HS07E15,No,
H,7,16,HS07E16,No,
H,7,17,HS07E17,No,
H,7,18,HS07E18,Yes,"There is an implicit reference to race and racial stereotypes in the exchange: 'This is where a lesser man would make a ""black guy skiing"" joke.' This line acknowledges the existence of racial stereotypes and jokes about Black people and skiing, which is an implicit reference to racial prejudice. No other explicit or implicit references to racism or racial discrimination are present, but this mention is sufficient."
H,7,19,HS07E19,No,
H,7,20,HS07E20,Yes,"There is an implicit reference to racial prejudice in the exchange: 'Can't be easy trying to succeed in a white man's world.' This line acknowledges the existence of systemic racial barriers and bias, particularly as experienced by a Black character (Foreman) in a predominantly white professional environment. The conversation directly references the challenges faced due to race, which constitutes an implicit mention of racism or racial prejudice."
H,7,21,HS07E21,No,
H,7,22,HS07E22,No,
H,7,23,HS07E23,No,
H,8,1,HS08E01,Yes,"There are implicit references to racism and racial prejudice in the episode. For example, there are mentions of prison gangs with Nazi affiliations ('crazy, roided out Nazi bitches', 'swastikas'), and a character ironically claims to be 'a black, gay gypsy' in response to a discussion about ethnicity and identity. The presence of swastikas and Nazi references in a prison context strongly implies the existence of racialized prison gangs and the associated prejudice and discrimination. Additionally, the dialogue includes subtle references to racial and social stereotypes (e.g., 'low lifestyle' as a medical assumption), and the prison environment depicted is one where systemic inequalities and racial dynamics are often present, even if not made explicit in every line."
H,8,2,HS08E02,Yes,"There are several implicit and explicit references to race and potential racial prejudice. For example, House makes a joke about the new team member's ethnicity ('I have no idea what flavor you are, so I thought I'd just cover the spread. My mom's Filipino, Dad's Korean.'), which is a direct reference to her racial background and stereotypes. Additionally, House refers to someone as 'Kato' and 'Black Beauty,' which are both potentially racially charged nicknames. There is also discussion about the character's parents and cultural expectations, which can be tied to experiences of ethnic or racial identity. These references suggest that race and potentially racial prejudice are present or implied in the episode."
H,8,3,HS08E03,No,
H,8,4,HS08E04,Yes,"There are several implicit and explicit references to race and racism in the subtitles. For example, there is a sarcastic remark about moving a company to China 'because I'm craving egg foo yung,' which plays on a Chinese food stereotype. There's also a discussion about child labor in Filipino factories, referencing a '10-year-old cousin' working in an American factory in Cebu City, and the statement that 'the Filipino factories suck worse,' which touches on global labor exploitation often tied to race and ethnicity. Additionally, a character says, 'We only help rich white guys?' and another refers to 'racists and rapists in prison,' indicating the presence of racial issues. There's also a scene where a character corrects a 'drunk, racist frat guy' about the term 'conjoined twin' versus 'Siamese,' referencing both a racial slur and stereotype. These examples show that the episode contains both explicit and implicit references to racism, racial prejudice, and discrimination."
H,8,5,HS08E05,No,
H,8,6,HS08E06,Yes,"There are several implicit and explicit references to race and racial prejudice. For example, there is a line where a character jokes about prison and says, 'when I have an angry black guy waiting for me to drop the soap right here,' which is an explicit reference to racial stereotypes about black men and prison. Additionally, there are microaggressions and stereotypes present in the dialogue, such as the mention of 'Park's tiger mom and dad,' which references an Asian stereotype. These references indicate that the topics of racism, racial discrimination, or racial prejudice are present or implied in the episode."
H,8,7,HS08E07,No,
H,8,8,HS08E08,No,
H,8,9,HS08E09,No,
H,8,10,HS08E10,No,
H,8,11,HS08E11,No,
H,8,12,HS08E12,No,
H,8,13,HS08E13,No,
H,8,14,HS08E14,No,
H,8,15,HS08E15,No,
H,8,16,HS08E16,No,
H,8,17,HS08E17,No,
H,8,18,HS08E18,No,
H,8,19,HS08E19,No,
H,8,20,HS08E20,No,
H,8,21,HS08E21,No,
H,8,22,HS08E22,Yes,"There is an explicit racial reference in the line: 'Just a tiny white lie. No offence. Especially since from what I hear nothing black is tiny. Except your penis, I guess.' This is a racially charged joke referencing stereotypes about Black men and penis size, which constitutes an explicit mention of racial prejudice and stereotyping."
NA,1,1,NAS01E01,Yes,"There are explicit and implicit references to race and racial prejudice. For example, Dr. Goodwin jokes with Dr. Reynolds about Yale secret societies and says 'the one that took a poor black kid,' directly referencing Reynolds' race and background. Later, Reynolds breaks off a relationship with Lauren, saying 'Because you're not black,' and explains his desire for black children and the cultural context of black athletes dating white women, which touches on issues of racial identity, community expectations, and interracial relationships. Additionally, there are references to patients from Liberia and Chiapas, and the challenges faced by undocumented immigrants, which can imply systemic inequalities based on ethnicity and nationality."
NA,1,2,NAS01E02,No,
NA,1,3,NAS01E03,Yes,"There are implicit references to systemic inequalities and racial disparities, particularly in the storyline involving Janelle, a pregnant incarcerated woman. The discussion about her fear of her baby being taken away and placed in foster care, and the solution to keep incarcerated mothers with their newborns, highlights issues of systemic discrimination that disproportionately affect women of color. Additionally, Dr. Reynolds explicitly discusses the underrepresentation of women and women of color in surgical positions, noting that statistics for women of color 'don't exist,' and states his intention to hire women of color first to address this inequity. These elements suggest the presence of racial prejudice and systemic inequality, even though racism is not discussed explicitly."
NA,1,4,NAS01E04,No,
NA,1,5,NAS01E05,Yes,"The subtitles contain multiple explicit and implicit references to racism, racial discrimination, and racial prejudice. Explicitly, a character says, 'stop the police from shooting black boys trying to get to school on time,' directly referencing systemic racism and police violence against Black youth. Another character discusses 'the dangers of walking around in brown skin,' and notes, 'it's a lesson we learn early,' highlighting the lived experience of racial minorities in the U.S. There are also implicit references, such as microaggressions from security staff and the focus on how the shooting victims are treated by police and hospital staff. The episode addresses systemic inequalities, trauma from racialized violence, and the impact of race on safety and health outcomes."
NA,1,6,NAS01E06,Yes,"There are implicit references to racial prejudice and discrimination. For example, one character discusses how their parents avoid visiting their family, which consists of 'two gay dads and their Muslim kids,' and says, 'The truth would be a good start. ""The truth""? That two gay dads and their Muslim kids aren't worthy of love?' This implies the grandparents' rejection is due to both homophobia and Islamophobia, which are forms of prejudice based on sexual orientation and religion/ethnicity. Additionally, there are references to a character being brought back from Bangladesh and concerns about whether the grandparents will accept her and her brothers, which may imply issues of racial or ethnic bias. There is also a scene in the Corrections Ward where a guard refers to the inmates as 'these scum' and 'these bastards,' and the context of the Corrections Ward (often disproportionately affecting people of color) could imply systemic racial prejudice, though this is less explicit."
NA,1,7,NAS01E07,No,
NA,1,8,NAS01E08,No,
NA,1,9,NAS01E09,No,
NA,1,10,NAS01E10,No,
NA,1,11,NAS01E11,Yes,"There are explicit references to racism and racial prejudice in the episode. The most direct example is Dr. Reynolds' story about being arrested on election night despite being a doctor and showing his hospital badge, and how not even his Morehouse College license plate or Yale Med School bumper sticker could save him from being treated as a suspect. He describes being ashamed of the incident and how it was used against him in a profile meant to celebrate a Black doctor, highlighting the prejudice and extra scrutiny faced by African-Americans. Additionally, a character comments, 'It's just so typical. It's like if you're African-American and you're exemplary, they're always looking for a catch,' which directly addresses racial bias and stereotyping. These references make the presence of racism and racial prejudice explicit in the episode."
NA,1,12,NAS01E12,Yes,"There are several implicit references to racism, racial discrimination, and systemic inequality throughout the episode. The discussion about clinical trial candidates needing to be 'as diverse as the country we're aiming to treat' and the comment 'The country I'm trying to treat isn't Finland' suggest awareness of racial and ethnic diversity and the need to include underrepresented groups. The storyline involving Polynesian refugees and the lack of translators for Tuvaluan highlights systemic barriers faced by ethnic minorities. Most explicitly, the depiction of Puerto Rican and other migrant workers being exploited at a vineyard—forced to live in poor conditions, treated 'like animals,' paid 'nothing,' and exposed to health hazards—strongly implies racial and ethnic discrimination and systemic inequality. These workers' experiences reflect real-world patterns of racialized labor exploitation. Therefore, the topic of racism and racial prejudice is clearly present."
NA,1,13,NAS01E13,No,
NA,1,14,NAS01E14,Yes,"There is an explicit mention of racism and racial prejudice in the conversation with Mustafa, the Iraqi interpreter. He describes how, after coming to the US, people looked at him 'like I was a terrorist,' and some even said it to his face. This is a clear depiction of racial prejudice and discrimination based on his ethnicity and perceived background. The episode also touches on themes of not belonging and being treated as an outsider due to race or ethnicity."
NA,1,15,NAS01E15,No,
NA,1,16,NAS01E16,No,
NA,1,17,NAS01E17,No,
NA,1,18,NAS01E18,No,
NA,1,19,NAS01E19,No,
NA,1,20,NAS01E20,No,
NA,1,21,NAS01E21,No,
NA,1,22,NAS01E22,No,
NA,2,1,NAS02E01,Yes,"The topic of racism and racial prejudice is explicitly discussed in the episode. There is a conversation about how doctors prescribe pain medication differently based on race, with white patients receiving high grade opioids and black patients often being told to 'tough it out' and given Tylenol, highlighting systemic racial bias in healthcare. Additionally, there are references to discrimination against transgender patients in healthcare, and some dialogue touches on challenges faced by people from marginalized backgrounds (e.g., an intern mentioning it's easier to study at the hospital than in his own neighborhood, which may imply socioeconomic and possibly racial disparities)."
NA,2,2,NAS02E02,Yes,"There are both explicit and implicit references to the topic of racism, racial discrimination, or racial prejudice in these subtitles. Explicitly, there is a discussion about teaching 'The Autobiography of Malcolm X' in a prison classroom, which is described as 'a searing portrait of race in America.' The warden's reaction and censorship of the book further allude to institutional control over discussions of race. Implicitly, the presentation about zip codes and life expectancy in Washington, D.C., references systemic inequalities that are often tied to race and socioeconomic status in the U.S. Additionally, the discussion about inmates lacking educational opportunities and the barriers they face can be seen as touching on systemic racial disparities in the criminal justice and education systems."
NA,2,3,NAS02E03,No,
NA,2,4,NAS02E04,Yes,"There are both explicit and implicit references to racism, racial discrimination, and systemic inequalities throughout the episode. Explicitly, the dialogue discusses mistrust of the medical system among African American men, referencing historical abuses such as the Tuskegee Syphilis Experiment and Henrietta Lacks, and the reluctance to trust a 'white guy in the back, handing out pills.' Implicitly, the episode addresses racial health disparities, such as higher rates of hypertension and cardiac disease among African American men, and systemic issues like the city's lead contamination disproportionately affecting a neighborhood, which is a form of environmental racism. The episode also explores microaggressions and the need for culturally competent care."
NA,2,5,NAS02E05,No,
NA,2,6,NAS02E06,Yes,"The episode contains both explicit and implicit references to racism, racial discrimination, and systemic inequalities. Explicitly, there is a moment where a Black female patient calls out a doctor for assuming she was with the other Black women, highlighting the issue of racial profiling. Implicitly, the episode discusses systemic healthcare disparities affecting Black women from Alabama, including lack of access to hospitals, unaffordable healthcare, and preexisting conditions going untreated due to socioeconomic and geographic barriers—issues that disproportionately affect communities of color. There are also references to the historical and cultural relationship between Black women and the church, and a character explicitly states, 'This black family right here ain't being co-opted for anyone's crusade,' pushing back against stereotypes and outside narratives. The episode explores how systemic neglect and lack of resources lead to desperate actions, further implying the impact of racial and social inequities."
NA,2,7,NAS02E07,No,
NA,2,8,NAS02E08,No,
NA,2,9,NAS02E09,Yes,"The subtitles contain several implicit references to systemic racial discrimination and prejudice. The episode focuses heavily on the treatment of female inmates at Rikers Island, a real-life jail known for its disproportionate incarceration of people of color. The storyline highlights inadequate healthcare, neglect (e.g., withholding pap smears and mammograms as punishment), and the consequences of minor offenses (e.g., a woman incarcerated for marijuana possession facing life-threatening medical neglect). These are well-documented aspects of systemic racism in the U.S. criminal justice and healthcare systems. Additionally, the dialogue about how many patients from Rikers have preventable conditions and the lack of resources further implies racial and socioeconomic disparities, as does the mention of trauma and the cycle of incarceration. While there are no explicit racial slurs or direct discussions of race, the context and setting strongly suggest racial discrimination is a core theme."
NA,2,10,NAS02E10,No,
NA,2,11,NAS02E11,No,
NA,2,12,NAS02E12,No,
NA,2,13,NAS02E13,No,
NA,2,14,NAS02E14,Yes,"The episode explicitly discusses racism, racial prejudice, and microaggressions. A major plotline involves a 13-year-old Black boy, Cephas, whose health issues are linked to the stress of experiencing racism and microaggressions, such as being denied books by a librarian, being given unwanted nicknames, being told he speaks good English, and being singled out in class because of his ethnicity. The episode also addresses systemic issues, such as the lack of a diagnostic code for racism in medical billing, and characters discuss the impact of racism and microaggressions in both personal and institutional contexts."
NA,2,15,NAS02E15,No,
NA,2,16,NAS02E16,Yes,"There are explicit references to racism and racial prejudice in the episode. The character George Whitney is identified as a white nationalist and a white supremacist who committed a terror attack at a Middle Eastern street fair, targeting people based on their ethnicity. The medical staff discuss treating him despite his racist actions, and there is a conversation about not judging patients, but also frustration at having to save the life of someone who tried to kill others for racist reasons. Additionally, there is a historical reference to Bessie Smith dying after being refused service at an all-white hospital, highlighting systemic racial discrimination in healthcare. These elements clearly indicate that racism and racial prejudice are both mentioned and implied."
NA,2,17,NAS02E17,No,
NA,2,18,NAS02E18,No,
NA,3,1,NAS03E01,No,
NA,3,2,NAS03E02,No,
NA,3,3,NAS03E03,No,
NA,3,4,NAS03E04,Yes,"There are several explicit and implicit references to racism, racial discrimination, and racial prejudice in the episode. Explicitly, there is a conversation about the presence of police officers in the hospital, where a Black character recounts being stopped and handcuffed by police while in medical scrubs, and discusses how the presence of police makes people of color, undocumented individuals, and the homeless feel less safe. The dialogue references systemic issues, microaggressions, and the differing impact of police presence on marginalized groups. Additionally, there is a discussion about Korean mourning customs and adoption, touching on issues of ethnic identity and cultural assimilation. These elements together indicate that the topics of racism, racial discrimination, or racial prejudice are present in the episode."
NA,3,5,NAS03E05,Yes,"The topic of racism and racial prejudice is explicitly mentioned and implied in several parts of the episode. Most notably, Rose Castillo, a Filipina character, describes being attacked by 'two white guys' who blamed her for 'bringing the virus to America,' which is a clear reference to anti-Asian hate crimes and racial scapegoating during the COVID-19 pandemic. Additionally, Dr. Kao recounts her own experience of being spat on and shoved in the street during the pandemic, stating 'it was happening to so many of us,' further referencing widespread racial discrimination against Asians. There is also a conversation between a mother and daughter about feeling different due to their skin color, with the daughter saying, 'I've always looked different from the entire family. I've always felt like an outsider,' and the mother responding, 'That's the world saying that, not me, not your family. I've never treated you different.' This dialogue addresses the experience of racial difference and societal prejudice. These examples make the presence of racism and racial prejudice clear in the episode."
NA,3,6,NAS03E06,Yes,"The episode explicitly and repeatedly discusses racism, racial discrimination, and systemic inequalities. Characters talk about ending systemic racism in the hospital, cite health disparities affecting Latinx, Indigenous, and Black women, discuss pay inequities for Black doctors, and refer to microaggressions and stereotypes (e.g., being called 'sister girl,' assumptions about language, being mistaken for a nanny or translator, and being called racial slurs). The episode also addresses the concept of intersectionality, white savior complex, and reparations. There are both explicit and implicit references throughout the subtitles."
NA,3,7,NAS03E07,Yes,"The episode contains explicit and implicit references to discrimination based on sexual orientation and HIV status, which are closely related to broader themes of prejudice and systemic inequality. Specifically, there are discussions about the historical and ongoing exclusion of gay men from donating blood, described as a 'very discriminatory regulation' and 'hate.' The show references how gay men were treated 'like lepers' during the AIDS crisis, and how the healthcare system failed them. Additionally, there are mentions of undocumented and uninsured patients receiving care, which can imply issues of systemic inequity that often intersect with race and ethnicity. While the primary focus is on homophobia and HIV-related stigma, the language and context also touch on broader systems of discrimination and prejudice, which often include racism. Given the presence of these themes and the instruction to answer 'Yes' if there is any doubt, the answer is Yes."
NA,3,8,NAS03E08,Yes,"The episode explicitly discusses racial bias and systemic racism in healthcare, particularly in the context of Black mothers and childbirth. There are references to medical calculators penalizing Black women, higher maternal mortality rates for Black and Latina mothers, and the acknowledgment that these outcomes are due to how people are treated because of their race, not their biology. The dialogue also addresses the impact of racism on patient care and the need to change racist protocols. These are clear and direct references to racism and racial prejudice."
NA,3,9,NAS03E09,Yes,"There are explicit references to racism and racial prejudice in the episode. For example, a white family falsely reports a shooting as a 'drive-by' by a Black or Latino person, which is later revealed to be a cover-up for their own daughter's accidental shooting. The mother references Black Lives Matter protests as the reason for buying a gun, and a character directly calls out the racial profiling and the harm caused by filing a false police report based on race. The dialogue addresses issues of racial bias, profiling, and the impact of systemic racism, making the topic of racism both mentioned and implied."
NA,3,10,NAS03E10,Yes,"The episode contains explicit references to racism and systemic discrimination, particularly regarding the treatment of Native Americans. Professor Munsee discusses the erasure and destruction of her people by colonizers, the impact of the hospital's name (New Amsterdam) as a symbol of that history, and the lack of Native American representation among hospital staff. The episode also addresses broader issues of systemic inequality, such as the barriers Native American students face in pursuing medical careers, and microaggressions (e.g., the difficulty in identifying Native American staff, and a guidance counselor steering a Native student away from medical school). These elements clearly indicate the presence of racism, racial discrimination, and prejudice, both historically and in contemporary contexts."
NA,3,11,NAS03E11,No,
NA,3,12,NAS03E12,No,
NA,3,13,NAS03E13,Yes,"There are explicit references to racism, racial discrimination, and historical medical abuses against Black people in the vaccine distribution storyline. Characters mention Tuskegee, Henrietta Lacks, antebellum, sickle cell anemia screenings, forced sterilization, and night doctors—events and practices that reflect systemic racism and medical exploitation of Black communities. The dialogue addresses mistrust in the healthcare system rooted in these racist histories. Additionally, there is a reference to 'a traditional marriage, a Black family,' which, while not overtly discriminatory, invokes racial identity and cultural expectations. These elements indicate both explicit and implicit engagement with the topic of racism and racial prejudice."
NA,3,14,NAS03E14,Yes,"There are several implicit references to racial and ethnic prejudice and systemic inequalities. For example, Leyla Shinwari, a foreign-trained doctor from Pakistan, faces barriers to obtaining a residency due to her medical school not having 'international standing,' and the fact that she has to redo her residency despite her experience is described as 'offensive.' There is also discussion of her working in refugee camps, and the implication that her background is undervalued. Additionally, there are references to family members from Tehran and issues of cultural and ethnic identity, such as a character's father returning to Iran for a 'ready-made Persian wife.' The clinic's struggles are linked to Brexit and the loss of international staff and funding, which can be seen as referencing systemic issues affecting immigrants and minorities. These elements together suggest the presence of racial and ethnic prejudice and systemic discrimination, even if not always explicitly labeled as such."
NA,4,1,NAS04E01,Yes,"There are a few implicit references to racial issues. First, Dr. Reynolds is introduced to Dr. Lyn Malvo and her husband Claude, which could suggest an interracial or complex relationship dynamic, though not explicitly racial. More notably, in the conversation with Brandon Dover, he describes how 'nobody cared about my education. As long as I could ball. Not the school, not the coaches. I was their meal ticket. It's always been that way, even throughout college. Nobody wanted to hear about my... dyslexia. Couldn't even get it diagnosed.' This reflects the systemic issue where Black athletes, particularly in the U.S., are valued for their athletic abilities over their academic or personal development, a form of systemic racial bias and exploitation. The mention of being a 'meal ticket' and the lack of support for his learning disability are indicative of racialized stereotypes and neglect. Additionally, the episode includes a reference to the 'Order of the Star of Ghana' awarded to Dr. Wilder, which, while not negative, is a reference to race/ethnicity. There are also song lyrics and casual dialogue referencing 'white' and 'sunny yellow,' which could be interpreted as color references, though not overtly racial. Given the implicit references to systemic inequalities and stereotypes, the answer is Yes."
NA,4,2,NAS04E02,No,
NA,4,3,NAS04E03,Yes,"There are several implicit references to systemic inequality and racial bias. For example, Imani Moore, a first-generation immigrant, discusses how surgical site infections are nine times higher in impoverished countries, highlighting global health disparities. She also faces barriers to advancing her medical innovation due to lack of generational wealth and the influence of a powerful corporation (NovaCo) that could block her from attending medical school, which alludes to systemic inequalities that disproportionately affect people from marginalized backgrounds. Additionally, Leyla, who trained in Kashmir, references her experience performing medical procedures in war-torn conditions, implicitly touching on issues of global inequality and the challenges faced by medical professionals from less privileged regions. While there are no explicit discussions of racism or racial slurs, these storylines clearly imply issues of racial and systemic discrimination."
NA,4,4,NAS04E04,Yes,"The episode explicitly addresses issues of racism, racial prejudice, and systemic inequality. Examples include: (1) A biracial child taking skin lightening pills due to struggles with her racial identity and experiences of being racially excluded and gaslit at a dance tournament; (2) Discussion of how being the only person of color in a white family and community affects her; (3) Dialogue about how women of color are labeled 'crazy or difficult' for disruptive behavior, while white men are praised; (4) Reference to redlining and its impact on the neighborhood's lack of investment and food deserts; (5) A character's efforts to address systemic racism and bias in the hospital, and the backlash from others who claim it alienates white patients. These are clear and direct references to racism, racial discrimination, and prejudice, both individual and systemic."
NA,4,5,NAS04E05,Yes,"There are several implicit and explicit references to racism, racial discrimination, and prejudice in these subtitles. The conversation about the Lenapehoking plaque being replaced and the comment about 'whitewashing' are direct references to the erasure of Indigenous history and culture, which is a form of systemic racism. The subplot involving the Burmese harp (saung-gauk) and the patient's experience as a refugee also touches on cultural looting, displacement, and the trauma of colonialism, which are deeply tied to racial and ethnic discrimination. Additionally, there is a mention of the Black Lives Matter mural and the importance of representation for marginalized groups in the hospital. These elements together indicate that the episode addresses issues of racism and racial prejudice, both explicitly and implicitly."
NA,4,6,NAS04E06,Yes,"There is an explicit reference to race in the line 'Strong and black like your woman,' which is a play on the phrase 'strong and black' (often used for coffee) and references a Black woman. This line invokes racial identity in a stereotypical or potentially objectifying way. While the rest of the subtitles do not contain further explicit or implicit references to racism or racial prejudice, this line alone is enough to warrant a Yes."
NA,4,7,NAS04E07,Yes,"There are several implicit references to systemic racial inequalities and discrimination. For example, the discussion about private ambulance companies only picking up insured patients, leaving the uninsured, homeless, and poor (who are disproportionately people of color) for the public hospital, is an allusion to systemic inequalities and racialized healthcare disparities. Additionally, the mention of the NYPD's quota system leading to the mass incarceration of Black and brown people is a direct reference to systemic racism. The sickle cell screening program, which is particularly relevant to Black patients, being cut due to funding and not reinstated, also suggests racial disparities in healthcare access. These references indicate that the episode addresses issues of racism and racial prejudice, even if not always explicitly."
NA,4,8,NAS04E08,Yes,"There is an explicit reference to race and racial dynamics when Dr. Sharpe tells Dr. Kao, 'As a woman of color, do you realize the rarefied air you are in?' This acknowledges the underrepresentation of people of color in positions of power at top medical institutions, and implies the existence of systemic racial inequalities. Additionally, the phrase 'she's been pitting me against Baptiste playing us off each other. A real ""there can only be one"" vibe.' could be interpreted as an allusion to the 'tokenism' often experienced by minorities in professional settings, though this is less explicit. These references suggest that the episode touches on issues of race and racial prejudice, both explicitly and implicitly."
NA,4,9,NAS04E09,Yes,"The episode explicitly addresses issues of racial and ethnic discrimination, particularly through the experiences of undocumented immigrants facing ICE raids and the threat of deportation. The fear and trauma experienced by these characters, the discussion of sanctuary and protection, and the references to being targeted due to immigration status all point to systemic prejudice and discrimination based on ethnicity and national origin. Additionally, there are references to a Nigerian trans man who experienced violence in his home country, which also touches on intersectional discrimination. The episode implicitly and explicitly deals with themes of racial and ethnic prejudice, systemic inequality, and the marginalization of vulnerable groups."
NA,4,10,NAS04E10,Yes,"There are implicit references to racial prejudice and systemic bias. In particular, a character mentions that when the dean saw an application from a doctor who trained in Pakistan at a hospital he never heard of, he stopped reading, implying bias against foreign-trained (and likely non-white) doctors. The same conversation discusses the need for a large donation to secure a residency spot, suggesting systemic barriers for international or minority candidates. Additionally, the mention of Vivien Thomas, a Black medical pioneer, as a hero and the gifting of his stethoscope could be seen as a nod to overcoming racial barriers in medicine. While there are no explicit racial slurs or overt acts of racism, these elements suggest the presence of racial prejudice and systemic inequality."
NA,4,11,NAS04E11,No,
NA,4,12,NAS04E12,No,
NA,4,13,NAS04E13,Yes,"There is an explicit reference to racism when Helen confronts her mother about her father, saying, 'And then you spent the next 30 years telling me that he abandoned us, that he's a racist, that he didn't love me. That lie shaped my entire future...' This indicates that accusations of racism and its impact on family dynamics are a topic in the episode. Additionally, the mention of being the only deaf kid in a hearing family and the challenges faced could implicitly touch on prejudice or feeling like an outsider, though this is more about ableism than racism. The explicit mention, however, is sufficient to answer Yes."
NA,4,14,NAS04E14,No,
NA,4,15,NAS04E15,No,
NA,4,16,NAS04E16,No,
NA,4,17,NAS04E17,Yes,"There is an explicit reference to racial discrimination and systemic inequality in the conversation about hysterectomies being overperformed for decades on people who 'look like me,' which implies racial bias in medical treatment. Additionally, the subplot about Leyla's refugee status and the challenges she faces with immigration due to new laws and lack of legal aid implicitly references systemic discrimination that disproportionately affects people from certain racial or ethnic backgrounds. Both of these are clear indications of the presence of topics related to racism and racial prejudice."
NA,4,18,NAS04E18,Yes,"There are both explicit and implicit references to issues of race and potential racial discrimination. Specifically, the episode discusses a character whose refugee status is being revoked and who may be sent back to Pakistan, which can imply issues of racial or ethnic discrimination in immigration systems. Additionally, there are references to medical billing and insurance challenges that disproportionately affect people of color and immigrants, such as the character Mr. Azad (a name of South Asian origin) being overcharged and facing barriers to care. While the episode does not use racial slurs or overtly discuss racism, these storylines suggest the presence of systemic inequalities and potential racial prejudice."
NA,4,19,NAS04E19,No,
NA,4,20,NAS04E20,No,
NA,4,21,NAS04E21,Yes,"There is an explicit reference to racism and the legacy of racial prejudice when a character discusses the history of a castle, stating: 'Where do you think the money that built this place came from? The backs of your ancestors, that's where. Sugar plantations. Colonial slavery.' This directly addresses the exploitation and racial oppression that funded the estate, acknowledging the impact of colonialism and slavery on their family history. This is a clear mention of systemic racism and its enduring effects."
NA,4,22,NAS04E22,No,
NA,5,1,NAS05E01,No,
NA,5,2,NAS05E02,No,
NA,5,3,NAS05E03,No,
NA,5,4,NAS05E04,No,
NA,5,5,NAS05E05,No,
NA,5,6,NAS05E06,No,
NA,5,7,NAS05E07,No,
NA,5,8,NAS05E08,No,
NA,5,9,NAS05E09,No,
NA,5,10,NAS05E10,No,
NA,5,11,NAS05E11,No,
NA,5,12,NAS05E12,Yes,"The episode contains an explicit discussion about the lack of racial and ethnic diversity in a clinical drug trial for cancer treatment. The characters note that 89% of participants were Caucasian, and they discuss how this non-diverse participant pool does not reflect the general population or the hospital's patient population. They raise concerns that the drug may not be safe or effective for people who are not white, referencing historical medical bias and systemic inequalities in healthcare. The episode also depicts efforts to correct this by expanding the trial to include underrepresented groups, such as Native American, African American, Asian, Latinx, and Middle Eastern populations. These discussions and actions directly address issues of racial bias and systemic discrimination in medicine."
NA,5,13,NAS05E13,No,
PP,1,1,PPS01E01,No,
PP,1,2,PPS01E02,Yes,"There are explicit references to race and racial identity in the subtitles. For example, when reviewing hospital records, it is stated: 'There was only one other African-American girl in the nursery.' The storyline involves the identification and tracking of babies by race, which implicitly references racial categorization and the potential for bias or differential treatment. Additionally, there is a joke referencing 'Kunta Kinte' and 'Roots,' which alludes to African-American history and identity. These elements suggest that race and racial identity are present and discussed, even if not as the central theme."
PP,1,3,PPS01E03,No,
PP,1,4,PPS01E04,No,
PP,1,5,PPS01E05,No,
PP,1,6,PPS01E06,No,
PP,1,7,PPS01E07,No,
PP,1,8,PPS01E08,No,
PP,1,9,PPS01E09,No,
PP,2,1,PPS02E01,No,
PP,2,2,PPS02E02,No,
PP,2,3,PPS02E03,No,
PP,2,4,PPS02E04,Yes,"There are several implicit references to racism, racial prejudice, and systemic inequalities in the subtitles. The storyline involving Sharbat and her family, who are immigrants from Afghanistan, touches on cultural and religious pressures, arranged marriage, and the threat of returning to a country where women can be stoned for listening to Western music. There is also mention of her father, who was a university teacher but now drives a cab, suggesting immigrant underemployment and possible systemic barriers. Additionally, the discussion of aid work in Africa and references to living conditions (e.g., 'living under a veil in a clay hut') invoke stereotypes and highlight global inequalities. While there are no explicit discussions of racism or racial slurs, the episode deals with issues of cultural prejudice, immigrant experience, and the intersection of gender and ethnicity, all of which are relevant to the topic."
PP,2,5,PPS02E05,No,
PP,2,6,PPS02E06,No,
PP,2,7,PPS02E07,No,
PP,2,8,PPS02E08,No,
PP,2,9,PPS02E09,No,
PP,2,10,PPS02E10,No,
PP,2,11,PPS02E11,No,
PP,2,12,PPS02E12,No,
PP,2,13,PPS02E13,No,
PP,2,14,PPS02E14,No,
PP,2,15,PPS02E15,No,
PP,2,16,PPS02E16,No,
PP,2,17,PPS02E17,No,
PP,2,18,PPS02E18,No,
PP,2,19,PPS02E19,No,
PP,2,20,PPS02E20,No,
PP,2,21,PPS02E21,No,
PP,2,22,PPS02E22,No,
PP,3,1,PPS03E01,No,
PP,3,2,PPS03E02,No,
PP,3,3,PPS03E03,No,
PP,3,4,PPS03E04,No,
PP,3,5,PPS03E05,No,
PP,3,6,PPS03E06,Yes,"There is an explicit reference to race and racial identity in the conversation about genetic selection, where a character says, 'What if you had a 50/50 chance of having a white baby? Would you want a white baby?' This is used as an analogy to discuss the experience of being different and the desire for a child who shares one's identity, directly invoking race and the social implications of having a child of a different race. Additionally, the episode discusses prejudice and discrimination, albeit more directly in the context of little people (dwarfism), but the analogy to race and the mention of being questioned about whether a child is yours due to racial difference is an implicit reference to racial prejudice and the experience of racial minorities."
PP,3,7,PPS03E07,No,
PP,3,8,PPS03E08,No,
PP,3,9,PPS03E09,No,
PP,3,10,PPS03E10,No,
PP,3,11,PPS03E11,No,
PP,3,12,PPS03E12,Yes,"There is an implicit reference to race and possible racial prejudice in the exchange: 'You can't walk. You're black. What game are we playing?' This line directly references a character's race and disability, and the abrupt, pointed mention of 'You're black' in this context suggests an awareness of racial identity that could be interpreted as a microaggression or at least a racialized interaction. While the episode does not focus on racism as a main theme, this moment acknowledges race in a way that could be seen as an implicit reference to racial prejudice or the experience of being racialized."
PP,3,13,PPS03E13,No,
PP,3,14,PPS03E14,No,
PP,3,15,PPS03E15,No,
PP,3,16,PPS03E16,Yes,"There are implicit references to racial and immigration-related issues. For example, Esau's storyline involves his expired visa, need for a green card, and fear of deportation, which touches on systemic inequalities and discrimination faced by immigrants, often with racial or ethnic undertones. The presence of an ICE agent and the threat of deportation, as well as the discussion about healthcare access in Kenya versus the US, further imply issues of systemic inequality and prejudice. Additionally, the mention of the Alvin Ailey Dance Theater (a renowned African-American dance company) and the names of characters such as Esau Ajawke suggest racial and ethnic diversity, though no explicit racism or racial slurs are present. The episode deals with themes of immigration, legal status, and access to healthcare, which are often intertwined with racial discrimination in real-world contexts."
PP,3,17,PPS03E17,No,
PP,3,18,PPS03E18,No,
PP,3,19,PPS03E19,No,
PP,3,20,PPS03E20,No,
PP,3,21,PPS03E21,No,
PP,3,22,PPS03E22,No,
PP,3,23,PPS03E23,No,
PP,4,1,PPS04E01,No,
PP,4,2,PPS04E02,No,
PP,4,3,PPS04E03,No,
PP,4,4,PPS04E04,No,
PP,4,5,PPS04E05,No,
PP,4,6,PPS04E06,No,
PP,4,7,PPS04E07,No,
PP,4,8,PPS04E08,No,
PP,4,9,PPS04E09,No,
PP,4,10,PPS04E10,No,
PP,4,11,PPS04E11,No,
PP,4,12,PPS04E12,No,
PP,4,13,PPS04E13,No,
PP,4,14,PPS04E14,No,
PP,4,15,PPS04E15,No,
PP,4,16,PPS04E16,Yes,"There are implicit references to race and ethnicity, such as the song lyric 'black girl, put your Booty on the floor, don't stop now,' which invokes racialized language and stereotypes. Additionally, there are discussions about African flame lilies, Zimbabwe, and vaccinating African children, which, while not overtly racist, touch on racial and ethnic identities and global inequalities. There is also a line, 'No, this is Nazi Germany and--and tuskegee all rolled into one,' referencing the Tuskegee Syphilis Study, a notorious example of racial discrimination in medical research. Furthermore, the line 'Why don't you go back to where you came from?' is a common microaggression and racially charged phrase, suggesting xenophobia or racial prejudice. These elements together indicate that the topic of racism, racial discrimination, or prejudice is present or implied."
PP,4,17,PPS04E17,No,
PP,4,18,PPS04E18,No,
PP,4,19,PPS04E19,No,
PP,4,20,PPS04E20,No,
PP,4,21,PPS04E21,No,
PP,4,22,PPS04E22,No,
PP,5,1,PPS05E01,No,
PP,5,2,PPS05E02,No,
PP,5,3,PPS05E03,No,
PP,5,4,PPS05E04,No,
PP,5,5,PPS05E05,No,
PP,5,6,PPS05E06,Yes,"There is an implicit reference to race and racial stereotypes in the discussion about choosing a sperm donor. The characters mention the Greek donor, referencing skin color and tanning ('They never sunburn, the Greeks. They only tan.'), and discuss choosing a donor based on the amount of melanin in his skin. This exchange implies consideration of race and racial characteristics as factors in donor selection, which engages with racial stereotypes and preferences, thus touching on issues of race and potential prejudice."
PP,5,7,PPS05E07,No,
PP,5,8,PPS05E08,No,
PP,5,9,PPS05E09,No,
PP,5,10,PPS05E10,Yes,"There are explicit references to race and interracial relationships. For example, a character says: 'In a lot of places, a single white woman living with a single black man who also happens to be the ex-husband of her best friend... Trying to adopt a child out of wedlock without the interest of her boyfriend... Would seem just plain weird.' This line directly references race and the social perceptions or prejudices that can accompany interracial relationships and adoption, implying awareness of racial bias or discrimination. Additionally, there is a brief mention of a character's time in South America and a medical condition, but this is not framed in a racially prejudiced context. The main explicit reference is the one quoted above."
PP,5,11,PPS05E11,Yes,"There is an extended subplot about a police officer (Aaron) who shoots and kills an unarmed 19-year-old during a pursuit. While the subtitles do not explicitly mention the race of the victim or the officer, the dialogue contains several elements that strongly imply issues of racial bias and systemic prejudice. For example, the discussion of the victim's criminal record, the reference to the neighborhood cops being 'jerks' growing up, and the concern about public perception when 'a cop shoots an unarmed kid' all echo common themes in real-world conversations about police shootings of young men of color. The mention of 'the whole world is watching you, maybe even against you' and the way the shooting is being 'twisted' in the papers further suggest the racialized scrutiny and controversy that often surrounds such incidents. Even though race is not stated outright, the context and language strongly imply the presence of racial prejudice and systemic racism."
PP,5,12,PPS05E12,No,
PP,5,13,PPS05E13,No,
PP,5,14,PPS05E14,No,
PP,5,15,PPS05E15,No,
PP,5,16,PPS05E16,No,
PP,5,17,PPS05E17,No,
PP,5,18,PPS05E18,No,
PP,5,19,PPS05E19,No,
PP,5,20,PPS05E20,Yes,"There are several implicit and explicit references to race, racism, and systemic inequalities in the subtitles. The storyline involving Reina Reyes, a woman from El Salvador facing deportation, highlights issues of immigration, poverty, and systemic barriers that disproportionately affect people of certain ethnic backgrounds. There is also a conversation where a character refers to herself as a 'rich white lady' with 'guilt' and mentions having a 'mixed-race baby' adopted from a woman with 'limited options,' directly referencing racial and socioeconomic dynamics. Additionally, the discussion about access to healthcare in El Salvador versus the US touches on global inequalities often tied to race and ethnicity."
PP,5,21,PPS05E21,No,
PP,5,22,PPS05E22,No,
PP,6,1,PPS06E01,No,
PP,6,2,PPS06E02,No,
PP,6,3,PPS06E03,No,
PP,6,4,PPS06E04,No,
PP,6,5,PPS06E05,Yes,"The episode makes both explicit and implicit references to race and racial identity. Explicitly, Sam states, 'I am one of the best cardiothoracic surgeons in the country, and I'm a black man,' highlighting his racial identity and the significance of his achievements in that context. There is also a reference to a racially insensitive comment at a graduation dinner, where someone asked Sam's mother if 'Amistad' was an accurate portrayal of slavery, to which she sarcastically replied, 'I'll ask my slave friends.' These moments acknowledge racial identity and the experience of being Black in America, as well as referencing microaggressions and racial insensitivity. While overt racism or discrimination is not a central plot point, the episode does address race and racial prejudice both directly and through microaggressions."
PP,6,6,PPS06E06,No,
PP,6,7,PPS06E07,No,
PP,6,8,PPS06E08,No,
PP,6,9,PPS06E09,No,
PP,6,10,PPS06E10,No,
PP,6,11,PPS06E11,No,
PP,6,12,PPS06E12,No,
PP,6,13,PPS06E13,No,
TGD,1,1,TGDS01E01,Yes,"There is an explicit reference to racism and racial discrimination during a boardroom discussion about hiring Dr. Shaun Murphy. One character says, 'How long ago was it that we wouldn't hire black doctors in this hospital? How long ago was it that we wouldn't hire female doctors at this hospital?' This directly references past racial and gender discrimination in the hospital's hiring practices. Additionally, the discussion draws a parallel between discrimination based on race, gender, and disability, further implying awareness of systemic inequalities."
TGD,1,2,TGDS01E02,No,
TGD,1,3,TGDS01E03,No,
TGD,1,4,TGDS01E04,No,
TGD,1,5,TGDS01E05,No,
TGD,1,6,TGDS01E06,No,
TGD,1,7,TGDS01E07,Yes,"There is an implicit reference to prejudice based on a doctor's autism when the parents of a patient refuse to allow Dr. Murphy to participate in their son's surgery, stating they do not believe anyone with autism is capable of doing surgery. This is an example of discrimination based on a neurological condition, which, while not racial, is a form of prejudice. However, since the instructions say to include both explicit and implicit references and to answer Yes if there is any doubt, and since there are multiple references to the ethnicity of patients (e.g., 'Caucasian male') but no explicit or implicit mention of racism, racial discrimination, or racial prejudice, the closest relevant content is the discrimination based on autism. Given the instructions, the answer is Yes, due to the presence of prejudice and the directive to answer Yes if there is any doubt."
TGD,1,8,TGDS01E08,Yes,"There are explicit references to racism and racial prejudice in the dialogue. For example, a patient makes derogatory remarks about affirmative action and implies that a Black doctor only got into medical school because of her background, referencing 'your people' and 'crack-whore momma.' There is also a discussion about 'nice racists' and a character being called a Nazi. These exchanges clearly indicate the presence of racism and racial prejudice, both explicitly and implicitly."
TGD,1,9,TGDS01E09,No,
TGD,1,10,TGDS01E10,Yes,"There are implicit references to systemic inequalities and prejudice related to race and gender. For example, Dr. Browne (a Black female doctor) discusses with Jared the risks of reporting sexual harassment, saying, 'Neither of which work with my complexion or gender.' She also expresses concern about being labeled 'hostile and difficult,' and that HR will 'shift the blame onto me.' These lines suggest awareness of racial and gender bias in the workplace, and how being a Black woman makes it more difficult to be taken seriously or to seek justice. Additionally, the discussion of 'most VC firms are run by a bunch of bros' and the impact of appearance on professional opportunities touches on intersectional discrimination. While there are no explicit racial slurs or overt acts of racism, the episode does address the challenges faced by women of color in professional settings."
TGD,1,11,TGDS01E11,No,
TGD,1,12,TGDS01E12,Yes,"There are explicit references to racial discrimination and possible racism in the discussion about Dr. Kalu's firing compared to similar incidents involving white doctors. The dialogue questions whether the harsher punishment for Dr. Kalu, who is not white, was racially motivated, and the issue of using racism as legal leverage is also discussed. These conversations directly address the topic of racial bias and systemic inequality."
TGD,1,13,TGDS01E13,Yes,"There are multiple explicit and implicit references to racism, racial prejudice, and discrimination in the subtitles. For example, there is a discussion about a Muslim patient being suspected of terrorism based on her religion, with a character directly challenging the assumption ('Is this part of your evidence that she's a terrorist? Because she's a Muslim? There are billions of Muslims that aren't terrorists.'). The patient herself describes experiencing bigotry ('You've experienced bigotry. Yes. Have people refused to serve you? Have you seen people change their flight because of you? Have people cursed you out before you've opened your mouth? ... And I'm always brown. Maybe you're not so different.'). Additionally, the phrase 'Says the guy who played the race card when he needed an advantage' is used, which is a direct reference to racial dynamics and accusations of leveraging race. These instances indicate the presence of racism, racial prejudice, and discrimination as topics in the episode."
TGD,1,14,TGDS01E14,No,
TGD,1,15,TGDS01E15,No,
TGD,1,16,TGDS01E16,No,
TGD,1,17,TGDS01E17,No,
TGD,1,18,TGDS01E18,No,
TGD,2,1,TGDS02E01,No,
TGD,2,2,TGDS02E02,Yes,"The subtitles include explicit discussion of female genital mutilation (FGM), described as a cultural tradition practiced in some African and Asian countries. The dialogue addresses the cultural, familial, and social pressures surrounding FGM, the impact on the victim, and the parents' defense of the practice as a rite of passage. There is also discussion of the difficulties the victim may face in her community if she is not cut, and the hospital's legal and ethical obligations. These elements directly address issues of racial, ethnic, and cultural prejudice, as well as the intersection of systemic and interpersonal discrimination related to race, ethnicity, and cultural practices."
TGD,2,3,TGDS02E03,No,
TGD,2,4,TGDS02E04,No,
TGD,2,5,TGDS02E05,No,
TGD,2,6,TGDS02E06,No,
TGD,2,7,TGDS02E07,No,
TGD,2,8,TGDS02E08,No,
TGD,2,9,TGDS02E09,No,
TGD,2,10,TGDS02E10,No,
TGD,2,11,TGDS02E11,No,
TGD,2,12,TGDS02E12,No,
TGD,2,13,TGDS02E13,No,
TGD,2,14,TGDS02E14,No,
TGD,2,15,TGDS02E15,No,
TGD,2,16,TGDS02E16,No,
TGD,2,17,TGDS02E17,No,
TGD,2,18,TGDS02E18,No,
TGD,3,1,TGDS03E01,No,
TGD,3,2,TGDS03E02,No,
TGD,3,3,TGDS03E03,Yes,"There is an explicit reference to race and gender-based discrimination in the following exchange: 'We're women, we're not white, and we're surgeons. Unicorns consider us a fabled species. We don't get the luxury of public insecurity.' This line acknowledges the challenges and systemic inequalities faced by women of color in medicine, implying racial and gender bias. Additionally, the foster care storyline and references to the burdens placed on the young Black girl Michelle may implicitly touch on racial and socioeconomic disparities, though not as directly."
TGD,3,4,TGDS03E04,No,
TGD,3,5,TGDS03E05,No,
TGD,3,6,TGDS03E06,No,
TGD,3,7,TGDS03E07,No,
TGD,3,8,TGDS03E08,No,
TGD,3,9,TGDS03E09,No,
TGD,3,10,TGDS03E10,No,
TGD,3,11,TGDS03E11,No,
TGD,3,12,TGDS03E12,No,
TGD,3,13,TGDS03E13,No,
TGD,3,14,TGDS03E14,No,
TGD,3,15,TGDS03E15,No,
TGD,3,16,TGDS03E16,No,
TGD,3,17,TGDS03E17,No,
TGD,3,18,TGDS03E18,No,
TGD,3,19,TGDS03E19,No,
TGD,3,20,TGDS03E20,No,
TGD,4,1,TGDS04E01,No,
TGD,4,2,TGDS04E02,Yes,"There is an explicit reference to racism and racial prejudice when a character recalls being 'one of two women, only woman of color' as a first-year resident, and being warned that a particular doctor would 'make my life hell.' The story describes how the doctor targeted her, criticizing her work, and how another colleague intervened to support her. This scene directly addresses the experience of racial and gender-based discrimination in a professional setting."
TGD,4,3,TGDS04E03,No,
TGD,4,4,TGDS04E04,No,
TGD,4,5,TGDS04E05,No,
TGD,4,6,TGDS04E06,No,
TGD,4,7,TGDS04E07,No,
TGD,4,8,TGDS04E08,No,
TGD,4,9,TGDS04E09,Yes,"The subtitles contain multiple explicit and implicit references to racism, racial discrimination, and racial prejudice. Examples include: discussions about being racially profiled in medical settings, references to doctors being less likely to prescribe pain medication to Black patients, characters reflecting on how they were treated in med school due to their race, and a patient requesting transfer due to perceived racial bias. There are also mentions of the need to make 'white people comfortable,' and explicit acknowledgment of systemic inequalities in healthcare outcomes by race. These elements directly address and imply the presence of racism and racial prejudice."
TGD,4,10,TGDS04E10,No,
TGD,4,11,TGDS04E11,No,
TGD,4,12,TGDS04E12,No,
TGD,4,13,TGDS04E13,No,
TGD,4,14,TGDS04E14,No,
TGD,4,15,TGDS04E15,No,
TGD,4,16,TGDS04E16,No,
TGD,4,17,TGDS04E17,No,
TGD,4,18,TGDS04E18,No,
TGD,4,19,TGDS04E19,No,
TGD,4,20,TGDS04E20,No,
TGD,5,1,TGDS05E01,No,
TGD,5,2,TGDS05E02,Yes,"There are several implicit references to race and ethnicity, particularly in the storyline involving Madeline and her biological mother, Esther, who was deported to Cameroon. The dialogue discusses adoption, deportation, and cultural differences, such as respect for elders and cultural practices. Esther's statement about 'those people' turning Madeline against her culture and herself, and the reference to sacrifices made by both her birth and adoptive families, touch on issues of identity, belonging, and the impact of systemic issues like deportation, which often have racial and ethnic dimensions. Additionally, the mention of Cameroon and the cultural expectations around names and respect further highlight racial and ethnic themes. While there are no explicit discussions of racism or racial discrimination, the episode implicitly addresses issues related to race, ethnicity, and the consequences of systemic policies."
TGD,5,3,TGDS05E03,No,
TGD,5,4,TGDS05E04,Yes,"There is an explicit discussion about racial representation and tokenism in the medical profession: 'Only 4% of doctors are Black. I get my face out there whenever I can.' and 'This isn't representation. It's tokenism. Nah. She's not hiring more diverse doctors. She's just exploiting the ones who already work here.' This exchange directly references issues of racial underrepresentation, exploitation, and tokenism, which are forms of racial discrimination and prejudice."
TGD,5,5,TGDS05E05,Yes,"The subtitles contain multiple explicit and implicit references to racism and racial prejudice. There is a storyline involving Mr. Song, who is attacked and told 'not to get them sick,' which is described as a hate crime. Discussions between Mr. Song and his daughter Emily reference being seen as 'different,' 'outsiders,' and 'the world sees us as other.' Mr. Song mentions selling hammers to 'people who hate me' and keeping his head down as a survival strategy, reflecting experiences of racial prejudice and microaggressions. The episode also touches on generational differences in coping with racism and the impact of these experiences on identity and family dynamics."
TGD,5,6,TGDS05E06,No,
TGD,5,7,TGDS05E07,No,
TGD,5,8,TGDS05E08,No,
TGD,5,9,TGDS05E09,No,
TGD,5,10,TGDS05E10,Yes,"There is an explicit reference to race and the challenges faced by a Black woman in a surgical residency: 'I'm a Black woman in one of the top surgical residencies in the country. Do you know how hard I had to fight to be here? I don't have the same luxury as you do. I'm not scared. I'm exhausted.' This dialogue directly addresses the unique difficulties and systemic barriers faced by people of color, particularly Black women, in medicine, which implies the presence of racial prejudice and discrimination. There are no racial slurs or overt acts of racism, but the discussion of unequal opportunity and exhaustion from fighting for her place is a clear reference to systemic racial issues."
TGD,5,11,TGDS05E11,No,
TGD,5,12,TGDS05E12,Yes,"The episode includes a storyline about Mariel Torres, who is undocumented and lost her DACA renewal due to a marijuana DUI after being pulled over by police for a tail light. The narrative discusses her fear of seeking medical help due to her immigration status, the stress of hiding her undocumented status from her fiancé, and references to the broader plight and stereotypes of undocumented immigrants. These elements imply systemic inequalities and discrimination based on race or ethnicity, as well as the impact of immigration enforcement on marginalized communities, which are forms of racial prejudice and discrimination."
TGD,5,13,TGDS05E13,No,
TGD,5,14,TGDS05E14,No,
TGD,5,15,TGDS05E15,Yes,"There are implicit references to prejudice and discrimination based on identity, though not explicitly racial. For example, one character describes hiding his Peyos and yarmulke to avoid harassment, referencing religious/ethnic discrimination. Another character, Kevin, is bullied and abused in a group home due to his dyslexia, with the abuse taking the form of a 'game' where he is set up to fail and then physically hurt. While this is primarily ableism, the mention of the group home, the lack of foster families willing to take in teenagers with a history of running away, and the systemic challenges faced by Kevin may also imply systemic inequalities often associated with race and class, though not stated outright. Additionally, the episode includes discussions of microaggressions and sexism in the workplace, which, while not racial, are related forms of prejudice. Given the instruction to answer 'Yes' if there is any doubt, the presence of implicit references to discrimination and systemic inequality justifies a 'Yes' answer."
TGD,5,16,TGDS05E16,No,
TGD,5,17,TGDS05E17,No,
TGD,5,18,TGDS05E18,No,
TGD,6,1,TGDS06E01,No,
TGD,6,2,TGDS06E02,No,
TGD,6,3,TGDS06E03,No,
TGD,6,4,TGDS06E04,No,
TGD,6,5,TGDS06E05,No,
TGD,6,6,TGDS06E06,No,
TGD,6,7,TGDS06E07,No,
TGD,6,8,TGDS06E08,No,
TGD,6,9,TGDS06E09,No,
TGD,6,10,TGDS06E10,No,
TGD,6,11,TGDS06E11,Yes,"There are implicit references to racial prejudice and systemic inequalities. One character, who is on parole, refuses to go to the hospital after being shot because 'the criminal justice system is always fair, especially to guys who look like me,' implying racial bias against people of color in the justice system. Another character is described as a 'poor, undocumented manual laborer' from El Salvador, and the discussion centers on the lack of support and the difficult choices faced by immigrants and their families. These references suggest the presence of racial prejudice and systemic discrimination."
TGD,6,12,TGDS06E12,No,
TGD,6,13,TGDS06E13,No,
TGD,6,14,TGDS06E14,Yes,"The subtitles contain both explicit and implicit references to racism and racial prejudice. There are discussions about the lack of Black surgeons in the U.S. (""Only 2% of surgeons in the U.S. are black""), the pressure on Black professionals to be role models for young women of color, and the expectation to work 'twice as hard, be twice as good as everybody else' because of their race. There is also a character's grandmother describing being misdiagnosed with cirrhosis due to assumptions about her background, which can be read as a microaggression or racial bias in healthcare. These elements indicate the presence of topics related to racism and racial prejudice."
TGD,6,15,TGDS06E15,No,
TGD,6,16,TGDS06E16,No,
TGD,6,17,TGDS06E17,No,
TGD,6,18,TGDS06E18,No,
TGD,6,19,TGDS06E19,No,
TGD,6,20,TGDS06E20,No,
TGD,6,21,TGDS06E21,No,
TGD,6,22,TGDS06E22,No,
TGD,7,1,TGDS07E01,No,
TGD,7,2,TGDS07E02,No,
TGD,7,3,TGDS07E03,No,
TGD,7,4,TGDS07E04,Yes,"There is an implicit reference to racial issues in the discussion of sickle cell disease. When a character says, 'It's ethnically matched, and our supply is low, so I'm working on a plan to recruit African American blood donors to help sickle cell patients,' it acknowledges the racial disparities in healthcare and the need for ethnically matched blood, which is a systemic issue affecting African American patients disproportionately. Additionally, another character mentions that it took days to convince doctors she wasn't an addict during a sickle cell crisis, which may imply racial bias in medical treatment, as Black patients with sickle cell disease often face skepticism and undertreatment due to racial prejudice."
TGD,7,5,TGDS07E05,No,
TGD,7,6,TGDS07E06,Yes,"The subtitles explicitly mention that Asher, a character, was killed by 'ignorant, hateful monsters' who 'knew one thing about Asher' and killed him for it. While the specific reason is not stated in the provided text, the context includes references to Asher being Jewish and gay, and the language ('ignorant, hateful monsters', 'animals') strongly implies a hate crime motivated by prejudice. Additionally, there are references to grief, anger, and the impact of such violence on the community. The episode also touches on systemic issues and the emotional aftermath of hate-motivated violence, which are often intertwined with racism and prejudice. Given the explicit mention of hate-motivated violence and the context, the topic of prejudice (including racial, religious, or other forms) is present."
TGD,7,7,TGDS07E07,No,
TGD,7,8,TGDS07E08,No,
TGD,7,9,TGDS07E09,No,
TGD,7,10,TGDS07E10,No,
TR,1,1,TRS01E01,Yes,"There are several implicit and explicit references to race and potential racial prejudice. For example, Dr. Okafor is introduced as 'Nigerian, here on a visa,' and later Dr. Bell threatens her visa status to coerce her into giving up a surgery, referencing 'immigration to the States has become quite difficult. We're shutting our doors. Given the political unrest and the quality of health care available in Nigeria, you might want to reconsider.' This is an example of leveraging her immigrant status in a way that suggests systemic bias and power imbalance. Additionally, when Dr. Conrad Hawkins meets Dr. Devon Pravesh, he makes a pointed comment: 'What are you into? White, black? Brown? Men? ... Were you affirmative action at Harvard?' This directly references race and implies a stereotype about Dr. Pravesh's qualifications, which is an example of racial microaggression and prejudice."
TR,1,2,TRS01E02,No,
TR,1,3,TRS01E03,Yes,"The episode explicitly addresses issues of racial and ethnic discrimination through the storyline of Louisa Rodriguez, an undocumented immigrant from El Salvador. Louisa fears deportation and is denied access to charitable medical care because she is not a U.S. citizen, reflecting systemic inequalities and prejudice against immigrants. The hospital administration debates her value in financial terms and attempts to transfer her to avoid costs, showing institutional bias. The involvement of immigration authorities (ICE) and the discussion of her undocumented status further highlight the challenges faced by people of certain ethnic backgrounds in accessing healthcare and being treated equitably."
TR,1,4,TRS01E04,No,
TR,1,5,TRS01E05,No,
TR,1,6,TRS01E06,Yes,"There are implicit references to systemic inequalities and racial dynamics. For example, Dr. Okafor (a Black woman) is shown helping Atiba, a young Black man, who is struggling with addiction and whose family is reluctant to take him back. The dialogue includes the phrase 'Damn oyibo savior complex,' where 'oyibo' is a Nigerian term for a white person, suggesting awareness of racial dynamics and savior complexes. Additionally, Dr. Okafor discusses the lack of healthcare access in her community and references her uncle's death in Nigeria due to inadequate medical resources, highlighting global and local disparities that often have racial and ethnic dimensions. The episode also touches on the closure of local clinics in underserved (often minority) communities for profit reasons, which is an example of systemic inequality. While there are no explicit discussions of racism or racial slurs, these implicit references indicate the presence of themes related to racial inequality and prejudice."
TR,1,7,TRS01E07,No,
TR,1,8,TRS01E08,Yes,"There are explicit and implicit references to issues of race, prejudice, and discrimination throughout the episode. Dr. Okafor directly states, 'I was invited because I'm black. Apparently diversity matters,' which is an explicit acknowledgment of tokenism and racial bias in professional settings. There is also a significant subplot involving the Indian-American character Devon Pravesh and his family, which discusses issues of class, caste, and immigrant experience, including assumptions and microaggressions about his family's background ('Folks hear the accent and assume that he's beneath them'). The episode also touches on broader systemic inequalities, such as the illegal dumping of homeless patients by hospitals, which can disproportionately affect marginalized racial and socioeconomic groups. These elements together indicate that the topics of racism, racial discrimination, and prejudice are both mentioned and implied."
TR,1,9,TRS01E09,No,
TR,1,10,TRS01E10,No,
TR,1,11,TRS01E11,No,
TR,1,12,TRS01E12,No,
TR,1,13,TRS01E13,Yes,"There are several implicit references to issues of race and systemic inequality. Dr. AJ Austin, a Black cardiothoracic surgeon, is introduced with emphasis on his exceptional skill, which can sometimes be a marker for discussing underrepresentation or bias in medicine. There are also references to ex-cons being hired by Claudia, and the group of her supporters (Felix, Mambo, Raq) are coded as people of color and former criminals, which touches on racialized stereotypes and systemic barriers to employment. Claudia is described as 'uninsured,' and there is concern about her being 'turfed' from the hospital, which can reflect systemic healthcare disparities that disproportionately affect racial minorities. The dialogue about raising money for an expensive drug for an uninsured patient, and the involvement of police and ex-cons in the fundraising, further hints at systemic inequalities. Additionally, Dr. Austin's monologue about his background—being adopted by parents who 'look like Chow Yun-Fat' and 'Mary J. Blige,' and being 'left-for-dead'—touches on issues of racial identity, adoption, and feeling discarded by society. While there are no explicit mentions of racism or racial slurs, the episode contains implicit references to racial prejudice, stereotypes, and systemic discrimination."
TR,1,14,TRS01E14,Yes,"There are a few implicit references to race and possible racial prejudice. Notably, Dr. AJ Austin refers to Micah as 'the brother' and comments on 'the cast of Deliverance assisting,' which could be interpreted as a reference to the racial makeup or stereotypes of the surgical team. The use of 'the brother' is a colloquial term often used to refer to a Black man, and the 'Deliverance' comment alludes to rural white stereotypes. While these are not overt acts of racism or discrimination, they do invoke racial identity and stereotypes, suggesting the presence of racial dynamics in the episode."
TR,2,1,TRS02E01,Yes,"There are a few implicit references to race and racial identity. The line 'Are you willing to lay your head next to mine as Bell lowers a steel blade to the back of our beautiful ebony necks?' references the character's Black identity, and the use of 'ebony' in this context may allude to the risks Black professionals face in high-stakes environments, which can be read as a subtle nod to systemic or workplace bias. Additionally, there are brief references to characters' ethnic backgrounds (e.g., 'half Asian girl' when describing Phoebe). While there are no explicit discussions of racism or racial prejudice, these references to race and identity, as well as the context of professional risk, suggest the topic is at least implicitly present."
TR,2,2,TRS02E02,No,
TR,2,3,TRS02E03,No,
TR,2,4,TRS02E04,No,
TR,2,5,TRS02E05,No,
TR,2,6,TRS02E06,No,
TR,2,7,TRS02E07,No,
TR,2,8,TRS02E08,Yes,"There is an explicit mention of racism when a character says, 'A touch of racism from a paranoid wife.' Additionally, there are implicit references, such as a patient’s wife expressing doubt about an 'Indian doctor' being the only one to see them, which suggests racial prejudice or bias. These elements indicate the presence of racism or racial prejudice in the episode."
TR,2,9,TRS02E09,No,
TR,2,10,TRS02E10,No,
TR,2,11,TRS02E11,No,
TR,2,12,TRS02E12,No,
TR,2,13,TRS02E13,No,
TR,2,14,TRS02E14,No,
TR,2,15,TRS02E15,Yes,"There are several references that suggest the presence of racial topics, both explicit and implicit. Explicitly, the dialogue discusses how triple-negative breast cancer is more common and more fatal among Nigerian women, particularly those with the BRCA gene mutation, and notes the limited access to healthcare in Nigeria compared to the U.S. There is also mention of a Nigerian surgeon transforming healthcare in rural Nigeria, and discussion of the challenges faced by women there due to lack of access to healthcare and screenings. Implicitly, there are references to the immigrant experience, such as Mina leaving Nigeria and her family, and the contrast between opportunities and healthcare in Nigeria versus America. The episode also touches on issues of systemic inequality in healthcare access based on geography and, by extension, race and ethnicity."
TR,2,16,TRS02E16,No,
TR,2,17,TRS02E17,No,
TR,2,18,TRS02E18,No,
TR,2,19,TRS02E19,No,
TR,2,20,TRS02E20,Yes,"The subtitles explicitly discuss racial bias and systemic inequalities in healthcare, particularly regarding the treatment of Black women during childbirth. There are direct references to unconscious bias, racial disparities in maternal mortality ('it's four times more likely to happen to black women'), and a confrontation between doctors about whether a Black patient was deprioritized because of her race. The hospital's response includes plans to address racial bias. These elements clearly indicate that racism and racial prejudice are both mentioned and implied in the episode."
TR,2,21,TRS02E21,No,
TR,2,22,TRS02E22,No,
TR,2,23,TRS02E23,No,
TR,3,1,TRS03E01,No,
TR,3,2,TRS03E02,Yes,"There is an explicit reference to racial disparities in healthcare when a character says, 'I've watched too many women, particularly women of color, be harmed because no one was looking out for them. You know that as well as anyone.' This line acknowledges systemic inequalities and prejudice faced by women of color in the medical system. Additionally, there are implicit references to adoption, family separation, and the challenges faced by characters of color, but the explicit mention of racial disparities in care is sufficient to confirm the presence of the topic."
TR,3,3,TRS03E03,No,
TR,3,4,TRS03E04,Yes,"The subtitles contain multiple explicit references to racism and racial prejudice. There are characters who do not want to be treated by the 'black doctor' or the 'Indian kid,' and a patient who says, 'I don't want the brown guy touching me.' There are also discussions about being on a billboard as a black doctor, and a character is told he is only 'filling a quota.' The episode also depicts microaggressions and systemic bias, such as skepticism about the competence of doctors of color and threats from racist characters. These elements make the presence of racism and racial prejudice both explicit and central to the episode."
TR,3,5,TRS03E05,No,
TR,3,6,TRS03E06,Yes,"There are implicit references to race and racial experience. In a conversation between Dr. Austin and his biological mother, she mentions that 'it was a time when there were almost no doctors who looked like me,' indicating her experience as a minority in medicine and the significance of racial representation. She also describes looking for her son in the eyes of 'little boys... with the right color of skin,' which is an implicit reference to race and racial identity. These moments suggest the presence of racial themes, even if explicit racism or prejudice is not directly depicted."
TR,3,7,TRS03E07,No,
TR,3,8,TRS03E08,Yes,"There are several implicit references to race and ethnicity throughout the episode. For example, the conversation about AJ's multicultural family, including his black and Asian heritage, and the discussion of celebrating Thanksgiving with Peking duck as a nod to Chinese culture, touches on racial and cultural identity. Additionally, the hospital administrator mentions a new surgeon being 'young, charismatic and diverse,' suggesting the hospital is interested in promoting diversity for PR reasons, which hints at systemic issues around race and representation. While there are no explicit instances of racism or racial prejudice, these discussions of identity, diversity, and cultural heritage imply the presence of race-related themes."
TR,3,9,TRS03E09,No,
TR,3,10,TRS03E10,No,
TR,3,11,TRS03E11,No,
TR,3,12,TRS03E12,No,
TR,3,13,TRS03E13,No,
TR,3,14,TRS03E14,No,
TR,3,15,TRS03E15,No,
TR,3,16,TRS03E16,No,
TR,3,17,TRS03E17,No,
TR,3,18,TRS03E18,No,
TR,3,19,TRS03E19,No,
TR,3,20,TRS03E20,No,
TR,4,1,TRS04E01,Yes,"There is an explicit reference to racism and racial prejudice when a character says, 'This morning, a woman, a total stranger, called me a bat eater. I'm sorry. That's terrible. The ""China Virus,"" the ""Kung Flu."" I was born in Savannah. This is being used to turn us all against each other.' This dialogue directly addresses anti-Asian racism and xenophobia related to COVID-19. Additionally, the episode includes diverse characters and references to their backgrounds (e.g., Devon's family, Mina's background), but the explicit mention of racial slurs and prejudice confirms the presence of the topic."
TR,4,2,TRS04E02,Yes,"The episode contains explicit and implicit references to racism, racial prejudice, and systemic inequalities. For example, Congresswoman Randall discusses her campaign to become the first Black female governor of Georgia, highlighting the significance of her race and gender. There is a conversation between two Black surgeons (Cain and another character) about being 'discounted' regardless of their talent, referencing the racial barriers and discrimination they face in the medical field. The phrase 'system that's been rigged against us' and the discussion of 'systemic racism' further make the topic explicit. Additionally, Devon shares a story about his father dying in an under-resourced public hospital in a 'poor brown neighborhood,' pointing to systemic racial inequalities in healthcare. These references make the presence of racism and racial prejudice clear in both direct discussion and narrative context."
TR,4,3,TRS04E03,Yes,"There is an explicit reference to systemic racial inequality in the line: 'My father, he died alone because his public hospital in a poor brown neighborhood didn't have enough resources to save him.' This statement directly connects the lack of medical resources to the racial and socioeconomic status of the neighborhood, implying systemic racial disparities in healthcare. Additionally, there is a scene where two Black doctors discuss their hopes for camaraderie as 'brothers' in the hospital, which implicitly references shared experiences related to race in a professional setting."
TR,4,4,TRS04E04,Yes,"There are several references that suggest the presence of racism, racial discrimination, or racial prejudice. Mina discusses her visa denial and the difficulties Nigerians face immigrating to the U.S. since February 2020, which is an implicit reference to systemic discrimination based on nationality and, by extension, race/ethnicity. There is also a conversation about participating in protests after George Floyd was murdered, which directly references racial injustice and the Black Lives Matter movement. Additionally, Devon and his mother discuss the systemic failures that contributed to his father's death, which can be interpreted as a reference to racial disparities in healthcare and systemic inequalities. These elements together indicate that the topic of racism or racial prejudice is present in the episode."
TR,4,5,TRS04E05,No,
TR,4,6,TRS04E06,Yes,"There are implicit references to systemic inequalities and racial disparities in healthcare. For example, Dr. Pravesh and another character discuss how public hospitals are under-resourced and how Dr. Pravesh's father died alone in a public hospital, overlooked, and that if it was private, he might have lived. This conversation alludes to the real-world issue of racial and socioeconomic disparities in healthcare access and outcomes. Additionally, there is a brief exchange where one character refers to another as 'brother,' which, in context, may be a nod to shared experiences as people of color in the medical system. There are also references to immigration issues affecting Dr. Mina, which can intersect with racial and ethnic discrimination. While there are no explicit mentions of racism or racial slurs, the episode does touch on themes of systemic inequality and bias."
TR,4,7,TRS04E07,Yes,"There is an explicit reference to racial prejudice and systemic bias in the medical field. In the interaction between Dr. Pravesh and Rose, a patient with sickle cell disease, Rose expresses frustration at having to 'school' doctors about her disease and notes that 'many patients of color aren't heard.' Dr. Pravesh acknowledges this, saying he knows from personal experience that this is true. This dialogue directly addresses the issue of racial bias and the unique challenges faced by patients of color in healthcare settings."
TR,4,8,TRS04E08,Yes,"There are several implicit references to racism and systemic discrimination in the subtitles. Dr. Okafor, a Nigerian doctor, is facing unusual scrutiny regarding her medical credentials and is threatened with deportation due to visa issues, which can reflect systemic bias and discrimination against foreign-trained, especially African, doctors. The investigation into her also appears to be motivated by personal vendetta, but the challenges she faces with immigration and credentialing are often rooted in broader systemic inequities. Additionally, the mention of teaching dance to 'high-risk kids' and the patient with sickle cell disease (a condition that disproportionately affects people of African descent) could be seen as touching on racialized experiences, though not explicitly. If there is any doubt, the answer should be Yes."
TR,4,9,TRS04E09,Yes,"The episode contains several implicit references to racism, racial discrimination, and systemic inequalities. Mina Okafor, a Nigerian surgeon, is facing imminent deportation due to visa issues, which touches on the challenges and systemic barriers faced by immigrants, particularly those from African countries, in the U.S. healthcare system. There is also a discussion about the lack of Nigerian surgeons and the crumbling healthcare system in Nigeria, which is linked to the 'brain drain' phenomenon often exacerbated by global inequalities and immigration policies. Additionally, there is a storyline involving a patient with sickle cell disease, a condition that disproportionately affects people of African descent, and the narrative acknowledges the historical and ongoing medical challenges faced by such patients. While there are no explicit racial slurs or overt acts of racial prejudice, the episode addresses systemic issues and the lived experiences of characters of color, which are relevant to the topics of racism and racial discrimination."
TR,4,10,TRS04E10,Yes,"The episode contains several explicit and implicit references to race and racial issues. There are discussions about setting up marriages between Indian Americans, which touches on ethnic community dynamics. The sickle cell storyline explicitly references sickle cell anemia as a 'predominantly African American disease' and discusses the under-served population, historical medical exploitation (Tuskegee syphilis experiment, Henrietta Lacks), and systemic inequalities in healthcare. Characters from Nigeria and India are depicted, and the challenges faced by immigrants (visa expiration, returning to Nigeria) are mentioned. These elements together suggest the presence of race-related topics, including systemic inequalities and the impact of race on medical treatment and opportunities."
TR,4,11,TRS04E11,Yes,"There are several implicit references to race and ethnicity in the episode. Sammie is a Chinese girl adopted by a white American family, and there is discussion about her not picking up English quickly, her biological parents, and ultimately her adoptive parents considering relinquishing her due to the challenges of her care. These elements touch on issues of transracial adoption, cultural adjustment, and potentially racialized expectations or biases. Additionally, there is a patient with sickle cell disease (Rose Williams), a condition that disproportionately affects Black people, and her care is discussed. There are also references to Dr. Sutton being Indian and her father's expectations, which touch on cultural and possibly racial stereotypes. While there are no explicit discussions of racism or racial prejudice, the episode contains implicit references to race, ethnicity, and related challenges."
TR,4,12,TRS04E12,No,
TR,4,13,TRS04E13,No,
TR,5,1,TRS05E01,No,
TR,5,2,TRS05E02,No,
TR,5,3,TRS05E03,No,
TR,5,4,TRS05E04,Yes,"The topic of racism, racial discrimination, or racial prejudice is both explicitly mentioned and depicted in the episode. There is a scene where two Black characters are pulled over by a police officer, and one of them directly calls out the racial profiling ('all you see is two Black men in a car that's a little too nice, so it must be stolen, right?'), referencing the stereotype that Black men in nice cars are assumed to be criminals. The phrase 'driving-while-Black' is used, and the aftermath includes questioning by other officers, with a character stating, 'if we were white, we'd never be hands on the hood for a damn taillight.' These are clear references to racial bias and systemic racism in policing. Additionally, there is a discussion about the impact of these experiences and the idea of 'excellence as revenge' in the face of ignorance, further exploring the theme of racial prejudice."
TR,5,5,TRS05E05,Yes,"There is an explicit reference to systemic inequality and privilege in the following exchange: 'And what was your punishment? There was none. Because the white coat is a shield. So you got away with it.' This dialogue acknowledges that certain individuals (in this case, a doctor) are protected from consequences due to their position and status, which can be interpreted as a parallel to discussions of privilege and systemic inequality, often present in conversations about racism and discrimination. Additionally, the episode features a Black doctor (Dr. Austin, 'Raptor') and a patient named Ethan who is also Black, but there are no explicit racial slurs, stereotypes, or direct discussions of racial bias. However, the reference to privilege and lack of accountability for those in power is an implicit nod to systemic issues, which can include racial dimensions. Given the instruction to answer 'Yes' if there is any doubt, the answer is Yes."
TR,5,6,TRS05E06,No,
TR,5,7,TRS05E07,No,
TR,5,8,TRS05E08,No,
TR,5,9,TRS05E09,No,
TR,5,10,TRS05E10,No,
TR,5,11,TRS05E11,No,
TR,5,12,TRS05E12,No,
TR,5,13,TRS05E13,No,
TR,5,14,TRS05E14,No,
TR,5,15,TRS05E15,No,
TR,5,16,TRS05E16,No,
TR,5,17,TRS05E17,No,
TR,5,18,TRS05E18,No,
TR,5,19,TRS05E19,No,
TR,5,20,TRS05E20,No,
TR,5,21,TRS05E21,No,
TR,5,22,TRS05E22,No,
TR,5,23,TRS05E23,No,
TR,6,1,TRS06E01,No,
TR,6,2,TRS06E02,Yes,"There are both explicit and implicit references to racism and racial prejudice in the subtitles. Explicitly, during the polling station scene, a character says 'I'm not your brother. Go back to where you came from,' which is a racially charged phrase often used to express xenophobia or racism, especially towards people perceived as immigrants or minorities. The response, 'Came from Atlanta, gringo. Where are you from?' further highlights racial and ethnic tensions. Additionally, the mention of 'Proud Boy' (a group associated with far-right and racist ideologies) and the discussion of Georgia's new voting laws, which have been widely criticized for disproportionately affecting minority voters, are implicit references to systemic racial discrimination and prejudice."
TR,6,3,TRS06E03,Yes,"There are implicit references to systemic inequalities and potential racial or socioeconomic prejudice. Specifically, when the hospital staff discuss how private hospitals like Yates divert gunshot wound victims (who are assumed to be poor and uninsured) to public hospitals, while accepting better-insured blunt trauma victims. This highlights a form of systemic discrimination that often disproportionately affects racial minorities and the poor, even if race is not explicitly mentioned. The discussion about assumptions regarding patients' insurance status and the allocation of resources based on those assumptions suggests implicit bias and systemic inequity, which are closely tied to issues of racial and socioeconomic prejudice."
TR,6,4,TRS06E04,No,
TR,6,5,TRS06E05,No,
TR,6,6,TRS06E06,No,
TR,6,7,TRS06E07,Yes,"There are implicit references to systemic inequalities and possible racial bias. For example, the episode discusses the poor quality of prison healthcare and how prisoners are not 'top priority,' which often disproportionately affects people of color in the U.S. Additionally, there is a storyline about a character being wrongfully convicted based on DNA evidence, which touches on issues of wrongful convictions that are often linked to racial bias in the justice system. While race is not explicitly mentioned, these themes are strongly associated with racial discrimination and systemic racism."
TR,6,8,TRS06E08,No,
TR,6,9,TRS06E09,No,
TR,6,10,TRS06E10,No,
TR,6,11,TRS06E11,No,
TR,6,12,TRS06E12,No,
TR,6,13,TRS06E13,No,
ER,1,1,ERS01E01,Yes,"There is an explicit reference to racial bias when a patient named Mr. Ervin says to a doctor, 'You're just saying that because I'm black.' This directly addresses the topic of racism and perceived racial prejudice in medical care. Additionally, the episode includes a diverse cast of characters and some implicit references to systemic issues and bias, but the explicit dialogue alone is sufficient."
ER,1,2,ERS01E02,No,
ER,1,3,ERS01E03,No,
ER,1,4,ERS01E04,No,
ER,1,5,ERS01E05,Yes,"There are implicit references to systemic inequalities and possible racial prejudice. The character Suarez is referred to as a 'gangbanger' and is treated with suspicion regarding drug use ('Did you take any drugs today?' 'Maybe a little crack?'), which may reflect racial or ethnic stereotyping. Additionally, the storyline involving the mother who cannot afford her daughter's asthma medication ('The medicine cost $30. I don't have the money, and Medicaid don't come through for another week.') points to systemic inequalities that often disproportionately affect racial and ethnic minorities. These elements suggest the presence of racial prejudice and systemic discrimination, even if not discussed explicitly."
ER,1,6,ERS01E06,Yes,"The topic of racism and racial prejudice is explicitly mentioned and implied in several places. Most notably, Mr. Freeman, a Black father, accuses the doctor of racial bias when his daughter's cocaine overdose is investigated ('It's because I'm black, right? Drugs, black man... Got to be trouble.'). Additionally, there are discussions about whether the doctor's decision would be different if the child were white and lived in a wealthier area ('Would you feel the same way if her name was Stephanie and she lived on the North Side? This isn't about race. Oh, sure it is.'). These exchanges directly address issues of racial discrimination and bias in healthcare and child welfare. There are also implicit references to systemic inequalities, such as the challenges faced by patients in certain neighborhoods and the assumptions made about families based on race and socioeconomic status."
ER,1,7,ERS01E07,Yes,"There are several implicit references to race and possible racial prejudice. For example, the character 'Slice' is referred to as having a 'street name' and is described as a 'gang kid' who claims 'cops beat me up,' which can be seen as referencing racial profiling and stereotypes about young men of color and police brutality. Additionally, Dr. Benton, who is Black, is asked to talk to the 'gang kid' and is told 'I'm supposed to turn every gang kid that comes in here into some kind of Nelson Mandela?'—invoking a prominent Black figure in a context that suggests racial expectations or burdens placed on Black professionals. These elements imply the presence of racial stereotypes and the experience of racialized expectations, even if not discussed explicitly."
ER,1,8,ERS01E08,Yes,"There are a few moments that suggest the presence of racism or racial prejudice. The most explicit is when Carter's grandmother says, 'I think his people owned our people. But you're a nice boy. You come to Thanksgiving dinner.' This is a direct reference to slavery and racial history. Additionally, there are some subtle implications in the way certain characters are addressed or assigned roles (e.g., Mookie James, who is Black, being late and told 'J-o-b, job. That means be on time,' and then being assigned janitorial work), which could be interpreted as invoking racial stereotypes or microaggressions, even if not overtly discussed. Given the instruction to answer 'Yes' if there is any doubt, these references are sufficient."
ER,1,9,ERS01E09,Yes,"There are several implicit references to prejudice and discrimination. The character Miss Carleton is referred to as 'she-male,' which is a derogatory term for transgender individuals, and discusses experiencing social rejection and disgust from others, which parallels experiences of prejudice and discrimination often faced by marginalized groups, including racial minorities. While this is primarily about gender identity, the structure and language used to describe prejudice and microaggressions are similar to those found in discussions of racism. Additionally, the episode includes a brief mention of Rwanda, which may allude to racial/ethnic conflict, and the use of 'Nazis' as a slur for clinic staff, which, while not directly racial, is a loaded term often associated with racial hatred. Given these implicit references to prejudice and discrimination, and the instruction to answer 'Yes' if there is any doubt, the answer is Yes."
ER,1,10,ERS01E10,Yes,"There are several implicit references to race and ethnicity throughout the episode. For example, the rap lyrics mention 'Brothers in the C-town are ready to die' and 'Gs be chillin' on the nasty south side,' which evoke racialized stereotypes about urban Black communities and gang activity. There are also moments where characters speak Spanish ('Mano, mi mano esta que paso de la corte mucho') and references to a 'little Cuban guy Ramos,' indicating ethnic diversity and possible bias in how patients are described. The exchange between a temp clerk and a supervisor ('I ain't no garbage man. Child, move. Go on.') could be read as invoking stereotypes and microaggressions. Additionally, the Polish doctor who worries about not being able to board as a surgeon in the U.S. suggests issues of immigrant status and systemic barriers, which can intersect with racial and ethnic discrimination. While there are no explicit discussions of racism, these implicit references and stereotypes suggest the presence of racial or ethnic prejudice."
ER,1,11,ERS01E11,Yes,"There is an explicit reference to racial prejudice when Mrs. Abernathy discusses her past: she says she declined a marriage proposal because the man was Jewish and her parents did not approve. This is a clear mention of discrimination based on ethnicity/religion, which falls under the broader topic of prejudice. While not strictly about racism, the context of parental disapproval due to the man's Jewish identity is an instance of ethnic/religious prejudice, which is relevant to the prompt."
ER,1,12,ERS01E12,Yes,"There is an explicit reference to racism when a patient, Mr. McCabe, says 'I don't want some colored woman working on me,' directly expressing racial prejudice toward Dr. Hicks. Additionally, Dr. Hicks later references her experiences as a 'woman... a black woman' and the challenges of seeking approval, which implies the presence of racial bias or discrimination in her professional life. The use of the term 'gangbanger' for a gunshot victim may also carry implicit racial stereotyping, depending on context."
ER,1,13,ERS01E13,Yes,"There is an explicit mention of derogatory comments about someone's Middle Eastern heritage, which is a direct reference to racial or ethnic prejudice. Additionally, there are implicit references to racial stereotypes and possible bias, such as the mention of a drive-by shooting victim whose brother is described as a 'banger' and a comment about his clothes, which may imply racial or socioeconomic stereotyping. These elements suggest the presence of racism or racial prejudice in the episode."
ER,1,14,ERS01E14,No,
ER,1,15,ERS01E15,No,
ER,1,16,ERS01E16,No,
ER,1,17,ERS01E17,Yes,"The topic of racism and racial prejudice is explicitly mentioned in the scene with the knife wound patient who has a swastika and 'Die, nigger, die' tattooed on his forearm. The dialogue also references a crowbar attack on a black kid and a retaliatory stabbing, with the implication of racially motivated violence. Additionally, there are references to Asian identity and possible prejudice ('How do you feel about Asians?'), and the depiction of systemic inequalities, such as children starving in downtown Chicago, which can be tied to racial and socioeconomic disparities. These elements suggest both explicit and implicit references to racism and racial prejudice."
ER,1,18,ERS01E18,No,
ER,1,19,ERS01E19,No,
ER,1,20,ERS01E20,No,
ER,1,21,ERS01E21,Yes,"There are implicit references to racial prejudice and systemic issues. For example, Mrs. Salazar, a Spanish-speaking woman, is assumed by staff to be 'probably illegal' and is afraid of being 'put into the system,' which suggests fear of discrimination or repercussions due to her ethnicity or immigration status. The conversation about her husband having a green card and her reluctance to stay for treatment further imply concerns about her family's legal status and possible discrimination. Additionally, the staff's comments and assumptions about her status and the need to reassure her that 'I don't care if you're illegal' indicate awareness of racial/ethnic prejudice and systemic barriers faced by immigrants."
ER,1,22,ERS01E22,No,
ER,1,24,ERS01E24,No,
ER,1,25,ERS01E25,No,
ER,2,1,ERS02E01,No,
ER,2,2,ERS02E02,Yes,"There are several implicit references to race and ethnicity throughout the subtitles. For example, the paramedics discuss going to Humboldt Park and California and Division, which are known as neighborhoods with significant Latino populations in Chicago, and there is a mention of a patient named 'Payaso' (Spanish for 'clown'), with multiple characters speaking Spanish or referencing Spanish-speaking patients and families. The scene with Mrs. Rodriguez, who does not speak English, and the need for a Spanish-speaking staff member to communicate her son's death, highlights issues of language barriers and potentially systemic inequalities in healthcare. There is also a brief exchange referencing 'the whole Germanic thing in you' and 'I am Polish,' which, while not overtly racist, touches on ethnic stereotypes. The episode also depicts a young Latino boy involved in gang violence and drug use, which could be seen as reinforcing negative stereotypes. Additionally, the reference to 'slumming with the paramedics' and the focus on certain neighborhoods for crime and violence may imply racial or socioeconomic prejudice. While there are no explicit discussions of racism, the episode contains several implicit references to race, ethnicity, and the challenges faced by minority patients."
ER,2,3,ERS02E03,No,
ER,2,4,ERS02E04,No,
ER,2,5,ERS02E05,No,
ER,2,6,ERS02E06,No,
ER,2,7,ERS02E07,No,
ER,2,8,ERS02E08,No,
ER,2,9,ERS02E09,No,
ER,2,10,ERS02E10,Yes,"The topic of racism, racial discrimination, or racial prejudice is implied in the conversation where Mrs. Steiner, a Holocaust survivor, recounts being called 'dirty Jew' in school, referencing anti-Semitic slurs and prejudice. This is an explicit mention of racial/ethnic discrimination. Additionally, the episode includes references to a character named Mlungisi, who is introduced as coming from Africa, which may imply racial or ethnic diversity, though no prejudice is described in that context. The explicit mention of being called a racial slur and the discussion of surviving a concentration camp strongly suggest the presence of racism or racial prejudice."
ER,2,11,ERS02E11,Yes,"There are explicit and implicit references to racism and racial prejudice in the subtitles. For example, the exchange about 'these people' and the direct reference to 'black folks' not taking care of their kids, followed by a character being called 'David Duke' (a known white supremacist), indicate racial stereotyping and bias. The subsequent discussion about whether someone is a racist, and the defensive statements about not being a bigot, further reinforce that the topic of racism is present. Additionally, there are references to systemic inequalities, such as welfare reform and the struggles of families living in poverty, which often intersect with issues of race."
ER,2,12,ERS02E12,No,
ER,2,13,ERS02E13,No,
ER,2,14,ERS02E14,Yes,"There is an explicit use of the word 'shpos', which is described as meaning 'subhuman pieces', and is called out as a slur. While the subtitles do not specify the racial target, the term itself is historically a derogatory Yiddish slur sometimes used in a racial or ethnic context. Additionally, Dr. Benton, a Black character, is repeatedly told by his superior that he is 'lucky' to have his opportunity, that third-year residents 'rarely have the maturity', and is subtly undermined and threatened with career consequences when he challenges unethical behavior. These interactions echo microaggressions and systemic bias often experienced by minorities in professional settings, even if not named directly. The episode also includes references to social services, homelessness, and systemic inequalities, which can be tied to racial and ethnic prejudice in the context of healthcare. Given these implicit and explicit cues, the topic of racism or racial prejudice is present or implied."
ER,2,15,ERS02E15,Yes,"There is an explicit reference to racial bias when a character asks, 'You do those on white women too?' in response to being asked for a urine sample for a tox screen, suggesting suspicion of differential treatment based on race. Additionally, there are implicit references to systemic inequalities and stereotypes, such as the discussion of 'crack babies' and the challenges faced by certain patients, which can be associated with racialized narratives in healthcare."
ER,2,16,ERS02E16,No,
ER,2,17,ERS02E17,No,
ER,2,18,ERS02E18,Yes,"There is an explicit mention of racism and racial prejudice in the exchange about a drive-by shooting, where a character says, 'Cops got the boy who did it. Black kid, 14 years old. Shot him dead. Can't say I'm sorry.' Another character responds, 'Yeah, cops never mind shooting a black kid. And he didn't much mind shooting this one, did he?' This dialogue directly references racial bias and the disproportionate use of lethal force against Black youth by police, which is a clear indication of racism and racial prejudice. Additionally, there is an earlier line referencing a 'Pakistani cab driver' in a way that may suggest stereotyping, but the police shooting scene is explicit."
ER,2,19,ERS02E19,No,
ER,2,20,ERS02E20,No,
ER,2,21,ERS02E21,Yes,"The subtitles include references to an IAD investigation involving a Vietnamese boy, Anh Nguyen, who was allegedly 'slammed' by Mr. Shepherd. The investigation discusses whether the incident was a 'light shove' or a 'slam,' and the context implies possible racial bias or prejudice in the treatment of the child by authorities. Additionally, the presence of a complaint about the incident and the discussion of sides and perspectives suggest underlying issues of discrimination or prejudice, even if not overtly stated. Given the context and the guideline to answer Yes if there is any doubt, the topic of racial prejudice is at least implied."
ER,2,22,ERS02E22,No,
ER,3,1,ERS03E01,Yes,"There are several implicit references to race and racial identity. For example, a character jokes about being a 'big, black, bald, beautiful, barbecue-cooking man,' which references both race and stereotype in a lighthearted way. The use of 'boy' by a paramedic or doctor to refer to a 17-year-old male gunshot victim could be interpreted as a racially charged term, especially in a U.S. context, given the history of that word being used in a derogatory manner toward Black males. Additionally, the conversation about workplace discrimination against people with HIV/AIDS includes a character describing being pushed out of their job through indirect means, which, while focused on health status, parallels systemic discrimination that can also occur on the basis of race. There are also several Black characters depicted in professional and social settings, and while overt racism is not directly discussed, the script includes enough context and language that could imply racial dynamics or microaggressions."
ER,3,2,ERS03E02,No,
ER,3,3,ERS03E03,No,
ER,3,4,ERS03E04,No,
ER,3,5,ERS03E05,Yes,"There is an explicit discussion between Dr. Benton and Dr. Gant about race and racial prejudice in the medical profession. Benton asks Gant if he checked the 'African-American' box on his medical school application, and explains that people assume he got preferential treatment and that he has to work twice as hard to prove himself. This conversation directly addresses issues of racial bias, discrimination, and the pressures faced by Black professionals, making the topic of racism and racial prejudice clearly present in the episode."
ER,3,6,ERS03E06,No,
ER,3,7,ERS03E07,No,
ER,3,8,ERS03E08,Yes,"There are several references that suggest the presence of racial topics. For example, there is a discussion about a child named Ahmed Lopez, whose father is described as 'a Pakistani dude' and whose last name is questioned because it doesn't match the expected ethnicity ('His name is ""Lopez"" because...?'). This exchange implies assumptions and stereotypes based on names and ethnicity. Additionally, there are multilingual interactions (Spanish, Romanian), references to shelters, and a mention of a Caribbean restaurant owner, all of which could touch on issues of race, ethnicity, and systemic inequalities in healthcare. While there are no explicit discussions of racism or racial prejudice, the implicit references to ethnicity, assumptions about names, and the context of marginalized communities suggest that the topic is at least implied."
ER,3,9,ERS03E09,No,
ER,3,10,ERS03E10,Yes,"There are several implicit and explicit references to prejudice and discrimination, particularly surrounding Jeanie's HIV-positive status. While this is primarily about HIV/AIDS stigma, the dialogue includes discussions about whether she should be allowed to continue working, concerns about her infecting patients, and the potential for her to be forced out of her job. These are forms of prejudice and discrimination, though not racial. Additionally, there is a scene where Gloria, a Latina character, accuses hospital staff of treating her differently because of her ethnicity ('You think you can mess with me because I'm a Latina?!'). This is an explicit reference to perceived racial or ethnic discrimination. Therefore, the topic of racism or racial prejudice is mentioned or implied."
ER,3,11,ERS03E11,Yes,"There are several implicit references to race and ethnicity in the subtitles. Early in the episode, a character says, 'This is no place for a Mexican,' which is a stereotypical and exclusionary remark about ethnicity and weather. There is also a scene where the head nurse must choose between firing three junior RNs, all of whom have names suggesting they are people of color (Malik McGrath, Chuny Marquez, Connie Oligario), raising the possibility of systemic bias or disparate impact, even if not explicitly stated. Additionally, the mention of 'bumsicles' and the way homeless people are discussed may carry racialized undertones, as homelessness is often racialized in American society. While there are no explicit racial slurs or direct discussions of racism, these elements suggest the presence of racial stereotypes, microaggressions, and possible systemic inequalities."
ER,3,12,ERS03E12,Yes,"There are several implicit references to racism and racial prejudice in the episode. The central storyline involves the death of Dennis Gant, a Black surgical intern, and the investigation into whether he experienced unfair treatment, undue pressure, or discrimination in the hospital. There are discussions about whether he was treated harshly by Dr. Benton (also Black) and whether systemic issues or policies contributed to his distress. The episode also includes references to the backgrounds of characters (e.g., Benton reflecting on his high school in North Lawndale, mentioning classmates in prison or dead, which can imply systemic racial inequalities). While no explicit racial slurs or direct discussions of racism occur, the context and subtext strongly suggest that issues of racial bias, discrimination, and systemic inequality are present and relevant to the narrative."
ER,3,13,ERS03E13,No,
ER,3,14,ERS03E14,Yes,"There is an implicit reference to race in the basketball conversation: 'So white men can jump?' and 'That's right. They just can't land. That's why we don't do it.' This exchange references racial stereotypes about athletic ability and is a form of racial joking or microaggression. Additionally, the episode features Dr. Benton, a Black character, in a storyline where his family questions his relationship with Carla, asking 'Are you going to marry her? ... What, she's not good enough for you?' While not overtly about race, this could imply issues of prejudice or expectations around relationships and family, especially given the context of Black characters. Given these implicit references, the topic of racism or racial prejudice is present."
ER,3,15,ERS03E15,No,
ER,3,16,ERS03E16,Yes,"While the main explicit topic addressed in the episode is discrimination against people with Down syndrome (ableism), there are several moments that imply or touch on issues of racial prejudice and systemic inequality. For example, the conversation between Carla and Peter Benton, both Black characters, includes concerns about providing for a child and assumptions about single motherhood, which can implicitly reference racialized stereotypes. Additionally, Peter Benton discusses his career struggles and the death of Dr. Gant, another Black doctor, which may allude to the pressures and systemic challenges faced by minorities in medicine. The episode also includes brief references to socioeconomic disparities and union negotiations, which can intersect with race. While there are no explicit racial slurs or direct discussions of racism, the presence of implicit references and the possibility of underlying racial dynamics in these interactions warrant a 'Yes' answer."
ER,3,17,ERS03E17,Yes,"The episode contains multiple explicit and implicit references to racism and racial prejudice. There are direct mentions of racial bias, such as the use of the racial slur 'nigger' by a character accusing doctors of racist assumptions ('Just another shot nigger is what you saw'), and discussions about assumptions made regarding black patients being gangbangers or drug dealers. There are also microaggressions and stereotypes, such as referring to a patient as a 'crackhead' and the assumption that the black kid is a gang member or dealer, contrasted with the white kid being identified as a drug dealer only later. Characters discuss how race affects their experiences and perceptions ('Black folks see the world one way; white folks see it another'), and the episode explores systemic inequalities in healthcare and policing. The dialogue also includes a moment where a character is called out for using the phrase 'natives are restless,' which is recognized as a problematic, racially loaded expression. Overall, the topic of racism and racial prejudice is both mentioned and implied throughout the episode."
ER,3,18,ERS03E18,No,
ER,3,19,ERS03E19,No,
ER,3,20,ERS03E20,Yes,"There are explicit references to racial discrimination and prejudice. For example, Fair Oaks country club is described as not allowing women, blacks, or Jews, which is a direct mention of institutional racism and exclusion. Additionally, there is a discussion about a book where one character says, 'The part I read was racist,' and another mentions the 'Latina nurse' character not being realistic, which suggests the depiction of ethnic stereotypes and possible racial insensitivity. There are also references to an African-American patient and some subtle implications about treatment and access that could be interpreted as touching on systemic inequalities. Given these explicit and implicit mentions, the topic of racism or racial prejudice is present."
ER,3,21,ERS03E21,No,
ER,3,22,ERS03E22,Yes,"There are several implicit and explicit references to race and potential racial prejudice in the subtitles. Most notably, during a police lineup, a detective says to a doctor who was mugged, 'He was black, then?' before showing photos, which is an explicit reference to the suspect's race and could imply racial profiling or bias. Additionally, there are scenes involving characters with Hispanic surnames (e.g., Martinez), and a group of young people on public transit using slang associated with African American and Latino communities, which could be seen as invoking racial or ethnic stereotypes. While these references are not always overtly about racism, the presence of racial identifiers and potential stereotypes suggests that issues of race and possible prejudice are at least implied."
ER,4,1,ERS04E01,No,
ER,4,2,ERS04E02,No,
ER,4,3,ERS04E03,Yes,"There are several implicit references to racial dynamics and possible racial prejudice. For example, there are scenes involving Peter Benton and Carla discussing decisions about their son's circumcision, which may allude to cultural or racial identity issues. Additionally, there is a scene where Jeanie, who is HIV positive, is rejected by a coworker (Bill) from drawing his blood after possible exposure, which could be interpreted as prejudice, especially considering the context of HIV stigma that has historically intersected with race and class. There are also subtle references to workplace dynamics and favoritism that could be read as having racial undertones, such as Carter questioning whether Dr. Del Amico is being favored for interesting cases. While none of these references are explicitly about racism, the potential for racial or ethnic prejudice is implied in the subtext and character interactions."
ER,4,4,ERS04E04,No,
ER,4,5,ERS04E05,Yes,"There are explicit references to racism and racial prejudice in the episode. During the deposition scene, Dr. Greene is directly questioned about whether he applied the same standard of care to a young black man as to a white teenager, and is accused of holding the life of a young black man to be of lesser value than a white person. The dialogue includes accusations of racism and references to racial bias in medical treatment. Additionally, there is a conversation about Chris Rock and the use of the 'N' word, which touches on racial language and its implications. These scenes both mention and imply the topic of racism and racial prejudice."
ER,4,6,ERS04E06,Yes,"There are explicit references to racism and racial prejudice in the subtitles. For example, a patient is described as having a KKK (Ku Klux Klan) tattoo, and is referred to as 'the grand wizard,' which is a Klan title. There are discussions about the discomfort of treating a member of the Klan, and the patient himself refers to 'you people' in a way that could be interpreted as racially charged. Additionally, the episode includes dialogue about Atlanta being a 'chocolate city,' which is an implicit reference to its large Black population and may suggest considerations of race and community. There is also mention of a civil rights lawsuit, and the phrase 'I wish it was me who kicked your white ass,' which is a direct reference to racial identity and conflict. These examples indicate that the topic of racism, racial discrimination, or racial prejudice is both mentioned and implied."
ER,4,7,ERS04E07,No,
ER,4,8,ERS04E08,No,
ER,4,9,ERS04E09,Yes,"There are several implicit references to racism and racial prejudice in these subtitles. The most notable is the depiction of a Black patient with sickle cell disease, Mr. Jackson, who repeatedly asks for pain medication and is met with skepticism by the medical staff, reflecting a well-documented stereotype and bias in healthcare where Black patients are often undertreated for pain due to assumptions of drug-seeking behavior. Additionally, the mention of 'inner-city ER Management' as a topic for a conference paper may carry racial and socioeconomic implications, as 'inner-city' is often coded language for communities of color. There are also microaggressions and systemic issues implied in the interactions around Jeanie Boulet, a Black woman who is fired under the pretext of budget cuts but is suspected to be due to her HIV status, which intersects with issues of discrimination. While there are no explicit racial slurs or direct discussions of racism, these scenarios suggest the presence of racial prejudice and systemic inequality."
ER,4,10,ERS04E10,Yes,"There are several references that suggest the presence of racism or racial prejudice. The most explicit is a conversation near the end where a character says: 'I can't tell you if my assumption about your brother was racism or experience. Probably both.' This directly references racism as a factor in someone's judgment or actions. Earlier, there is mention of a 'civil rights suit,' which often involves issues of racial discrimination. There are also moments where race is noted in descriptions (e.g., 'You're‐you're a black man in‐in a brown coat'), and the episode includes a variety of diverse characters and situations that touch on social inequalities (e.g., homelessness, access to care, systemic issues). Given these explicit and implicit references, the topic is present."
ER,4,11,ERS04E11,Yes,"There are several moments in the subtitles that suggest the presence of racism or racial prejudice. For example, the phrase 'crazy-ass cracker' is an explicit racial slur directed at a white person. Additionally, there is an exchange where a character says 'You don't look too busy, Miss Chiquita Banana over here eating them cookies. ... Why don't you talk slow and in English?' which uses a racially charged nickname and implies prejudice against someone perceived as Latina or non-native English speaker. These instances are explicit references to racial prejudice and discrimination."
ER,4,12,ERS04E12,Yes,"There are several implicit and explicit references to racism and racial prejudice in the subtitles. Most notably, Dr. Romano tells Dr. Benton, 'One of the things I like about you, Peter. You're not one of those militant minorities.' This is a direct reference to racial stereotypes and prejudice, implying negative assumptions about minorities who speak up. Additionally, there are subtle references to systemic inequalities, such as the discussion about trauma centers closing and the impact on emergency care for those who can't pay, which can disproportionately affect racial minorities. The episode also includes microaggressions and stereotypical comments, such as the remark about 'female surgeons' and assumptions about Peter's background when discussing his drinking and dietary habits."
ER,4,13,ERS04E13,No,
ER,4,14,ERS04E14,No,
ER,4,15,ERS04E15,No,
ER,4,16,ERS04E16,Yes,"There are several implicit references to systemic inequalities and possible racial bias. For example, the episode discusses a hospital 'dumping' an uninsured John Doe patient, with the neurosurgeon allegedly ignoring the case due to lack of insurance and returning to his 'country club.' While not explicitly about race, the issue of healthcare disparities and neglect of vulnerable patients often intersects with racial and ethnic discrimination. Additionally, there are references to a sickle-cell patient (a disease predominantly affecting people of African descent), and the way pain management is discussed could imply racial bias in treatment. There is also mention of a character named Malik, who is Black, but no explicit racial prejudice is shown toward him. The episode does not contain direct racial slurs or overt racist behavior, but the presence of systemic inequalities and possible implicit bias means the topic is at least implied."
ER,4,17,ERS04E17,Yes,"There are several explicit and implicit references to race and racial issues. For example, Elizabeth asks Peter if their relationship is difficult because she is white, directly referencing racial dynamics and potential prejudice. Peter later admits to having a problem dating white women, which implies issues of racial identity, bias, and possibly internalized prejudice. Additionally, the episode features a character named Won Sok Jang, whose name and the mention that he doesn't understand English well may suggest issues of ethnicity and possible systemic inequalities or bias in healthcare. These references indicate that the topic of racism, racial discrimination, or racial prejudice is present or implied."
ER,4,18,ERS04E18,No,
ER,4,19,ERS04E19,No,
ER,4,20,ERS04E20,No,
ER,4,21,ERS04E21,Yes,"There are both explicit and implicit references to race and racial prejudice in the subtitles. The most direct example is the conversation between Peter and Elizabeth about going to the Velvet Lounge on the south side, where concerns about the area are raised and Peter later discusses his feelings about Elizabeth's skin color and the challenges of their interracial relationship. He says, 'I wish I could say one, two, three and all my feelings about your skin color would disappear, but it doesn't work like that,' indicating an awareness of racial issues and internalized prejudice. Additionally, the initial warning about the Velvet Lounge being in a 'rough area' on the south side may implicitly reference racialized perceptions of neighborhoods. These elements suggest the topic of race and racial prejudice is present in the episode."
ER,4,22,ERS04E22,Yes,"There are both explicit and implicit references to race and racial prejudice in these subtitles. The phrase 'These crazy white folk' is an explicit racial reference, suggesting a stereotype about white people. Additionally, the episode features Peter Benton, a Black character, and his experiences are often used in 'ER' to explore issues of race and systemic inequality, though in these subtitles there is no direct mention of racism affecting him. The use of 'cracker face' in the Elvis impersonator exchange is a racial slur referring to white people. These instances, along with the general guideline to answer 'Yes' if there is any doubt, indicate that the topic of racism or racial prejudice is present or implied."
ER,5,1,ERS05E01,No,
ER,5,2,ERS05E02,Yes,"There are several implicit and explicit references to race and potential racial prejudice. For example, a character says 'You don't want no Chinese fag messing down there.' and another corrects, 'Japanese.' This is both a racial and homophobic slur directed at a medical professional. Additionally, there are scenes involving young Black male patients who are referred to as 'bangers' and 'gangbanger,' and the dialogue includes stereotypical language and attitudes towards them (e.g., 'Looks like he's been shot before.' 'This is my first time above my neck.' 'You the man.'). These references suggest the presence of racial stereotypes and prejudice, both in language and in the depiction of characters' experiences."
ER,5,3,ERS05E03,Yes,"There is an explicit use of a racial slur when a character yells, 'Damn beans! You give 'em work they don't care! Son of a bitch!' The term 'beans' is a derogatory slur directed at people of Hispanic/Latino descent, indicating the presence of racism or racial prejudice in the episode."
ER,5,4,ERS05E04,Yes,"There are several instances in the subtitles that suggest the presence of racism, racial prejudice, or discrimination. For example, there is a scene where a patient's family is told, 'He's black. That a problem?' which directly references race in a context that implies possible bias or discrimination. Additionally, the episode discusses issues around undocumented immigrants and access to healthcare ('Didn't you know this patient was illegal?' and 'It doesn't matter if he's illegal.'), which often intersects with racial and ethnic prejudice and systemic discrimination. There are also references to gang violence and 'gangbanger' stereotypes, which can carry implicit racial undertones. These examples suggest both explicit and implicit references to racism and racial prejudice."
ER,5,5,ERS05E05,No,
ER,5,6,ERS05E06,Yes,"There is an explicit reference to race and racial identity in the conversation between Dr. Benton and Dr. Parks. Dr. Parks, who is deaf, says, 'Just like I can never know what it's like being black,' and Dr. Benton replies, 'I don't look at me being black as a burden. That's who I am.' This exchange directly discusses racial identity and the experience of being Black, which is relevant to the topic of racism, racial discrimination, or prejudice. Additionally, there is an implicit reference in a later conversation about a nurse giving birth control pills to a girl, where one character says, 'how would you feel if you were that girl and a white nurse came in and said she didn't trust you.' This implies awareness of racial dynamics and potential prejudice in medical care."
ER,5,7,ERS05E07,No,
ER,5,8,ERS05E08,Yes,"There are implicit references to systemic inequalities and racial/ethnic prejudice in the episode. For example, when discussing the youth job program and the 'Ghetto Boys,' there's a mention that the city can build youth detention centers but not job programs for kids, highlighting systemic neglect of marginalized communities. The use of 'Ghetto Boys' and the depiction of youth from disadvantaged backgrounds involved in illegal activities also reflect racial and socioeconomic stereotypes. Additionally, the storyline involving the meat packing plant, youth from the projects, and the challenges in accessing healthcare for a woman with tuberculosis in public housing further imply systemic inequalities often tied to race and ethnicity. While there are no explicit discussions of racism or racial slurs, these elements suggest the presence of racial prejudice and systemic discrimination."
ER,5,9,ERS05E09,Yes,"There is an explicit reference to race in the subtitles when the police detective asks the child witness, Wilson, to describe the man who was allegedly chasing him and his friend: 'Can you tell me if he was... White, or Black, Latino, or maybe Asian? Do you know what those mean?' This is a direct inquiry about the race of a suspect, which is a common element in discussions of race, racial profiling, or bias in criminal investigations. Additionally, the episode features a case where a child invents a story about a man chasing them to cover up his own involvement in a shooting, which can implicitly reference societal narratives around race and crime, especially given the police's immediate interest in the racial identity of the supposed perpetrator. While the subtitles do not include explicit racial slurs or overt acts of racial discrimination, the inclusion of race in the investigation and the potential for racial profiling or assumptions based on race are present, making the topic of racism or racial prejudice at least implied."
ER,5,10,ERS05E10,Yes,"There are implicit references to prejudice and discrimination, including a scene where a patient demands a different doctor, saying 'I don't like the look of him. The way he smiles, the way he talks. I want another doctor! Any doctor, as long as it isn't him!' This could imply racial or ethnic bias, especially since the patient doesn't specify a medical reason and focuses on the doctor's appearance and mannerisms. Additionally, there are moments of suspicion and accusation (e.g., Jerry accusing Dr. Lee of stealing gloves) that, while not explicitly racial, could be interpreted as microaggressions or bias depending on the context of the characters' backgrounds. Given the instruction to answer 'Yes' if there is any doubt, the answer is Yes."
ER,5,11,ERS05E11,No,
ER,5,12,ERS05E12,Yes,"There are several references that suggest the presence of racism or racial prejudice. Most notably, the discussion about the women's health seminar in the clinic explicitly mentions that all the attendees were African American, and there is a conversation about targeting 'underserved populations' and the need to include other racial groups, referencing health disparities among Latinas and Vietnamese women. Additionally, Mr. Barnes, an elderly Black man, references 'slavery times' and his unique survival, which implicitly touches on racial history and systemic inequality. These elements indicate both explicit and implicit references to race, racial identity, and disparities."
ER,5,13,ERS05E13,No,
ER,5,14,ERS05E14,No,
ER,5,15,ERS05E15,Yes,"There are implicit references to racism and racial prejudice in the subplot involving Mobalage Ikabo and his wife. Mobalage is described as a 'student leader' and 'dissident' who was tortured in Nigeria and fled to the US, which touches on issues of political persecution and potentially racial/ethnic violence. Additionally, his wife describes being raped by soldiers after he left, which, while not explicitly described as racially motivated, is situated within a context of ethnic and political violence. The mention that Mobalage is the 'custodian' and his wife is introduced in that context may also subtly reflect on racial or immigrant status and the types of jobs available to them. These elements together suggest the presence of themes related to racial/ethnic discrimination and trauma."
ER,5,16,ERS05E16,Yes,"There are both explicit and implicit references to racism and racial prejudice in the subtitles. Explicitly, a character's father says, 'Melly's had enough help from his kind already,' when a Black doctor tries to help his daughter, clearly referencing racial prejudice. The doctor also asks if the baby's father is Black, concerned for the safety of the mother and child due to possible racial tensions. Implicitly, the episode deals with the challenges faced by a Black doctor in a rural Southern town, including acceptance by the community, which is framed as being partly about race. These elements suggest the presence of racism and racial prejudice."
ER,5,17,ERS05E17,Yes,"There are several implicit references to racial and ethnic issues in the subtitles. For example, the Fong family storyline involves cultural differences and potential stereotypes about 'traditional' Chinese families, with a doctor commenting 'Can't talk to them when they're like this.' and 'Traditional. I guess that's the polite word.' There are also references to language barriers and the lack of interpreters, which can reflect systemic inequalities in healthcare for ethnic minorities. Additionally, in the scene involving a landlord and tenants, the landlord refers to the tenants as 'a bunch of animals,' which, in the context of a heated dispute with what appears to be a group of marginalized tenants, could be interpreted as a racially charged insult, especially given the historical use of such language. The storyline involving Mobalage Ekabo, an immigrant from Nigeria, touches on issues of trauma from political violence, the threat of deportation due to a forged visa, and the challenges faced by immigrants, all of which are linked to systemic racial and ethnic discrimination. While there are no explicit racial slurs or direct discussions of racism, these implicit references are sufficient to answer Yes."
ER,5,18,ERS05E18,Yes,"The subtitles explicitly mention that Mobalage was tortured in Nigeria, and that he faces deportation as an 'illegal.' The context of his torture is political, but the repeated references to his immigration status, the threat of deportation, and the need for asylum strongly imply racial and ethnic discrimination, particularly in the way the government and INS treat him. Additionally, there is a moment where a character says 'Yeah, blame the brother,' which is a reference to racial stereotyping or microaggression. The episode deals with systemic inequalities and prejudice based on nationality and ethnicity, which are forms of racism."
ER,5,19,ERS05E19,Yes,"There are several implicit references to racial issues. The episode includes a mentoring project with a student named Antoine Bell from the Southside Math-Science Magnet School, and there are repeated jokes and assumptions about him being a 'scared straight kid' or a juvenile offender, which reflect racial stereotyping and bias. There is also discussion of lead poisoning among children living in poor, old buildings, with a clear link made between poverty, race, and systemic inequalities (e.g., 'poor children are more likely to be anemic... and poor kids are more likely to be exposed to lead paint,' and the families depicted are Black). The foster care storyline with Seth also touches on systemic issues that disproportionately affect children of color. These elements suggest the presence of racial prejudice, stereotyping, and systemic inequalities, even if not explicitly labeled as racism."
ER,5,20,ERS05E20,No,
ER,5,21,ERS05E21,No,
ER,5,22,ERS05E22,Yes,"There are several implicit references to racial prejudice and stereotypes. For example, Antoine's mother expresses concern about him associating with 'bad boys from the neighborhood,' which can be read as a reference to racialized stereotypes about youth and crime. Later, Antoine says, 'My family wanted me to grow up to be a rich, white guy,' which is an explicit reference to racial expectations and societal pressures. Additionally, there are moments discussing neighborhood violence and assumptions about drug use and child neglect that may carry implicit racial undertones, especially given the context of urban Chicago and the characters involved."
ER,6,1,ERS06E01,Yes,"There are explicit references to race and racial prejudice. For example, when discussing foster placement for the HIV-positive baby, a character says, 'Then we need a foster family willing to take on a child of color with HIV. Not exactly a dime a dozen.' This directly references racial bias in the foster care system. Additionally, in the custody mediation scene, Carla says, 'His black mother and his black stepfather,' and Peter Benton responds defensively about having dated a white woman, indicating racial tension and prejudice. These moments explicitly mention race and imply issues of racial bias and discrimination."
ER,6,2,ERS06E02,Yes,"There is an explicit reference to race and possible racial discrimination when Jeanie Boulet, a Black character, is denied the opportunity to foster a Hispanic baby. She directly asks, 'Is it because I'm black?' and the social worker responds, 'What? I'm black. The baby's Hispanic. What do you take me for?' This exchange raises the issue of race in the foster care decision, and Jeanie also asks if her HIV status is the reason, but the topic of racial prejudice is clearly mentioned. Additionally, the episode includes a discussion about the baby's ethnicity and the foster system, which may imply systemic inequalities. Given these explicit and implicit references, the topic of racism, racial discrimination, or racial prejudice is present."
ER,6,3,ERS06E03,Yes,"There are several implicit references to race and racial issues. The sickle cell patient, Cristal, is likely Black, as sickle cell anemia disproportionately affects people of African descent. The dialogue about sickle cell and malaria references genetic protection in populations affected by malaria, which is an implicit racial/ethnic reference. Additionally, there are mentions of 'gangbangers' and gunshot wounds, which, in the context of an inner-city ER, can carry racial stereotypes and implications about race and crime. The episode also features Jeanie Boulet, a Black character, and her foster/adoptive process, which may touch on systemic issues, though not explicitly discussed in the subtitles. While there are no explicit slurs or direct discussions of racism, the presence of these implicit references and stereotypes means the topic is at least implied."
ER,6,4,ERS06E04,No,
ER,6,5,ERS06E05,Yes,"There are implicit references to prejudice and discrimination related to HIV and sexual orientation. A character reveals he is HIV positive and expresses fear that his father would disown him for being gay, referencing the father's homophobic reaction ('if I ever brought a fag to his house, he'd kick my ass'). While this is primarily homophobia, the episode also includes a scene with Mr. Perez and his son, who are Latino, and the dialogue touches on themes of working hard and being the first to go to college, which can imply systemic inequalities and stereotype pressures. Although there are no explicit mentions of racism, the presence of ethnic minority characters and references to their struggles and family expectations suggest implicit themes of racial and social inequality. Given the instruction to answer Yes if there is any doubt, the answer is Yes."
ER,6,6,ERS06E06,No,
ER,6,7,ERS06E07,No,
ER,6,8,ERS06E08,Yes,"There is an explicit reference to the Pilgrims persecuting Native Americans ('The Pilgrims came here to escape persecution from the British.' 'Yes, so they could go about persecuting the Indians.'), which acknowledges historical racial oppression. Additionally, there is a discussion about Jamaican Vomiting Sickness and akee fruit, which includes references to Jamaica and Grenada, but these are medical and geographic rather than racial. However, the explicit mention of the persecution of Native Americans is sufficient to indicate the topic of racism or racial prejudice is present."
ER,6,9,ERS06E09,No,
ER,6,10,ERS06E10,No,
ER,6,11,ERS06E11,No,
ER,6,12,ERS06E12,No,
ER,6,13,ERS06E13,No,
ER,6,14,ERS06E14,Yes,"There is an implicit reference to racial discrimination and prejudice in the subtitles. Specifically, the conversation about Pablo being put on a 'green bus' and the statement 'I think Pablo got deported' suggests issues of immigration enforcement and possible racial/ethnic profiling. Additionally, the episode features characters with Hispanic surnames (Rodriguez, Pablo), and the mention of deportation and being put on a bus can imply systemic inequalities and racial bias, especially in the context of healthcare and law enforcement. While there are no explicit racial slurs or direct discussions of racism, the implication of deportation and its impact on a character of apparent Hispanic descent is enough to warrant a 'Yes' answer."
ER,6,15,ERS06E15,No,
ER,6,16,ERS06E16,No,
ER,6,17,ERS06E17,No,
ER,6,18,ERS06E18,Yes,"There is an explicit mention of 'racial slurs' made by a character (Mark's father) towards a nurse, which is directly referenced as 'racial slurs.' Additionally, there are some moments that could be interpreted as microaggressions or stereotypes (e.g., joking about nationalities, such as Croatian and Swedish/Dutch), but the explicit mention of racial slurs is sufficient to confirm the presence of racism or racial prejudice in the episode."
ER,6,19,ERS06E19,No,
ER,6,20,ERS06E20,Yes,"There is an explicit discussion of systemic racial disparities in healthcare. Dr. Benton points out that 'Older African-American men are at high-risk for amputation. They're not treated aggressively. You should know that.' This dialogue directly addresses racial bias and systemic inequality in medical treatment, specifically referencing how African-American patients may receive less aggressive care and experience worse outcomes. Additionally, the patient's race is mentioned in the context of his treatment and lack of insurance, which can imply intersectional issues of race and socioeconomic status affecting healthcare access."
ER,6,21,ERS06E21,No,
ER,6,22,ERS06E22,Yes,"There is an explicit reference to race and ethnicity when a stabbing victim describes her assailant as 'darker. Maybe Mexican.' This is a direct mention of race/ethnicity in the context of a crime, which can imply racial prejudice or bias, especially given the context of identifying a suspect based on skin color and presumed ethnicity. Additionally, there is a brief discussion about the Masai warriors of Tanzania, which, while not prejudicial, is a reference to a specific ethnic group. The episode also includes multiple scenes involving police, shootings, and suspects, but there are no other explicit or implicit indications of racism or racial discrimination in the subtitles provided. However, the explicit mention of race in the context of criminal suspicion is sufficient to answer Yes."
ER,7,1,ERS07E01,Yes,"There is an explicit reference to race and representation when one character notes, 'Not a black face in the bunch. That doesn't concern you?' This suggests concern about racial diversity and possible systemic inequalities in medical education or hiring. Additionally, the episode includes discussions about labor strikes and social issues, which may implicitly touch on systemic inequalities that often intersect with race."
ER,7,2,ERS07E02,No,
ER,7,3,ERS07E03,Yes,"There are several implicit and explicit references to race and possible racial prejudice. For example, Dr. Peter Benton, a Black surgeon, faces bureaucratic obstacles with parking and computer access, and is later fired by Dr. Romano, who is described by Cleo as a 'racist, sexist, elitist jackass.' Additionally, a patient refers to a staff member as 'some black woman' in a dismissive and possibly prejudiced way. These moments suggest both systemic and interpersonal racial bias."
ER,7,4,ERS07E04,No,
ER,7,5,ERS07E05,Yes,"There is an explicit reference to racial prejudice when Mrs. Barnwell tells Dr. Benton that she would be more at ease with another doctor, specifying that she has always had white doctors and feels more comfortable that way. This is a clear example of racial bias and preference based on race. Additionally, Dr. Benton is one of the few Black doctors in the episode, and this interaction highlights the racial prejudice he faces from patients."
ER,7,6,ERS07E06,Yes,"There are several implicit references to racism and racial prejudice in the subtitles. For example, when a patient is described as a 'drug-dealing banger,' there is a strong implication of racial stereotyping, especially in the context of urban hospital dramas where such terms are often associated with Black or Latino characters. Additionally, the conversation about adoption includes a line about it being 'very unusual for a woman of Asian descent to offer a child up for adoption,' which is a stereotype and suggests racial bias. There is also a moment where a character is described as 'out on the corner, 6:30 in the morning, selling rock,' and the subsequent discussion implies assumptions about race and criminality. These instances, while not overtly using racial slurs, do suggest the presence of racial prejudice and stereotyping."
ER,7,7,ERS07E07,Yes,"There is an explicit reference to race and racial prejudice in the conversation between Cleo and Peter. Cleo says, 'Debby Marlin couldn't get pain medication because her pharmacy was in a black neighborhood.' This suggests systemic racial inequality in access to healthcare. Additionally, Peter mentions, 'Your nephew gets crappy care because they assume he's a banger,' which implies racial stereotyping and prejudice in medical treatment. There is also a moment where Jing-Mei asks her mother, 'Mommy, will you love the baby if the father is black?' which directly addresses issues of race and potential prejudice within the family."
ER,7,8,ERS07E08,Yes,"There are several implicit references to racism and racial prejudice in the subtitles. For example, the character Kynesha is a Black girl who is assaulted and discusses being 'jumped out' of a gang, which is often associated with racialized urban violence. The conversation between Dr. Benton and Kynesha references Jesse, who was killed, and the implication of gang violence and fear of retaliation, which can be tied to systemic racial issues. Additionally, the episode features police involvement and a reluctance to cooperate due to fear of being targeted, which is a common theme in stories about marginalized racial communities. While there are no explicit racial slurs or direct discussions of racism, the context and situations described imply the presence of racial prejudice and systemic inequalities."
ER,7,9,ERS07E09,Yes,"There is an explicit reference to racism and racial prejudice when Jing-Mei (Deb) discusses her decision about adoption, saying, 'Do I tell him I was a coward? That my bigoted parents were more important to me than he was?' This directly mentions racial prejudice in her family influencing her choices. Additionally, there are implicit references to systemic inequalities and possible racial bias, such as the depiction of a young girl (Kynesha) in a precarious housing situation, the concern about foster care, and the social services system, which often disproportionately affects minority communities. While these are not overtly stated as racial issues, the context and character backgrounds suggest possible racial undertones."
ER,7,10,ERS07E10,No,
ER,7,11,ERS07E11,Yes,"There are several implicit and explicit references to race and potential racial prejudice. The character Kynesha is being placed in foster care with an African-American family, and the dialogue references her perception that Cleo (another character) does not like her, which could suggest underlying racial tension or prejudice. Additionally, there is mention of the neighborhood not being 'safe,' which can sometimes be a coded reference to racial or socioeconomic stereotypes. The episode also includes a brief exchange where a character asks another about 'what religion do they practice in your country,' to which the response is 'This is my country, Dave,' highlighting a microaggression or assumption based on ethnicity or national origin. These elements suggest the presence of racial issues, prejudice, or discrimination."
ER,7,12,ERS07E12,Yes,"The subtitles explicitly mention issues of racism, racial discrimination, and systemic inequality. There is a press conference addressing the declining numbers of minority (specifically African-American) medical school students and faculty, referencing affirmative action and the need for minority representation. Dr. Benton is appointed Director of Diversity, and there is a direct conversation where he says, 'The only reason you gave me that job is because I'm black,' which is a clear reference to racial bias and tokenism. The episode also depicts the plight of undocumented workers, many of whom are likely racial/ethnic minorities, facing unsafe working conditions, fear of deportation, and systemic inequalities. These elements all suggest the presence of racism, racial prejudice, and discrimination, both explicitly and implicitly."
ER,7,13,ERS07E13,No,
ER,7,14,ERS07E14,Yes,"The episode contains explicit discussion of race and racial discrimination in the context of medical school admissions. There is a conversation about a black applicant, William White, not receiving an interview despite strong qualifications, and another character discovering his own file was separated under 'Affirmative Action.' The admissions committee debates 'colorblind' policies, affirmative action, and the systemic barriers faced by minorities, with lines such as 'We didn't interview one black or Latino candidate today,' and 'Minorities don't have the same access to academic opportunities.' These are clear references to systemic racial inequality and prejudice."
ER,7,15,ERS07E15,No,
ER,7,16,ERS07E16,No,
ER,7,17,ERS07E17,Yes,"There is an explicit reference to racism and racial prejudice when a character says, 'All I know is that an elderly black woman is dead.' This is in the context of a police shooting, and the implication is that race may have played a role in the decision to shoot. The conversation that follows discusses whether the officer's actions were justified, with one character suggesting that the investigation could 'ruin a good cop's life,' while another points out the racial aspect of the victim. This exchange, along with the depiction of a black woman being shot by police, strongly suggests the presence of racial bias or the implication of systemic racial issues."
ER,7,18,ERS07E18,No,
ER,7,19,ERS07E19,No,
ER,7,20,ERS07E20,No,
ER,7,21,ERS07E21,No,
ER,7,22,ERS07E22,No,
ER,8,1,ERS08E01,No,
ER,8,2,ERS08E02,No,
ER,8,3,ERS08E03,Yes,"The topic of racism, racial discrimination, or racial prejudice is implied in the use of the slur 'Nazi dyke' at the end, which is a homophobic and prejudiced insult. While this is primarily a homophobic slur, the use of 'Nazi' can also carry connotations of extreme prejudice and hate, including racism. Additionally, the episode includes references to social services and foster care, which can sometimes intersect with issues of systemic racial inequality, though no explicit racial bias is described in the subtitles. Given the instruction to answer Yes if there is any doubt, the presence of a slur and possible implicit references warrant a Yes."
ER,8,4,ERS08E04,No,
ER,8,5,ERS08E05,Yes,"There are several implicit references to racial and ethnic prejudice or discrimination. For example, Amal's storyline involves her fear of being sent 'out of the country' and strict expectations around virginity, which are tied to her family's cultural and possibly ethnic background, suggesting issues of cultural and possibly racial pressure. The INH overdose case highlights language barriers and the dangers of English-only medical labeling for Spanish-speaking patients, which is a systemic issue affecting ethnic minorities. There is also mention of a character whose husband 'only speaks Spanish,' requiring a translator, further suggesting the presence of ethnic and language-based disparities in healthcare. Additionally, the episode features a diverse cast (e.g., Dr. Benton, Malik, Cleo Finch), and while no explicit racism or slurs are present, the presence of microaggressions, systemic inequalities, and cultural pressures are implied throughout."
ER,8,6,ERS08E06,No,
ER,8,7,ERS08E07,No,
ER,8,8,ERS08E08,No,
ER,8,9,ERS08E09,No,
ER,8,10,ERS08E10,No,
ER,8,11,ERS08E11,No,
ER,8,12,ERS08E12,Yes,"There are implicit references to race and racial prejudice in the episode. For example, the character Dimon Z is described as being involved in a brawl at a hip-hop club, which can be seen as a stereotypical association. The dialogue about 'down low' and being 'legit' references cultural attitudes toward homosexuality in some Black communities, and the use of terms like 'thugs' and 'dog' may reflect racialized language. Additionally, the episode features characters with Hispanic names (Julio Echeverria, Maria), and there are references to Medicaid and systemic inequalities in healthcare. While there are no explicit discussions of racism or racial discrimination, the presence of racial and cultural stereotypes, as well as the depiction of systemic issues, suggests that the topic is at least implied."
ER,8,13,ERS08E13,Yes,"There is an implicit reference to race when a character says 'You know, you remind him of his son.' and the other replies 'I'm black, sir.' This exchange, combined with the context that the speaker is blind and did not know the student's race, touches on racial identity and assumptions. While not overtly prejudiced, it does bring up race as a topic. According to the instructions, any doubt should result in a Yes."
ER,8,14,ERS08E14,No,
ER,8,15,ERS08E15,No,
ER,8,16,ERS08E16,Yes,"There are several implicit references to race and racial identity. For example, Gallant refers to his twin sister as 'the black sheep' of the family, which is a common idiom but could be interpreted as a racial pun given the context. There is also mention of 'the Salvadorian sisters from Housekeeping,' which references ethnicity and could imply workplace stereotyping. Additionally, there is a discussion about educational caste systems and class, and Gallant mentions attending Howard, a historically Black university, which brings up racial context. The episode also references Whitman writing about slavery and abolitionism. While there are no explicit racial slurs or direct incidents of racial discrimination, the presence of these references and discussions implies that race and ethnicity are part of the subtext."
ER,8,17,ERS08E17,No,
ER,8,18,ERS08E18,No,
ER,8,19,ERS08E19,No,
ER,8,20,ERS08E20,No,
ER,8,21,ERS08E21,No,
ER,8,22,ERS08E22,Yes,"There is an explicit reference to racism or racial prejudice in the line: 'Damn foreigners ought to just get their own bus!' This is a clear example of racial or ethnic prejudice, as it expresses hostility towards foreigners in a derogatory manner. Additionally, there are subtle references to language barriers and assumptions about non-English speakers (e.g., 'Doesn't speak English,' 'That gibberish,' 'Probably set the driver off, that gibberish'), which may also imply prejudice or bias based on ethnicity or national origin."
ER,9,1,ERS09E01,Yes,"There are several moments in the subtitles that suggest the presence of racial prejudice or stereotyping. For example, a character asks if a patient is 'the African bushman' and refers to him as 'the young black Pygmy,' which are explicit racial stereotypes and assumptions based on race. Additionally, there is a microaggression when a character says, 'You are Chinese, right?' and makes a comment about 'the yin and the yang,' which is an ethnic stereotype. These instances indicate both explicit and implicit references to racial prejudice."
ER,9,2,ERS09E02,No,
ER,9,3,ERS09E03,No,
ER,9,4,ERS09E04,Yes,"There are several implicit references to race and possible racial prejudice. For example, the use of the term 'riffraff' in relation to hospital security, the 'dirt-ball index' (DBI) which is explained as 'big dog, lots of tattoos' and specifically called out for a Latino patient, and the mention of 'no prison tats' which 'count double.' These comments rely on stereotypes and may imply bias based on appearance and ethnicity. Additionally, there is a brief exchange about Asian roots (kudzu) and a joke about 'Mexican tag' in relation to a hangover, which could be seen as playing on ethnic stereotypes. While none of these are overt discussions of racism, the presence of microaggressions, stereotypes, and coded language about race and ethnicity suggest that the topic is at least implied."
ER,9,5,ERS09E05,No,
ER,9,6,ERS09E06,Yes,"There are explicit references to racism and racial prejudice in the subtitles. For example, a character uses the racial slur 'gook bitch' towards an Asian doctor, which is a direct instance of racism. Additionally, there are exchanges that reference racial stereotypes and microaggressions, such as 'Stay away from me, chocolate homo,' which combines both racial and homophobic slurs. These moments indicate the presence of racism and racial prejudice in the episode."
ER,9,7,ERS09E07,Yes,"There are several implicit and explicit references to racism, racial prejudice, and systemic inequalities. The storyline involving Tong-yi, the nanny from China, touches on issues of trafficking, indentured servitude, and fear of deportation, which are tied to racial and ethnic discrimination. The discussion about her living situation, her relationship with her employers, and the threat of losing her child are all rooted in systemic inequalities and prejudices faced by immigrant women of color. Additionally, the need for translation and the assumption about her English proficiency reflect microaggressions and implicit bias. The episode also mentions 'slavery' and 'trafficking in persons,' which are directly related to racialized exploitation."
ER,9,8,ERS09E08,No,
ER,9,9,ERS09E09,No,
ER,9,10,ERS09E10,No,
ER,9,11,ERS09E11,Yes,"There are several implicit references to racism and racial prejudice in the subtitles. For example, Dr. Romano makes a disparaging remark about Dr. Kovac's medical credentials by asking, 'Did anyone bother to verify that there really are medical schools in Croatia?', which implies xenophobia and possible ethnic bias. There is a scene involving Jose, who is described as 'illegal,' referencing his undocumented status and the associated systemic inequalities and prejudices faced by immigrants. Additionally, there are microaggressions and stereotyping when discussing whether certain workers are 'fresh off the boat,' which is a racially charged phrase. The interactions between Dr. Pratt and security, as well as the police, may also imply racial profiling, given the context and tone. These elements suggest the presence of racism or racial prejudice, both explicit and implicit."
ER,9,12,ERS09E12,No,
ER,9,13,ERS09E13,Yes,"There are several references suggesting the presence of racism or racial prejudice. Explicitly, an exchange occurs where someone says, 'You don't like it, go back to Croatia,' which is a xenophobic and racially charged remark. There is also a scene where a doctor brings in a gunshot victim and is asked, 'This guy a friend of yours?' and responds, 'We're not all related,' which implies racial stereotyping, as the victim is described as an African-American male. The episode also depicts police suspicion and differential treatment toward Black characters involved in a shooting, and the narrative includes themes of systemic inequality, such as a character not being able to afford medication. These elements collectively suggest both explicit and implicit references to racism and racial prejudice."
ER,9,14,ERS09E14,Yes,"There are a few implicit references to race and ethnicity in the subtitles. One character jokes about calling the INS to have another character deported, referencing immigration status and green cards, which is tied to ethnicity and can be a form of racial prejudice or discrimination. Additionally, there is a brief exchange about a patient's ethnicity in the context of a medical diagnosis, which, while not overtly prejudiced, brings up ethnicity as a factor in medical treatment. These references, especially the INS threat, suggest the presence of racial prejudice or the potential for discrimination."
ER,9,15,ERS09E15,Yes,"There is an explicit reference to race when a character shows a picture of her son and says, 'He's black.' Another character clarifies, 'Half. Okay, okay. Asian-African-American. It's a great combination.' This directly references the child's racial background and mixed ethnicity. Additionally, there are some indirect references to possible prejudice or stereotyping, such as a character mentioning that the FAA and Coast Guard won't give her information and saying, 'They think I'm a terrorist or something,' which could imply ethnic or racial profiling. These references indicate that the topic of race and racial identity is present in the episode."
ER,9,16,ERS09E16,Yes,"The subtitles contain multiple explicit and implicit references to racism and racial prejudice. There is a scene where two black doctors are stopped, searched, and interrogated by police, with dialogue referencing 'DWB. Driving while black,' and the experience of being treated as suspects due to their race. The episode discusses racial profiling, systemic inequality, and the emotional impact of these experiences. Additionally, there is the use of the racial slur 'niggas' in a tense context, and a conversation about how being black means being seen as a suspect first and foremost. These elements clearly indicate the presence of racism and racial discrimination in the episode."
ER,9,17,ERS09E17,Yes,"There are several explicit and implicit references to racism and racial prejudice in the subtitles. Most notably, there is a scene where a character is shot in a hate crime because he 'wouldn't get off the bus,' and the shooter says it was 'only for Americans.' Another character then makes a prejudiced remark about the victim being a Sikh, saying 'Why's he wearing a towel on his head?' and another responds, 'He was Sikh. They're committed to nonviolence.' This exchange explicitly references racial and religious prejudice, including the use of stereotypes and xenophobic attitudes. Additionally, the episode discusses systemic issues such as the closing of clinics serving entire communities, which can be an implicit reference to systemic inequalities that often disproportionately affect racial and ethnic minorities."
ER,9,18,ERS09E18,Yes,"There are several references that suggest racism or racial prejudice. For example, the phrase 'drive it up the chocolate highway' is a racially charged euphemism. The use of 'green card' as a nickname for a med student is a microaggression that targets immigrants and their status. The phrase 'dial 10-10-Call-the-Third-World' is a derogatory reference to people from developing countries. The comment about 'affirmative-action imbeciles' is a direct reference to racial bias and stereotypes about minority professionals. Additionally, there are microaggressions and dismissive comments regarding ethnic names and backgrounds (e.g., Dr. Chen, Dr. Woo), and the piñata reference in the parking lot scene could be interpreted as a stereotype about Latino families. These examples indicate both explicit and implicit racial prejudice and discrimination."
ER,9,19,ERS09E19,No,
ER,9,20,ERS09E20,Yes,"There are several explicit and implicit references to racism and racial prejudice in the subtitles. For example, the use of the term 'affirmative-action imbecile' is a direct reference to racial prejudice in the workplace. The episode also depicts the experiences of Black characters in a violent neighborhood, referencing gang violence ('Disciples'), and the implication that certain neighborhoods are dangerous and underserved, which can be tied to systemic racial inequalities. The mention of 'la Migra' and prescribing ESL classes to a Spanish-speaking patient also touches on issues of immigration and language barriers, which are often intertwined with racial and ethnic discrimination. Additionally, the episode includes microaggressions and stereotypes, such as the assumption that a foreign athlete is not familiar with 'the Show' and the reference to 'affirmative action.'"
ER,9,21,ERS09E21,No,
ER,9,22,ERS09E22,Yes,"The episode is set in the Democratic Republic of Congo and references multiple ethnic groups (Interahamwe, Hunde, Banyarwanda, Mai Mai), as well as ongoing fighting between them. This implies ethnic and racial conflict, which is a form of racism and prejudice. The dialogue also touches on systemic inequalities, such as lack of medical resources and the impact of war on local populations, which are often tied to racial and ethnic discrimination. The mention of women being raped and children starving in the context of war further suggests the targeting of specific groups, which is frequently racially or ethnically motivated. While there are no explicit racial slurs or direct discussions of racism, the context and references to ethnic conflict and its consequences make the topic of racism and racial prejudice implicitly present."
ER,10,1,ERS10E01,Yes,"There are several explicit and implicit references to racism and racial prejudice in the subtitles. For example, Neela Rasgotra, an Indian medical student, is subjected to racially insensitive comments such as 'Don't we hire Americans anymore?' and 'One of those University of Calcutta carpetbaggers you people insist on hiring.' Additionally, Dr. Romano makes a stereotypical comment about Neela's father being a 'drug lord' and building a Yale library wing with 'poppy profits.' These remarks are clear examples of racial prejudice and stereotyping. There are also microaggressions and dismissive attitudes toward Neela's ethnicity and background, suggesting the presence of racism and racial discrimination."
ER,10,2,ERS10E02,Yes,"The subtitles contain several implicit references to racism, racial prejudice, and systemic inequalities. The episode is set in the Congo during a time of conflict and genocide, which itself is often rooted in ethnic and racial tensions. There are mentions of Westerners being seen as enemies and foreigners looting Congo's resources, reflecting racial and colonial dynamics. The line 'Most of them don't know about shoes' is a microaggression and stereotype about Congolese people. The depiction of refugees, the lack of international attention ('Nobody at home gives a damn what happens out here'), and the power dynamics between Western aid workers and local people all imply systemic racial inequalities and prejudices. Additionally, the episode references mass violence and rape, which are often exacerbated by ethnic and racial divisions."
ER,10,3,ERS10E03,No,
ER,10,4,ERS10E04,Yes,"There is an explicit instance of racism in the subtitles: a patient says, 'What, a Chink now? What is this, the damn U.N.?' when an Asian doctor is about to treat him. This is a racial slur and a clear example of racism. Additionally, there are some implicit references, such as 'fresh off the boat' and 'white-bread Iowa or wherever,' which can carry racial or ethnic connotations, though less explicitly than the slur."
ER,10,5,ERS10E05,Yes,"There are several implicit references to racial issues in the subtitles. For example, the phrase 'We weren't supposed to discharge until the labs were back. Yeah, that's why Triage looks like a refugee camp.' uses 'refugee camp' as a metaphor for overcrowding, which can be seen as an insensitive reference to displaced populations, often racialized. The line 'The whole staff should go to the Dark Continent.' refers to Africa using a colonial-era, racially loaded term. Additionally, the comment 'No x-rays in the Congo.' and the discussion about working in Africa reference systemic inequalities in healthcare between Western and African contexts. The use of 'Taliban pigs!' as an insult, while not a racial slur per se, is a prejudiced and xenophobic reference to Middle Eastern/South Asian identity. The episode also features a character named Neela, who is asked about her English proficiency ('She speaks English pretty good. Better than you, in fact.'), which can be interpreted as a microaggression. These examples suggest the presence of racial prejudice, stereotypes, and systemic inequalities."
ER,10,6,ERS10E06,Yes,"There are a few moments that suggest the presence of racial or ethnic prejudice, both explicitly and implicitly. First, there's a line where a character says, 'I escaped, you Nazi,' which, while not a racial slur, invokes a term associated with extreme racist ideology. More significantly, there is a discussion about organ donation: 'I've heard minority families seldom agree to organ donation.' This is an explicit reference to racial or ethnic differences in medical decision-making, which can carry implications of stereotype or bias. Additionally, there are subtle references to systemic inequalities, such as the discussion about shutting down a lead eradication program (which disproportionately affects minority communities) in favor of expensive neonatal care, and the mention of lack of profit in developing drugs for malaria because 'there's no profit in treating poor people,' which is often a code for racialized global health disparities. There are also references to xenophobia and cultural differences ('They're a little distant, bordering on xenophobic'). All these elements together indicate that issues of race, ethnicity, and prejudice are present or implied in the episode."
ER,10,7,ERS10E07,Yes,"There are several explicit and implicit references to race and racial prejudice in these subtitles. For example, the phrase 'affirmative-action hero' is a direct reference to race-based hiring or promotion, often used derogatorily. The phrase 'Ebony and Ivory can go into the sunset' is a racialized comment referencing the skin color of two characters, likely implying one is Black and one is White, and is used in a dismissive way. These references suggest the presence of racial prejudice and stereotypes in the episode."
ER,10,8,ERS10E08,Yes,"There is an implicit reference to racism or racial prejudice in the exchange about the Brundy County Sheriff's Posse, where a character asks if it is 'some sort of clan,' which is a play on the word 'Klan' (referring to the Ku Klux Klan, a white supremacist group). This joke relies on the association of a sheriff's posse with the KKK, implying racial prejudice or at least invoking the idea of racism. Additionally, there are several moments where characters' ethnic backgrounds are referenced (e.g., Indira being asked to take the Rolex to the helipad and being told 'I don't blame you for being scared. The last thing you need is to lose another limb up there,' which could be interpreted as a microaggression or stereotype, though it is not explicit). Given the instruction to answer 'Yes' if there is any doubt, the answer is Yes."
ER,10,9,ERS10E09,Yes,"There are several implicit references to race and ethnicity throughout the subtitles. For example, Neela is asked about her background ('Punjabi. She's Indian.'), and later discusses how people stereotype her as 'the sweet Indian girl' or 'the well-educated British girl,' noting that she doesn't fit any of those boxes. This conversation directly addresses racial and ethnic stereotyping and the experience of being judged or categorized based on race or ethnicity. Additionally, there is a mention of a kid being called 'Osama' in gym class, which is an example of a microaggression or racialized nickname, likely referencing Osama bin Laden and implying prejudice based on perceived ethnicity or religion. These examples suggest the presence of racial prejudice and stereotyping, both explicit and implicit."
ER,10,10,ERS10E10,Yes,"There are several implicit and explicit references to racism, racial prejudice, and systemic inequalities throughout the episode. The dialogue includes discussions about imperialism, colonialism, and the impact of American and European intervention in African countries, which are inherently tied to histories of racial discrimination. There are references to 'Third World' stereotypes and jokes about voodoo masks and 'satanic rituals,' which perpetuate racial and cultural stereotypes. The story of Kem's father being killed because he was a Banyamulenge in a Mai Mai area directly references ethnic violence and prejudice. The episode also discusses systemic inequalities in access to healthcare, particularly for Africans, and the challenges of getting life-saving drugs due to international policies and economic disparities, which are often rooted in racial and colonial histories. Additionally, the use of terms like 'tribal shaman's box,' 'Third World care package,' and 'Toys for Third World tots' reflect microaggressions and stereotypes about African people and cultures."
ER,10,11,ERS10E11,No,
ER,10,12,ERS10E12,No,
ER,10,13,ERS10E13,No,
ER,10,14,ERS10E14,Yes,"There are several implicit references to race and ethnicity throughout the subtitles. For example, there's a joke about 'nature likes genetic diversity. We should make him marry an Asian or Hispanic girl,' which, while not overtly racist, invokes racial categories in a way that could be seen as stereotyping or microaggressive. There's also a reference to a character not having a Social Security number and the threat of 'la migra's gonna kick your ass out,' which touches on issues of immigration and systemic discrimination. Additionally, the mention of Kem returning to Kisangani to save HIV patients alludes to her African background, and there is a brief mention of Korean food, which may indicate ethnic diversity among characters. While none of these are explicit acts of racism, the presence of racial and ethnic references, stereotypes, and the threat of deportation suggest the topic is at least implied."
ER,10,15,ERS10E15,No,
ER,10,16,ERS10E16,Yes,"There are several references that suggest the presence of racism or racial prejudice. First, there is a joke about a 'Big Black Lesbian' support group, which is both racially and sexually charged and is immediately called out as bigoted and homophobic. Later, Frank, while under sedation, reminisces about his army unit, saying 'Half of my unit was black. They were all cocky SOBs, just like you,' which invokes racial stereotypes and is met with a sarcastic response about 'some of your best friends.' Finally, after Frank's surgery, a character explicitly calls him 'a bigot,' confirming that racial prejudice is a known trait of his. These examples include both explicit and implicit references to racism and racial prejudice."
ER,10,17,ERS10E17,No,
ER,10,18,ERS10E18,Yes,"There are implicit references to racial and ethnic identity, such as the use of Spanish ('hija', 'lindo', 'mija'), and the presence of Latino family members. However, the most significant suggestion of racial or ethnic prejudice comes at the end, when Dr. Weaver (who is not a blood relative) is denied access to her son by Sandy's family, who say 'We're his blood relatives.' While this is not explicitly about race, it strongly implies issues of prejudice or discrimination based on family, ethnicity, or cultural background, especially given the context of a same-sex, interracial couple and the tension over parental rights. Additionally, the episode features a homeless man whose situation may reflect systemic inequalities, and there are references to military service and the lack of support for veterans, which can intersect with racial and social justice issues. Given these implicit references and the instructions to answer Yes if there is any doubt, the answer is Yes."
ER,10,19,ERS10E19,Yes,"There is an explicit discussion of race and racial prejudice when Dr. Pratt is accused of sexual harassment. During the conversation, another character says, 'Scared the big black doctor's gonna bend over the bed...' and Pratt responds, 'Don't you turn this into a race issue.' Pratt then says, 'When you're black, it's always an issue.' This exchange directly references the experience of racial bias and how race can affect perceptions and accusations. This is an explicit mention of racism and racial prejudice within the episode."
ER,10,20,ERS10E20,No,
ER,10,21,ERS10E21,Yes,"There are several implicit references to racial stereotypes and prejudice. For example, when discussing birth outcomes, a character says, 'Would you rather be born on the filthy dirt floor of a primitive mud hut in Central Africa, or in a modern hospital...?' This statement uses a negative stereotype about Africa and implies a racialized view of healthcare and living conditions. Additionally, the mention of 'Kivu' and 'Kinshasa' (locations in Africa) in a context that contrasts them with American medical care further implies racial and cultural bias. There is also a reference to a neighborhood (Morgan Taylor Homes) where a character jokes about needing 'an armored personnel carrier and a squad of Rangers' to visit, which can be read as an implicit stereotype about predominantly Black or marginalized communities being dangerous. These examples suggest the presence of racial prejudice and stereotypes, even if not explicitly discussed as racism."
ER,10,22,ERS10E22,Yes,"There are several implicit references to race and racial prejudice in the subtitles. For example, the phrase 'your DUI ghetto kid' is a stereotype that connects criminality and poverty to race, especially in the context of urban America. The discussion about growing up in Cabrini-Green versus Winnetka also invokes racial and socioeconomic disparities, as Cabrini-Green is a historically Black, low-income housing project, while Winnetka is an affluent, predominantly white suburb. The use of 'brother' in a context that is immediately rejected ('you sure as hell ain't my brother') can be read as a reference to racial identity. Additionally, the episode includes characters with ethnic surnames (e.g., Lopezes) and some discussion of systemic inequalities (e.g., court custody decisions referencing 'conservative judge' and 'heterosexual couple'), which may intersect with racial bias. There is also the use of 'ghetto' as a descriptor, which is often racially coded. While there are no explicit racial slurs, the presence of these stereotypes, coded language, and references to systemic inequalities suggest that the topic of racism or racial prejudice is at least implied."
ER,11,1,ERS11E01,No,
ER,11,2,ERS11E02,Yes,"There are several implicit and explicit references to racial and ethnic issues. The episode includes the story of Tesoro, a girl trafficked from Mexico, which involves themes of exploitation of immigrants and systemic inequalities faced by undocumented children. There are also scenes involving Neela and her family, who are South Asian immigrants, discussing cultural expectations and economic pressures, which touch on issues of ethnicity and immigrant experience. Additionally, there are moments where language barriers and assumptions about patients' backgrounds (e.g., Marta not speaking English, references to her 'aunt' keeping girls) imply racial and ethnic prejudice or stereotyping. The mention of organizations trafficking girls based on ethnicity further supports the presence of racial discrimination."
ER,11,3,ERS11E03,Yes,"There is an implicit reference to racial prejudice when Alex calls Luka a 'Slav bastard.' The term 'Slav bastard' is a derogatory ethnic slur aimed at Luka's Eastern European background, suggesting prejudice based on ethnicity. Additionally, the episode includes several moments where characters discuss their backgrounds and experiences (e.g., Neela mentioning she's 'not even American' and her difficulties finding work), which may imply challenges related to being an immigrant or outsider, sometimes connected to racial or ethnic bias."
ER,11,4,ERS11E04,No,
ER,11,5,ERS11E05,No,
ER,11,6,ERS11E06,No,
ER,11,7,ERS11E07,No,
ER,11,8,ERS11E08,No,
ER,11,9,ERS11E09,Yes,"There are several references that imply issues of race and ethnicity. For example, the character Jing-Mei Chen is called by her Chinese name repeatedly and there is a tense exchange about Chinese cultural values regarding elders and euthanasia ('You're not Chinese.' 'Oh. So it's Chinese to euthanize your elders.' 'It's Chinese to respect them.'). This dialogue touches on cultural stereotypes and assumptions about Chinese people and their values. Additionally, Dr. Agbo is mentioned as a 'junior fella, sweaty palms,' and his name suggests he may be of African descent, though there is no explicit racial prejudice shown toward him in the text. There are also microaggressions and stereotypes present, such as the comment about Sikhs not having Christmas, which touches on assumptions about ethnicity and religion. While there are no explicit racial slurs or direct discussions of racism, the presence of these cultural references, stereotypes, and microaggressions means the topic is at least implied."
ER,11,10,ERS11E10,Yes,"There are several implicit and explicit references to race and racial stereotypes in these subtitles. For example, the phrase 'Hispanic panic' is a stereotype about Hispanic patients. There are multiple references to 'gang wars' and 'the 'hood,' which are often racialized in media. The line 'Scared of big black men, huh?' directly references racial perceptions and fear. There is also a scene where a character is called 'homey' and another says 'I bet you like hip-hop too. Mr. Cool Guy,' which are stereotypical associations with Black culture. These examples suggest the presence of racial prejudice and stereotypes, both in dialogue and characterization."
ER,11,11,ERS11E11,No,
ER,11,12,ERS11E12,No,
ER,11,13,ERS11E13,Yes,"There is an implicit reference to racial prejudice and bullying. In the case of Thomas, the injured child, Casey says, 'They had a thing about his clothes. I gave him my shirt yesterday, but they still wouldn't leave him alone.' The context suggests that Thomas was targeted and abused by a group of sixth graders for being different, and while race is not explicitly mentioned, the language and situation imply the possibility of racial or ethnic-based bullying or discrimination. Additionally, the episode includes discussions of systemic inequalities, such as references to county hospitals, funding issues, and demographic data collection, which can be related to racial disparities in healthcare. Given the instruction to answer 'Yes' if there is any doubt, the answer is Yes."
ER,11,14,ERS11E14,No,
ER,11,15,ERS11E15,Yes,"There is an explicit reference to racial prejudice when Morris accuses a black patient of looting during a riot, and Pratt calls him out for making assumptions about 'every black kid here.' This exchange directly addresses racial bias and stereotyping in the ER setting. Additionally, the episode includes a scene where a child pretends an adult is his father, possibly implying issues around family structure and social services in a 'crappy neighborhood,' which could be interpreted as touching on systemic inequalities often associated with race and ethnicity."
ER,11,16,ERS11E16,Yes,"There are several implicit references to race and ethnicity throughout the subtitles. Michael Gallant refers to himself as 'the tall, good-looking black guy,' which is an explicit mention of race. There are also discussions about the treatment of Iraqi civilians versus U.S. soldiers, with policies that restrict care for non-Americans and dialogue about the lack of resources for local hospitals, which can be seen as systemic inequalities based on nationality and, implicitly, ethnicity. Additionally, the mention of 'good Iraqi or bad Iraqi' and the suspicion about 'human bombs' reflect prejudices and stereotypes about Iraqis. These elements together suggest the presence of racial and ethnic prejudice and systemic discrimination."
ER,11,17,ERS11E17,Yes,"There are several implicit references to racism and racial prejudice in the subtitles. The episode discusses violence prevention programs in Chicago, with mentions of gun violence affecting children, particularly Victor Hopkins, who is bullied and shot at school, and whose mother feels compelled to give him a gun for protection. These situations often reflect systemic racial inequalities and stereotypes about violence in urban communities. The mention of the Ceasefire program and the dialogue about 'leveling the playing field' and 'stigmatizing violence' are often associated with efforts to address racial disparities in public health and safety. Additionally, the presence of an Iraqi mother and daughter seeking medical care and references to military service in Iraq may touch on issues of ethnicity, war, and prejudice. While the episode does not explicitly mention racism or use racial slurs, the context and situations described strongly imply the presence of racial prejudice and systemic discrimination."
ER,11,18,ERS11E18,Yes,"The episode contains both explicit and implicit references to racism, racial discrimination, and prejudice. The storyline involving Elena Tabajas and her son Santiago deals directly with issues of immigration, deportation, and the dangers faced by undocumented immigrants, including references to violence against suspected gang members in El Salvador. The episode also discusses systemic inequalities, such as lack of access to healthcare for uninsured and marginalized patients, and mentions the broken healthcare system, especially in underserved communities like Harlem and the South Bronx. There is also a discussion about late cancer diagnoses in certain communities, which implicitly references racial and socioeconomic disparities in healthcare access and outcomes. Additionally, microaggressions and stereotypes are present, such as the use of 'homey' and the discussion about panhandling and employment opportunities. All these elements suggest the presence of racism, prejudice, and systemic discrimination."
ER,11,19,ERS11E19,Yes,"While there are no explicit discussions of racism, racial discrimination, or racial prejudice in the subtitles, there are several moments that suggest implicit bias and potential microaggressions. For example, Mr. Rubadoux questions Dr. Rasgotra's credentials with 'You're a doctor? You got a high school diploma?' and later refuses care from her, which may imply prejudice based on her ethnicity or gender. There are also references to patients from marginalized backgrounds, such as panhandlers and residents of West Garfield (a neighborhood often associated with racial and socioeconomic challenges), and the involvement of Ceasefire, a violence prevention program typically focused on communities of color. The episode depicts systemic issues and attitudes that can be linked to racial bias, even if not overtly named. Given these implicit references, the answer is Yes."
ER,11,20,ERS11E20,Yes,"There are several implicit references to racism and racial prejudice. The sickle cell patient, Eugene, is described as a 'frequent flyer' who 'knows how to work the system,' which can reflect racial stereotypes about Black patients and pain medication seeking. Sickle cell disease disproportionately affects Black people, and the dismissive attitude toward his pain and medication needs is a known form of racial bias in healthcare. Additionally, the dialogue among some characters uses coded language and references to urban life, parties, and 'gigs,' which, in the context of ER, often implies racial and socioeconomic undertones. There are also moments where microaggressions and systemic inequalities are implied, such as the discussion about tenure and meritocracy, which can be tied to racial disparities in professional advancement, though not stated explicitly. Given these implicit cues, the topic is present."
ER,11,21,ERS11E21,Yes,"There are implicit references to race and the challenges faced by interracial families. For example, Kem describes her childhood as a 'novelty' because of her 'very white mother, my black father, with their little brown girl,' and notes 'it wasn't easy for them.' This suggests experiences with racial prejudice or discrimination. Additionally, there are references to Africa and the Congo, and some dialogue (e.g., Frank's dismissive 'Kenya, Congo. It's all mosquitoes...') could be interpreted as racially insensitive or stereotypical. These elements indicate that issues of race and racial dynamics are present in the episode."
ER,11,22,ERS11E22,No,
ER,12,1,ERS12E01,No,
ER,12,2,ERS12E02,Yes,"There are several moments that suggest the presence of racism or racial prejudice. One character makes a joke about Native American heritage ('If making jokes at the expense of those with Native American heritage...'), which is an explicit reference to racial/ethnic stereotyping. Additionally, there are interactions involving Dr. Pratt and another Black character (Drew Filmore) that, while not explicitly about race, may imply family tensions that could be related to racial identity, especially given ER's history of exploring such topics. There is also a reference to 'huddled together like prairie dogs' when discussing residents, which could be interpreted as a microaggression depending on the context and the racial makeup of the group. Given the instruction to answer Yes if there is any doubt, the episode contains enough explicit and implicit references to racism or racial prejudice."
ER,12,3,ERS12E03,No,
ER,12,4,ERS12E04,No,
ER,12,5,ERS12E05,Yes,"There are several implicit references to race and racial prejudice. The mention of 'CeaseFire' and Charlie Pratt's work with 'rehab houses for poor people' and running a basketball league for kids in a disadvantaged area suggests engagement with issues that often intersect with race and systemic inequality in urban settings. There is also a line 'Don't go Al Sharpton on his ass,' which is a direct reference to a prominent African American civil rights activist, used in a context that could be seen as dismissive or stereotypical. Additionally, the carjacking and violence described in Blaire's story, while not explicitly racial, is a scenario often depicted with racial undertones in media. The episode also features a diverse cast and some dialogue that touches on cultural backgrounds (e.g., Rasgotra's reference to Croatia and opportunities in Chicago), which can imply racial or ethnic dynamics. Given these elements, the topic of racism or racial prejudice is at least implied."
ER,12,6,ERS12E06,No,
ER,12,7,ERS12E07,No,
ER,12,8,ERS12E08,No,
ER,12,9,ERS12E09,Yes,"There is an explicit reference to racial prejudice and discrimination in the storyline involving K.J., a black teenager accused of theft. The chief of security assumes K.J. is the culprit without evidence, and the characters discuss how black people are unfairly targeted regardless of their behavior or achievements. Phrases like 'it always all comes down to the black check, doesn't it?' and 'cops pull you over for driving through a white neighborhood' directly address systemic racism and racial profiling. The episode includes both explicit discussion and implicit acknowledgment of racial bias and discrimination."
ER,12,10,ERS12E10,Yes,"There are several implicit and explicit references to race and racial prejudice in the subtitles. For example, Frank makes a dismissive comment about Kwanzaa ('What the hell is Kwanzaa anyway? Some made-up thing like Flag Day?'), which trivializes an African-American holiday and can be seen as racially insensitive. There is also a joke about buying kente cloth and salesgirls using it to wipe themselves, which references an African textile in a mocking way. The discussion about a PC holiday party because 'some employee complained that our company only celebrates Christmas' suggests underlying issues of inclusion and possibly racial or cultural bias. Additionally, there are references to neighborhoods being 'dangerous' and the shooting involving young people, which, in the context of ER, often implies racialized urban violence. These examples indicate that the topic of racism, racial discrimination, or racial prejudice is at least implied."
ER,12,11,ERS12E11,No,
ER,12,12,ERS12E12,Yes,"There are several explicit and implicit references to race and racial identity. For example, one character says, 'She's smart, beautiful, funny, black. Sorry, African-American. But I've never dated a sister before,' and another responds, 'Please don't say that.' This exchange directly references race and racial terminology, as well as discomfort and microaggressions around interracial dating and language. Additionally, a character asks for 'tips on dating black chicks,' and another responds, 'I'm not asking you because you're black,' which again brings up race and racial identity in interpersonal relationships. These moments suggest the presence of racial topics, including prejudice, stereotypes, and microaggressions."
ER,12,13,ERS12E13,No,
ER,12,14,ERS12E14,Yes,"There are explicit and implicit references to race and racism in the subtitles. For example, a character refers to another as a 'wetback boyfriend' and 'chimichanga', which are racial slurs directed at people of Latin American descent. There's also a discussion about an 'African-American girlfriend' being auctioned for 'rich white women to bid on', which references racial dynamics and stereotypes. Additionally, the beating of a homeless Black man by 'dumb kids' may implicitly reference racially motivated violence, and the discussion of blues musicians and family history touches on African-American cultural heritage."
ER,12,15,ERS12E15,Yes,"The subtitles contain explicit and implicit references to racism, racial discrimination, and systemic inequalities. The Darfur storyline discusses the genocide, referencing the government funding Arab militias to kill, rape, and displace black Africans, and directly states, 'When the faces are black, the world moves slow,' highlighting racial prejudice and the world's slow response to black suffering. The Janjaweed's attacks, the mention of New Orleans, Somalia, and Rwanda, and the depiction of refugees and systemic violence all point to racialized violence and discrimination. Additionally, in the U.S. hospital setting, there are references to a black suspect, a black doctor discussing the disproportionate suspicion and treatment of black men, and the line 'Million of brothers drive blue pickups,' which implicitly refers to racial profiling. These elements together indicate that the episode addresses racism and racial prejudice both explicitly and implicitly."
ER,12,16,ERS12E16,No,
ER,12,17,ERS12E17,Yes,"There are explicit references to racism and racial prejudice in the episode. For example, Mahir was beaten up at school after 9/11 for being Muslim and called a terrorist, which is a clear instance of racial/religious discrimination and prejudice. Additionally, the family's experience as immigrants trying to adjust and fit in, and the mention of seeking justice and freedom in a new country, implicitly touch on themes of systemic inequality and bias faced by ethnic minorities. The episode also discusses an 'honor killing,' which, while primarily a cultural issue, is often tied to ethnic and religious identity and can be associated with stereotypes and prejudice."
ER,12,18,ERS12E18,Yes,"There are several implicit references to racism and racial prejudice in the subtitles. The storyline involving Deshawn, a deaf Black teenager, shows police assuming he is a dangerous criminal, restraining him, and not realizing he is deaf or able to communicate via sign language. The police later apologize for mistaking his signing for gang signs, which is a clear example of racial profiling and prejudice. Additionally, there are subtle references to social and economic disparities, such as the mention of moving to a wealthy neighborhood as a result of a job, and the discussion of being a 'dirty little secret' in a family context, which may hint at issues of acceptance and possible prejudice. These elements together suggest the presence of racism and racial prejudice in the episode."
ER,12,19,ERS12E19,Yes,"The subtitles explicitly reference the Darfur conflict, mentioning mass killings, rape, and displacement of people on a political and massive scale, which is rooted in ethnic and racial violence. The term 'genocide' is used, and the Janjaweed militia is referenced, known for racially and ethnically motivated attacks. Additionally, there are discussions about internally displaced persons (IDPs) and the systemic inequalities faced by those in Darfur. These references clearly indicate the presence of racism, racial discrimination, and prejudice both explicitly and implicitly."
ER,12,20,ERS12E20,Yes,"The subtitles explicitly reference issues of racism and racial prejudice. For example, Pratt asks, 'Oh, Pratt, I expected so much more from you. Ah. - Why? Because I'm black? - No, because you are smart.' This exchange directly raises the issue of racial bias. Additionally, the episode is set in Darfur and depicts systemic inequalities, violence by the Janjaweed, and the struggles of aid workers and locals, which implicitly reference racial and ethnic conflict, discrimination, and prejudice. The mention of international aid being withdrawn, the reference to Katrina, and the depiction of the suffering of Darfur's population all point to systemic inequalities and racialized violence. There are also microaggressions and stereotypes discussed, such as the line 'They told you a brother was coming, you expected Marcus Garvey?' and references to being American and black, further suggesting the presence of racial themes."
ER,12,21,ERS12E21,No,
ER,12,22,ERS12E22,No,
ER,13,1,ERS13E01,No,
ER,13,2,ERS13E02,No,
ER,13,3,ERS13E03,Yes,"There are several references that suggest the presence of prejudice and discrimination, including explicit mentions of 'homophobes and bigots' and a character's family rejecting him for his sexuality. While these are focused on homophobia, there are also implicit references to racial issues: the mention of 'Rodney King all over again' alludes to police brutality and racial injustice, and the use of 'Obama gonna see this' references the then-prominent Black political figure, Barack Obama, in a context that may imply racial awareness or tension. Additionally, the episode includes characters from diverse backgrounds (e.g., Soledad Gutierrez, an immigrant from Guatemala) and touches on their struggles to adjust and find community, which can be associated with experiences of racial or ethnic prejudice. The presence of these references, both explicit and implicit, means the topic is mentioned or implied."
ER,13,4,ERS13E04,Yes,"There are several implicit references to race and ethnicity throughout the episode. For example, the character Luis Escobar is introduced with a Latino name and is treated as a trauma patient, but there is no overt racial prejudice in his medical care. More notably, there is a scene where Dr. Pratt says, 'I got a feeling the white mom's got a fracture,' which suggests awareness of racial identity in a context that could imply bias or stereotyping. Additionally, the use of phrases like 'dog boy' and the correction 'he's not my dog and he's not my boy. And we don't use the two together' may hint at sensitivity to language that could have racial undertones, especially given the history of such terms. The episode also includes scenes with nannies discussing their work for wealthy families, which often carries implicit racial and class dynamics, especially in urban settings like Chicago. While there are no explicit racial slurs or direct discussions of racism, the presence of these implicit references and the instruction to answer 'Yes' if there is any doubt leads to the conclusion that the topic is at least implied."
ER,13,5,ERS13E05,Yes,"There are several implicit references to racism and racial prejudice in the subtitles. For example, the conversation about the NBA includes stereotypes ('Now it's all a bunch of gangsters with tattoos. And cornrows.') which are racialized and invoke negative stereotypes about Black athletes. Additionally, there is dialogue referencing the South Side and the Gold Coast, which are Chicago neighborhoods often associated with racial and socioeconomic divides, and the way Dr. Pratt is questioned about his car and living situation implies assumptions based on race. These elements suggest the presence of racial prejudice and stereotyping, even if not the central focus of the episode."
ER,13,6,ERS13E06,Yes,"There is an implicit reference to racial prejudice when a character says, 'No, Neela's weird. Indian and Brit? Bad combination.' This comment references Neela's ethnicity and nationality in a negative, stereotypical way, suggesting racial bias or prejudice. Additionally, the episode includes a diverse cast and touches on issues of systemic inequality, such as lack of insurance and access to healthcare, which can be connected to racial disparities, though not explicitly stated as racial discrimination."
ER,13,7,ERS13E07,Yes,"There are several references that suggest the presence of racism, racial prejudice, or systemic racial inequalities. For example, the discussion about the National Health Plan and patients who can't afford care implies systemic inequalities that disproportionately affect racial minorities. The drug-exchange program at the church is described as helping people who can't afford medication, and Dr. Pratt points out that enalapril is not the first drug of choice for 'black folks with high blood pressure,' explicitly referencing racial disparities in healthcare. Additionally, the dialogue about the community being 'shackled by a system over which they have no control' and the presence of a predominantly Black church congregation further imply systemic racial issues. There are also microaggressions and potentially racially charged language (e.g., 'don't sir me, bitch,' 'young brother in the back,' and references to being treated 'like a stepchild'), which could be interpreted as implicit references to racial bias or prejudice."
ER,13,8,ERS13E08,No,
ER,13,9,ERS13E09,No,
ER,13,10,ERS13E10,Yes,"There are both explicit and implicit references to race and racial identity. For example, there's a line: 'Yeah. And you're not my only black friend,' which suggests awareness of racial dynamics and possibly tokenism. Additionally, there are moments where characters refer to each other as 'a brother taking his education seriously,' which is a racialized compliment. The episode also features Angela Gilliam and her daughter Danielle, who are Black, and the narrative includes their experiences, though the main trauma depicted is sexual assault and self-harm. While there are no overt acts of racial discrimination or use of racial slurs, the presence of racial identity and subtle references to race and racial relationships are present. Given the instructions to answer 'Yes' if there is any doubt, the answer is Yes."
ER,13,11,ERS13E11,No,
ER,13,12,ERS13E12,Yes,"There are several implicit references to race and ethnicity throughout the episode. For example, there is a conversation about role models where Oprah is suggested for Shaquita, which invokes racial stereotyping and assumptions about African American women. There's also mention of a 'sweet Mexican guy, Pablo,' which references ethnicity. The episode discusses patients and staff displaced by Hurricane Katrina, with references to New Orleans neighborhoods that are historically Black, and the struggles faced by survivors, which can imply systemic inequalities. The phrase 'Once you go black...' is a direct reference to race. Additionally, the church clinic dispensing medication is located on the South Side, a predominantly Black area in Chicago, and the investigation into the clinic may imply issues of access and systemic bias. While there are no explicit racial slurs or direct discussions of racism, these references collectively suggest the presence of racial topics, stereotypes, and systemic inequality."
ER,13,13,ERS13E13,No,
ER,13,14,ERS13E14,No,
ER,13,15,ERS13E15,Yes,"There are explicit and implicit references to racism and systemic racial inequalities. The topic of 'black-male incarceration' is directly mentioned and discussed as a sermon topic, implying awareness of racial disparities in the criminal justice system. There is a conversation about the lack of medical facilities in the inner city, specifically referencing 'black and brown people' who are underserved by the healthcare system, highlighting systemic inequalities. The episode also discusses the flawed healthcare system and the efforts to help marginalized communities, which are often racially coded. These references suggest the presence of racial prejudice and discrimination as topics in the episode."
ER,13,16,ERS13E16,No,
ER,13,17,ERS13E17,Yes,"The subtitles contain several explicit and implicit references to racism and racial prejudice. There are discussions about gang violence involving Black characters, references to growing up 'black and poor,' and a conversation where a white doctor asks a Black doctor to talk to a Black patient because of their shared race, which is called out as problematic. There are also references to stereotypes and assumptions about Black people and inner-city life, as well as a direct acknowledgment of the problematic nature of assuming all Black people relate to each other. These elements indicate the presence of racial prejudice and the topic of racism."
ER,13,18,ERS13E18,No,
ER,13,19,ERS13E19,No,
ER,13,20,ERS13E20,Yes,"There are several implicit references to race and racial prejudice. For example, the line 'They say white men can't jump, but he sure...' is a reference to a racial stereotype. The mention of 'That's what they told MLK in Los Angeles' alludes to the closure of Martin Luther King Jr. hospital, which has racial and systemic inequality implications. The phrase 'Old boys run around here' could be interpreted as referencing an 'old boys' network, which often has racial undertones in professional settings. Additionally, the presence of characters with ethnically identifiable names (e.g., Marquez, Kovac, Malik) and some dialogue about fitting in and not knowing how one fits in could imply issues of racial or ethnic identity. Given the instruction to answer Yes if there is any doubt, the answer is Yes."
ER,13,21,ERS13E21,No,
ER,13,22,ERS13E22,No,
ER,13,23,ERS13E23,Yes,"There are several implicit references to racism and racial prejudice in the subtitles. The episode discusses Homeland Security raising the threat level and the risk of terrorist activity, which is often associated with racial profiling and discrimination, especially post-9/11. There is mention of a character who served as an interpreter in Iraq, translating during interrogations where prisoners were beaten and tortured, many of whom were innocent and not listened to, suggesting systemic prejudice and dehumanization based on ethnicity. The episode also references the diversity of faces at a rally, 'faces of every different color,' which implies a focus on race and inclusion. While there are no explicit racial slurs or direct discussions of racism, these elements suggest the presence of racial prejudice and systemic inequalities."
ER,14,1,ERS14E01,No,
ER,14,2,ERS14E02,Yes,"There are several references that suggest the presence of racism or racial prejudice. The episode includes explicit mention of racial identity (e.g., 'Wow, black and Jewish. You're like County's own Sammy Davis, Jr.'), use of ethnic slurs ('All they see is another spic.'), and discussion of how the legal system does not work for 'guys like me,' implying systemic bias against Latino individuals. There are also references to stereotypes (e.g., 'descends from a tribe of Gypsy whores,' 'your tribe loves the fruit of the vine'), and concerns about being believed by authorities due to ethnicity. These elements indicate both explicit and implicit references to racism, prejudice, and discrimination."
ER,14,3,ERS14E03,No,
ER,14,4,ERS14E04,No,
ER,14,5,ERS14E05,No,
ER,14,6,ERS14E06,No,
ER,14,7,ERS14E07,Yes,"There are two explicit references to racism or racial prejudice in the subtitles. The character Frank twice refers to 'Pakis' in a derogatory way when blaming power issues on 'the Pakis,' which is a racial slur and an example of racial prejudice. Additionally, there are some implicit references to ethnicity (e.g., mentioning Jewish New Year, Native American culture), but the explicit use of a racial slur is clear evidence of racism or racial prejudice being present."
ER,14,8,ERS14E08,Yes,"There is an explicit discussion of racism: a character says, 'White America is so racist. It's such a shame.' and references the Watts riots and Obama, indicating a conversation about systemic racism in America. This is a clear mention of the topic of racism."
ER,14,9,ERS14E09,Yes,"There are explicit references to racism and racial prejudice in the subtitles. For example, a character uses the racial slur 'spic' and makes derogatory comments about immigrants, such as 'You should go back to Mexico' and 'I'm gonna make sure that they deport your fruit-picking... spic-nic-on-the-side-of-the-road ass.' There are also implicit references to discrimination against undocumented workers and negative stereotypes about immigrants. The episode depicts characters experiencing and discussing racial bias and prejudice."
ER,14,10,ERS14E10,Yes,"There are a few lines that suggest implicit references to racial or ethnic stereotypes and microaggressions. For example, the comment 'It's like Calcutta around here. Calcutta on a bad day,' uses a city in India as shorthand for chaos or poor conditions, which perpetuates a stereotype. Additionally, the line 'Nothing but liquor stores and churches around here,' while not directly racial, can be interpreted as referencing a stereotype about certain urban neighborhoods, which often carries racial undertones in American media. The mention of 'Conchita' and 'Bheru' in the context of workplace injuries could also be seen as referencing ethnic names in a way that might be stereotypical. While there are no explicit discussions of racism or racial prejudice, these implicit references are enough to answer Yes."
ER,14,11,ERS14E11,Yes,"There are several implicit and explicit references to race and racial prejudice. For example, there is a conversation about assumptions regarding Indian identity and arranged marriages, where a character points out the stereotype of 'every Indian person has been to India' and compares it to assuming 'every African-American has been to Africa.' There is also a scene where Dr. Pratt, a Black doctor, expresses feeling 'invisible' and not respected, and another character asks, 'Your people getting oppressed?' which, though possibly meant as a joke, references racial oppression. Additionally, Jeanie Boulet discusses her experiences as an HIV-positive person, mentioning how even her family and colleagues treated her differently, with her aunts saying, 'We'd have to sit her in the other room to eat,' which implies prejudice and stigma, often intersecting with race and health. These examples suggest the presence of racial stereotypes, microaggressions, and references to systemic inequalities."
ER,14,12,ERS14E12,No,
ER,14,13,ERS14E13,No,
ER,14,14,ERS14E14,No,
ER,14,15,ERS14E15,No,
ER,14,16,ERS14E16,No,
ER,14,17,ERS14E17,No,
ER,14,18,ERS14E18,Yes,"There is an implicit reference to prejudice and discrimination related to gender identity, which often intersects with issues of race and ethnicity in the context of systemic inequalities and social prejudice. The storyline involving Lois/Loni, a transgender character, includes parental rejection, difficulty accessing safe medical care (having to buy hormones from Mexico), and distress over being misgendered and not accepted by family. While the episode does not explicitly mention racism or racial prejudice, the themes of discrimination, bias, and systemic barriers are present, and given the instruction to answer 'Yes' if there is any doubt or related forms of prejudice, the answer is Yes."
ER,14,19,ERS14E19,Yes,"There is an explicit reference to racial stereotyping and the sexualization of Asian women when a character says, 'You'd be amazed how much men are willing to pay for the illusion of a submissive Asian concubine.' This statement invokes a common racial stereotype and implies the character has experienced or is aware of racialized expectations and prejudices. Additionally, if there is any doubt, the instruction is to answer Yes."
ER,15,1,ERS15E01,Yes,"There are several implicit references to race and racism in the subtitles. The episode centers around the death of Dr. Greg Pratt, a Black doctor, and his brother Chaz. The grief and sense of loss Chaz expresses, especially about not knowing his brother for most of his life, can be read as touching on themes of family separation and systemic inequality. There are references to volunteering in Nicaragua and Africa, which, while primarily about medical experience, often carry undertones of discussions about global health disparities and racial/ethnic inequalities. Additionally, the episode includes a diverse cast of characters (e.g., Mrs. Escalante, Marquez, Kaya), and while there is no explicit mention of racism, the inclusion of these characters and the context of their interactions in a medical setting can imply issues of racial and ethnic diversity, bias, or microaggressions. Given the guidance to answer Yes if there is any doubt, the presence of these elements suggests that race and racial issues are at least implicitly present."
ER,15,2,ERS15E02,No,
ER,15,3,ERS15E03,No,
ER,15,4,ERS15E04,No,
ER,15,5,ERS15E05,No,
ER,15,6,ERS15E06,No,
ER,15,7,ERS15E07,No,
ER,15,8,ERS15E08,No,
ER,15,9,ERS15E09,No,
ER,15,10,ERS15E10,Yes,"The episode includes a storyline about Gloria Ortiz, an undocumented immigrant who is detained by Immigration agents while in the hospital. The narrative explicitly addresses issues of immigration enforcement, family separation, and the fear of deportation, which are often intertwined with racial and ethnic discrimination in the U.S. context. The treatment of Gloria and her family, the discussion of public perception ('Go to County, get deported'), and the staff's concern about the inhumanity of separating a mother from her newborn all imply systemic inequalities and prejudice based on ethnicity and immigration status. These are implicit references to racial and ethnic discrimination."
ER,15,11,ERS15E11,Yes,"There are several implicit references to racial issues in the subtitles. The episode features young Black characters (Jermaine and Quincy Bennett) who are involved in a drug-related shooting, have dead parents, and are in foster/group homes, which touches on systemic inequalities and stereotypes often associated with race. There's a patient with sickle-cell disease (Anastasia Johnson), a condition predominantly affecting people of African descent, and the dialogue briefly touches on pain management biases ('Aren't you worried about addiction? Would you withhold morphine from a cancer patient?'), which is a known issue in the treatment of Black patients. The undercover cop's comment 'This is Chicago, sweetie. You can't trust anyone, especially the cops' may also allude to issues of police mistrust, which can be racially charged. While not explicitly discussed, these elements imply the presence of racial prejudice and systemic racism."
ER,15,12,ERS15E12,No,
ER,15,13,ERS15E13,No,
ER,15,14,ERS15E14,No,
ER,15,15,ERS15E15,No,
ER,15,16,ERS15E16,Yes,"There are several implicit references to systemic inequalities and police brutality, particularly in the storyline involving a rookie detective who witnesses fellow officers beating a suspect in the station house. The discussion about 'police brutality,' the code of silence among officers, and the subsequent investigation into the incident all suggest issues of systemic abuse and discrimination, which are often intertwined with racial prejudice in the context of American policing. While the subtitles do not explicitly mention race or ethnicity, the context and language used ('police brutality,' 'code on the job,' 'don't turn on your own') strongly imply the presence of topics related to racism and systemic discrimination. Additionally, the mention of working in Darfur and Indonesia could touch on issues of global racial and ethnic inequalities, though these are less central to the episode."
ER,15,17,ERS15E17,Yes,"There is an explicit reference to the devaluing of black children in the context of adoption, with a character making a joke about 'picking up a six-pack of black kids' and another character calling out the devaluing of black children. This exchange directly addresses racial prejudice and the commodification of black children in adoption, which is a form of racism."
ER,15,18,ERS15E18,No,
ER,15,19,ERS15E19,Yes,"There is an implicit reference to race and possible racial prejudice in the exchange where Dr. Benton, who is Black, sees a photo of Carter's wife and says, 'You married a sister?' Carter replies that she is half Congolese and was raised in France. The use of 'sister' as a colloquial term for a Black woman, and the focus on her Congolese heritage, brings up race explicitly. While the tone is friendly, this exchange acknowledges race and racial identity, which is relevant to the prompt. Additionally, the episode features a diverse cast with some characters of color (e.g., Neela Rasgotra, Peter Benton), but there are no explicit instances of racism or racial discrimination in the subtitles. However, the prompt asks to answer 'Yes' if there is any doubt or implicit reference."
ER,15,20,ERS15E20,Yes,"There are several references that suggest the presence of racism or racial prejudice. For example, Frank mentions that when Neela first arrived, he 'said some things I shouldn't have said about her ethnic background,' and later tries to make up for it with culturally stereotypical gestures (Gandhi piñata, turbaned snake charmer), which are called out as offensive and cliché. The conversation about Neela's parents being born in India and assumptions about her culture also imply racial stereotyping. Additionally, the scene where Neela introduces herself and is met with 'Rag what?' suggests a microaggression or insensitivity regarding her name and background."
ER,15,21,ERS15E21,Yes,"There is an explicit reference to a character being Puerto Rican ('She's Puerto Rican, in her blood. And I have to work on it.'), which invokes ethnic identity and could imply a stereotype about dancing ability. While the episode does not contain overt discussions of racism or racial discrimination, the mention of ethnic background in relation to cultural traits is an implicit reference to racial/ethnic identity and stereotypes. Per instructions, if there is any doubt, the answer should be Yes."
ER,15,22,ERS15E22,No,
